Open,High,Low,Close,Adjusted Close,Volume,Dividend Amount,Split Coefficient
2023-07-19,39.245,39.28,39.1021,39.26,39.26,684821,0.0000,1.0
2023-07-18,39.06,39.37,38.97,39.25,39.25,979607,0.0000,1.0
2023-07-17,38.69,38.82,38.61,38.8,38.8,1429682,0.0000,1.0
2023-07-14,38.82,38.93,38.71,38.77,38.77,465644,0.0000,1.0
2023-07-13,38.89,38.9297,38.78,38.89,38.89,410170,0.0000,1.0
2023-07-12,38.71,38.88,38.71,38.87,38.87,802242,0.0000,1.0
2023-07-11,38.35,38.3952,38.282,38.34,38.34,405206,0.0000,1.0
2023-07-10,38.12,38.2399,38.1,38.22,38.22,1468801,0.0000,1.0
2023-07-07,38.11,38.39,38.11,38.19,38.19,601866,0.0000,1.0
2023-07-06,37.94,37.98,37.76,37.91,37.91,2194691,0.0000,1.0
2023-07-05,38.33,38.34,38.0096,38.01,38.01,1036091,0.0000,1.0
2023-07-03,38.16,38.3199,38.138,38.15,38.15,517675,0.0000,1.0
2023-06-30,37.96,38.15,37.9,38.09,38.09,894142,0.0000,1.0
2023-06-29,37.58,37.96,37.56,37.86,37.86,957336,0.0000,1.0
2023-06-28,37.88,37.97,37.76,37.88,37.88,877530,0.0000,1.0
2023-06-27,38.26,38.31,37.92,37.97,37.97,693174,0.0000,1.0
2023-06-26,38.25,38.26,38.13,38.16,38.16,410461,0.0000,1.0
2023-06-23,38.37,38.46,38.06,38.08,38.08,526808,0.0000,1.0
2023-06-22,38.12,38.23,37.96,37.98,37.98,591142,0.0000,1.0
2023-06-21,38.29,38.45,38.08,38.37,38.37,1401820,0.0000,1.0
2023-06-20,38.48,38.48,38.3,38.42,38.42,661143,0.0000,1.0
2023-06-16,38.88,39.01,38.77,38.8,38.8,1985232,0.0000,1.0
2023-06-15,38.51,38.895,38.5,38.87,38.87,998067,0.0000,1.0
2023-06-14,38.81,38.875,38.5,38.6,38.6,2283619,0.0000,1.0
2023-06-13,38.89,38.98,38.495,38.57,38.57,560703,0.0000,1.0
2023-06-12,38.83,38.87,38.6846,38.86,38.86,569420,0.0000,1.0
2023-06-09,38.97,39.04,38.83,38.9,38.9,965795,0.0000,1.0
2023-06-08,38.89,39.1,38.88,39.0,39.0,887947,0.0000,1.0
2023-06-07,38.88,39.095,38.49,38.5,38.5,836054,0.0000,1.0
2023-06-06,38.96,39.025,38.79,38.96,38.96,3190257,0.0000,1.0
2023-06-05,38.63,38.9799,38.5975,38.91,38.91,1455900,0.0000,1.0
2023-06-02,39.21,39.215,38.66,38.68,38.68,1122277,0.0000,1.0
2023-06-01,39.06,39.35,39.04,39.25,39.25,1479849,0.0000,1.0
2023-05-31,38.97,39.18,38.91,38.95,38.95,2196585,0.0000,1.0
2023-05-30,38.81,38.9601,38.71,38.91,38.91,1023932,0.0000,1.0
2023-05-26,38.68,38.735,38.48,38.66,38.66,787476,0.0000,1.0
2023-05-25,38.71,38.73,38.48,38.51,38.51,965295,0.0000,1.0
2023-05-24,39.22,39.22,38.8301,38.88,38.88,772639,0.0000,1.0
2023-05-23,39.07,39.25,38.9866,39.19,39.19,836928,0.0000,1.0
2023-05-22,39.15,39.27,39.07,39.15,39.15,755634,0.0000,1.0
2023-05-19,38.94,39.37,38.835,39.23,39.23,912369,0.0000,1.0
2023-05-18,38.91,38.94,38.7323,38.85,38.85,1028172,0.0000,1.0
2023-05-17,39.38,39.39,39.19,39.36,39.36,1451236,0.0000,1.0
2023-05-16,39.85,39.91,39.4099,39.49,39.49,1037603,0.0000,1.0
2023-05-15,40.02,40.13,39.96,39.99,39.99,592478,0.0000,1.0
2023-05-12,40.05,40.13,39.86,39.9,39.9,1007055,0.0000,1.0
2023-05-11,40.25,40.33,39.92,39.98,39.98,1120743,0.0000,1.0
2023-05-10,40.37,40.5,40.13,40.31,40.31,2122801,0.0000,1.0
2023-05-09,40.2,40.435,40.175,40.38,40.38,1298049,0.0000,1.0
2023-05-08,40.13,40.2752,40.055,40.1,40.1,676911,0.0000,1.0
2023-05-05,39.85,40.07,39.68,40.05,40.05,2394926,0.0000,1.0
2023-05-04,40.34,40.87,40.33,40.67,40.67,3358747,0.0000,1.0
2023-05-03,40.07,40.41,39.93,40.39,40.39,2102114,0.0000,1.0
2023-05-02,39.45,40.07,39.4105,40.07,40.07,2123984,0.0000,1.0
2023-05-01,39.75,39.77,39.28,39.3,39.3,1333213,0.0000,1.0
2023-04-28,39.45,39.59,39.34,39.49,39.49,1147805,0.0000,1.0
2023-04-27,39.28,39.51,39.17,39.45,39.45,2171009,0.0000,1.0
2023-04-26,39.87,39.87,39.37,39.46,39.46,1247147,0.0000,1.0
2023-04-25,39.49,39.77,39.365,39.68,39.68,1078883,0.0000,1.0
2023-04-24,39.31,39.5101,39.19,39.48,39.48,793732,0.0000,1.0
2023-04-21,39.51,39.65,39.14,39.35,39.35,1814123,0.0000,1.0
2023-04-20,39.77,39.9401,39.68,39.76,39.76,673332,0.0000,1.0
2023-04-19,39.38,39.635,39.36,39.59,39.59,808841,0.0000,1.0
2023-04-18,39.57,39.93,39.52,39.79,39.79,696811,0.0000,1.0
2023-04-17,39.69,39.71,39.32,39.63,39.63,1123756,0.0000,1.0
2023-04-14,40.18,40.25,39.55,39.79,39.79,1851585,0.0000,1.0
2023-04-13,40.52,40.66,40.37,40.5,40.5,2994346,0.0000,1.0
2023-04-12,40.06,40.07,39.72,39.98,39.98,1646311,0.0000,1.0
2023-04-11,39.69,39.83,39.65,39.78,39.78,1135228,0.0000,1.0
2023-04-10,39.55,39.58,39.34,39.53,39.53,933011,0.0000,1.0
2023-04-06,39.91,39.985,39.71,39.83,39.83,994649,0.0000,1.0
2023-04-05,40.23,40.32,39.89,40.1,40.1,1325657,0.0000,1.0
2023-04-04,39.45,40.1901,39.44,40.14,40.14,1814041,0.0000,1.0
2023-04-03,39.26,39.51,39.15,39.41,39.41,2748335,0.0000,1.0
2023-03-31,39.32,39.38,39.035,39.11,39.11,1315006,0.0000,1.0
2023-03-30,39.03,39.385,38.98,39.32,39.32,1555709,0.0000,1.0
2023-03-29,38.98,39.139,38.92,38.96,38.96,1919300,0.0000,1.0
2023-03-28,38.92,39.21,38.89,39.16,39.16,846397,0.0000,1.0
2023-03-27,38.69,38.89,38.59,38.85,38.85,1449463,0.0000,1.0
2023-03-24,39.63,39.71,39.2,39.21,39.21,1787931,0.0000,1.0
2023-03-23,39.27,39.76,39.21,39.66,39.66,1486645,0.0000,1.0
2023-03-22,38.52,39.28,38.5,39.17,39.17,2453752,0.0000,1.0
2023-03-21,39.01,39.01,38.42,38.5,38.5,2397106,0.0000,1.0
2023-03-20,39.33,39.4,39.02,39.25,39.25,1711449,0.0000,1.0
2023-03-17,38.66,39.4599,38.6,39.24,39.24,2095633,0.0000,1.0
2023-03-16,38.33,38.35,37.98,38.12,38.12,1138881,0.0000,1.0
2023-03-15,38.17,38.45,37.895,38.04,38.04,3379748,0.0000,1.0
2023-03-14,37.88,37.92,37.63,37.77,37.77,4220270,0.0000,1.0
2023-03-13,37.71,38.01,37.645,37.97,37.97,1962886,0.0000,1.0
2023-03-10,36.72,37.13,36.705,37.13,37.13,1183828,0.0000,1.0
2023-03-09,36.24,36.42,36.24,36.34,36.34,646075,0.0000,1.0
2023-03-08,36.0,36.2,35.98,35.99,35.99,668834,0.0000,1.0
2023-03-07,36.38,36.39,35.985,36.01,36.01,1658934,0.0000,1.0
2023-03-06,36.79,36.8,36.63,36.66,36.66,279146,0.0000,1.0
2023-03-03,36.61,36.845,36.51,36.83,36.83,553429,0.0000,1.0
2023-03-02,36.39,36.5,36.375,36.45,36.45,683593,0.0000,1.0
2023-03-01,36.5,36.61,36.4,36.48,36.48,780815,0.0000,1.0
2023-02-28,36.03,36.35,36.0,36.24,36.24,867018,0.0000,1.0
2023-02-27,36.05,36.135,35.985,36.08,36.08,610785,0.0000,1.0
2023-02-24,35.95,36.04,35.91,35.95,35.95,577521,0.0000,1.0
2023-02-23,36.27,36.32,36.095,36.21,36.21,506949,0.0000,1.0
2023-02-22,36.46,36.49,36.2,36.22,36.22,975113,0.0000,1.0
2023-02-21,36.54,36.6,36.3694,36.43,36.43,837195,0.0000,1.0
2023-02-17,36.25,36.6,36.185,36.56,36.56,726882,0.0000,1.0
2023-02-16,36.35,36.6335,36.28,36.46,36.46,1363976,0.0000,1.0
2023-02-15,36.42,36.49,36.33,36.48,36.48,985574,0.0000,1.0
2023-02-14,36.71,37.04,36.59,36.85,36.85,992946,0.0000,1.0
2023-02-13,36.86,36.91,36.73,36.82,36.82,492148,0.0000,1.0
2023-02-10,37.08,37.08,36.86,37.01,37.01,468841,0.0000,1.0
2023-02-09,37.45,37.46,36.9017,36.93,36.93,797695,0.0000,1.0
2023-02-08,37.35,37.35,37.12,37.23,37.23,615340,0.0000,1.0
2023-02-07,37.07,37.41,37.04,37.14,37.14,781908,0.0000,1.0
2023-02-06,37.15,37.2294,36.99,37.1,37.1,875423,0.0000,1.0
2023-02-03,37.34,37.44,36.95,37.03,37.03,3711879,0.0000,1.0
2023-02-02,38.65,38.65,37.94,37.96,37.96,1694232,0.0000,1.0
2023-02-01,38.37,38.79,38.136,38.79,38.79,1870402,0.0000,1.0
2023-01-31,38.17,38.33,38.11,38.28,38.28,1910074,0.0000,1.0
2023-01-30,38.25,38.29,38.13,38.16,38.16,671333,0.0000,1.0
2023-01-27,38.28,38.35,38.07,38.26,38.26,813484,0.0000,1.0
2023-01-26,38.45,38.47,38.0804,38.31,38.31,997043,0.0000,1.0
2023-01-25,38.28,38.67,38.262,38.66,38.66,2288851,0.0000,1.0
2023-01-24,38.33,38.48,38.07,38.48,38.48,850329,0.0000,1.0
2023-01-23,38.08,38.35,37.95,38.33,38.33,3163347,0.0000,1.0
2023-01-20,38.22,38.3393,38.135,38.27,38.27,580267,0.0000,1.0
2023-01-19,38.07,38.41,38.02,38.4,38.4,3022806,0.0000,1.0
2023-01-18,38.16,38.225,37.755,37.78,37.78,588855,0.0000,1.0
2023-01-17,38.021,38.035,37.7974,37.91,37.91,649973,0.0000,1.0
2023-01-13,37.77,38.155,37.76,38.14,38.14,1000498,0.0000,1.0
2023-01-12,37.56,37.71,37.33,37.7,37.7,679176,0.0000,1.0
2023-01-11,37.29,37.306,37.0703,37.26,37.26,955375,0.0000,1.0
2023-01-10,37.26,37.3349,37.15,37.28,37.28,1235142,0.0000,1.0
2023-01-09,37.24,37.35,37.11,37.16,37.16,2403800,0.0000,1.0
2023-01-06,36.66,37.12,36.55,37.07,37.07,1006764,0.0000,1.0
2023-01-05,36.47,36.49,36.23,36.4,36.4,1079067,0.0000,1.0
2023-01-04,36.88,36.938,36.68,36.85,36.85,2677350,0.0000,1.0
2023-01-03,36.55,36.7215,36.29,36.5,36.5,3119088,0.0000,1.0
2022-12-30,36.11,36.22,36.02,36.19,36.19,646242,0.0000,1.0
2022-12-29,35.96,36.13,35.96,36.02,36.02,344312,0.0000,1.0
2022-12-28,35.86,35.91,35.67,35.83,35.83,770629,0.0000,1.0
2022-12-27,35.82,36.37,35.8099,35.99,35.99,1024052,0.0000,1.0
2022-12-23,35.6,35.8001,35.575,35.68,35.68,508312,0.0000,1.0
2022-12-22,35.81,35.81,35.44,35.58,35.58,783231,0.0000,1.0
2022-12-21,36.07,36.2,35.99,36.01,36.01,506542,0.0000,1.0
2022-12-20,35.87,36.16,35.855,36.09,36.09,813228,0.0000,1.0
2022-12-19,35.56,35.65,35.415,35.49,35.49,1114994,0.0000,1.0
2022-12-16,35.43,35.625,35.39,35.59,35.59,3077251,0.0000,1.0
2022-12-15,35.37,35.46,35.225,35.29,35.29,4092964,0.0000,1.0
2022-12-14,35.93,36.01,35.55,35.86,35.86,2028518,0.0000,1.0
2022-12-13,36.1,36.22,35.85,35.94,35.94,2332194,0.0000,1.0
2022-12-12,35.51,35.5391,35.3,35.35,35.35,4123985,0.0000,1.0
2022-12-09,35.69,35.855,35.56,35.64,35.64,575625,0.0000,1.0
2022-12-08,35.53,35.625,35.43,35.52,35.52,637529,0.0000,1.0
2022-12-07,35.29,35.545,35.27,35.49,35.49,2296940,0.0000,1.0
2022-12-06,35.24,35.31,35.0845,35.18,35.18,3342107,0.0000,1.0
2022-12-05,35.53,35.565,35.0501,35.08,35.08,2234311,0.0000,1.0
2022-12-02,35.45,35.74,35.36,35.69,35.69,2937594,0.0000,1.0
2022-12-01,35.73,35.81,35.63,35.81,35.81,1974429,0.0000,1.0
2022-11-30,34.92,35.145,34.65,35.14,35.14,1637327,0.0000,1.0
2022-11-29,34.72,34.89,34.69,34.73,34.73,267555,0.0000,1.0
2022-11-28,34.76,34.78,34.54,34.55,34.55,547748,0.0000,1.0
2022-11-25,34.73,34.86,34.73,34.82,34.82,213960,0.0000,1.0
2022-11-23,34.48,34.805,34.4641,34.77,34.77,1304433,0.0000,1.0
2022-11-22,34.63,34.67,34.49,34.56,34.56,2406003,0.0000,1.0
2022-11-21,34.64,34.65,34.4,34.53,34.53,1572337,0.0000,1.0
2022-11-18,34.86,34.915,34.695,34.73,34.73,1470787,0.0000,1.0
2022-11-17,34.93,35.0,34.855,34.98,34.98,2505413,0.0000,1.0
2022-11-16,35.28,35.34,35.1606,35.23,35.23,2178759,0.0000,1.0
2022-11-15,35.26,35.45,35.1001,35.31,35.31,2943492,0.0000,1.0
2022-11-14,35.04,35.24,35.02,35.18,35.18,2266215,0.0000,1.0
2022-11-11,34.98,35.105,34.86,35.09,35.09,1283248,0.0000,1.0
2022-11-10,34.54,34.87,34.49,34.87,34.87,1284190,0.0000,1.0
2022-11-09,33.99,34.1999,33.805,33.85,33.85,1747463,0.0000,1.0
2022-11-08,33.29,34.095,33.27,34.01,34.01,2869053,0.0000,1.0
2022-11-07,33.32,33.39,33.235,33.25,33.25,1005990,0.0000,1.0
2022-11-04,33.04,33.4,33.0,33.38,33.38,782343,0.0000,1.0
2022-11-03,32.14,32.41,32.12,32.39,32.39,732240,0.0000,1.0
2022-11-02,32.89,33.14,32.48,32.49,32.49,1800404,0.0000,1.0
2022-11-01,32.82,32.84,32.62,32.72,32.72,1266693,0.0000,1.0
2022-10-31,32.46,32.6,32.4,32.41,32.41,1211643,0.0000,1.0
2022-10-28,32.63,32.74,32.53,32.67,32.67,1625237,0.0000,1.0
2022-10-27,32.99,33.07,32.894,33.01,33.01,1489448,0.0000,1.0
2022-10-26,33.01,33.21,33.01,33.06,33.06,840984,0.0000,1.0
2022-10-25,32.83,33.0,32.81,32.85,32.85,1977365,0.0000,1.0
2022-10-24,32.73,32.85,32.66,32.78,32.78,1136197,0.0000,1.0
2022-10-21,32.41,32.905,32.38,32.87,32.87,1174217,0.0000,1.0
2022-10-20,32.41,32.67,32.26,32.3,32.3,3086629,0.0000,1.0
2022-10-19,32.44,32.51,32.32,32.36,32.36,498291,0.0000,1.0
2022-10-18,32.86,32.885,32.68,32.8,32.8,1466157,0.0000,1.0
2022-10-17,33.03,33.12,32.7,32.73,32.73,1860080,0.0000,1.0
2022-10-14,32.85,32.88,32.575,32.63,32.63,1968402,0.0000,1.0
2022-10-13,32.72,33.2064,32.6138,33.03,33.03,1800304,0.0000,1.0
2022-10-12,33.16,33.325,33.11,33.27,33.27,598695,0.0000,1.0
2022-10-11,33.14,33.435,33.04,33.08,33.08,1133089,0.0000,1.0
2022-10-10,33.25,33.33,33.08,33.15,33.15,1293238,0.0000,1.0
2022-10-07,33.79,33.895,33.63,33.66,33.66,531082,0.0000,1.0
2022-10-06,34.0,34.1,33.9,34.05,34.05,532264,0.0000,1.0
2022-10-05,33.97,34.13,33.78,34.07,34.07,930222,0.0000,1.0
2022-10-04,33.94,34.34,33.89,34.26,34.26,1758034,0.0000,1.0
2022-10-03,33.14,33.79,33.11,33.77,33.77,2819141,0.0000,1.0
2022-09-30,33.05,33.27,32.9633,32.98,32.98,1630267,0.0000,1.0
2022-09-29,32.86,33.05,32.66,32.99,32.99,3146865,0.0000,1.0
2022-09-28,32.68,33.02,32.63,32.97,32.97,2229213,0.0000,1.0
2022-09-27,32.46,32.56,32.3,32.32,32.32,2436505,0.0000,1.0
2022-09-26,32.66,32.7299,32.205,32.24,32.24,3485905,0.0000,1.0
2022-09-23,32.83,32.83,32.55,32.62,32.62,2753177,0.0000,1.0
2022-09-22,33.31,33.35,33.12,33.2,33.2,1210741,0.0000,1.0
2022-09-21,33.27,33.52,32.85,33.22,33.22,2482644,0.0000,1.0
2022-09-20,33.07,33.0993,32.96,33.07,33.07,1661588,0.0000,1.0
2022-09-19,33.02,33.265,33.01,33.26,33.26,1981968,0.0000,1.0
2022-09-16,32.97,33.37,32.905,33.23,33.23,2814453,0.0000,1.0
2022-09-15,33.43,33.58,32.965,33.05,33.05,2803890,0.0000,1.0
2022-09-14,33.83,33.895,33.6301,33.68,33.68,1311374,0.0000,1.0
2022-09-13,33.8,33.94,33.775,33.81,33.81,1461679,0.0000,1.0
2022-09-12,34.34,34.45,34.23,34.25,34.25,1697567,0.0000,1.0
2022-09-09,34.06,34.155,33.99,34.07,34.07,1474700,0.0000,1.0
2022-09-08,34.0,34.07,33.835,33.9,33.9,1922071,0.0000,1.0
2022-09-07,33.73,34.145,33.7,34.09,34.09,1205541,0.0000,1.0
2022-09-06,33.94,33.99,33.755,33.77,33.77,846834,0.0000,1.0
2022-09-02,33.96,34.1199,33.9306,33.96,33.96,2954421,0.0000,1.0
2022-09-01,33.73,33.765,33.535,33.66,33.66,2041058,0.0000,1.0
2022-08-31,34.0,34.23,33.95,33.97,33.97,1399065,0.0000,1.0
2022-08-30,34.4,34.41,34.19,34.23,34.23,1153582,0.0000,1.0
2022-08-29,34.5,34.655,34.4718,34.52,34.52,805522,0.0000,1.0
2022-08-26,34.78,34.88,34.44,34.5,34.5,1324537,0.0000,1.0
2022-08-25,34.94,34.9589,34.8,34.9,34.9,985586,0.0000,1.0
2022-08-24,34.62,34.87,34.6123,34.8,34.8,1033456,0.0000,1.0
2022-08-23,34.54,34.83,34.52,34.71,34.71,3407375,0.0000,1.0
2022-08-22,34.45,34.545,34.4,34.46,34.46,1198853,0.0000,1.0
2022-08-19,34.9,34.9,34.66,34.69,34.69,2895464,0.0000,1.0
2022-08-18,35.1,35.15,34.87,34.96,34.96,2114692,0.0000,1.0
2022-08-17,35.21,35.21,34.95,35.04,35.04,2266351,0.0000,1.0
2022-08-16,35.25,35.32,35.21,35.27,35.27,1566377,0.0000,1.0
2022-08-15,35.37,35.4399,35.27,35.34,35.34,1774833,0.0000,1.0
2022-08-12,35.64,35.8,35.56,35.78,35.78,1593164,0.0000,1.0
2022-08-11,35.62,35.73,35.45,35.47,35.47,1191667,0.0000,1.0
2022-08-10,35.67,35.79,35.515,35.56,35.56,543547,0.0000,1.0
2022-08-09,35.7,35.76,35.55,35.62,35.62,680092,0.0000,1.0
2022-08-08,35.39,35.545,35.36,35.53,35.53,1890831,0.0000,1.0
2022-08-05,35.17,35.34,35.14,35.22,35.22,1675501,0.0000,1.0
2022-08-04,35.29,35.65,35.24,35.63,35.63,2233890,0.0000,1.0
2022-08-03,35.13,35.1351,34.84,35.07,35.07,2023577,0.0000,1.0
2022-08-02,35.32,35.4704,34.96,34.97,34.97,2845770,0.0000,1.0
2022-08-01,35.16,35.24,35.05,35.17,35.17,1314819,0.0000,1.0
2022-07-29,34.94,35.1,34.81,34.99,34.99,2352632,0.0000,1.0
2022-07-28,34.82,34.89,34.715,34.87,34.87,2386664,0.0000,1.0
2022-07-27,34.11,34.57,33.99,34.46,34.46,1546740,0.0000,1.0
2022-07-26,34.15,34.2,34.06,34.13,34.13,1369101,0.0000,1.0
2022-07-25,34.24,34.24,34.06,34.15,34.15,1139843,0.0000,1.0
2022-07-22,34.2,34.53,34.17,34.25,34.25,2199634,0.0000,1.0
2022-07-21,33.73,34.16,33.73,34.16,34.16,2042589,0.0000,1.0
2022-07-20,34.03,34.05,33.675,33.69,33.69,959100,0.0000,1.0
2022-07-19,33.98,34.0651,33.96,34.01,34.01,495053,0.0000,1.0
2022-07-18,34.11,34.19,33.891,33.92,33.92,892094,0.0000,1.0
2022-07-15,33.89,33.93,33.75,33.88,33.88,1756165,0.0000,1.0
2022-07-14,33.87,34.05,33.72,33.95,33.95,2819902,0.0000,1.0
2022-07-13,34.11,34.665,34.11,34.44,34.44,2377910,0.0000,1.0
2022-07-12,34.35,34.435,34.25,34.27,34.27,1927554,0.0000,1.0
2022-07-11,34.52,34.61,34.385,34.4,34.4,1349931,0.0000,1.0
2022-07-08,34.6,34.8,34.49,34.59,34.59,2282204,0.0000,1.0
2022-07-07,34.6,34.73,34.5369,34.58,34.58,1832979,0.0000,1.0
2022-07-06,35.01,35.0601,34.41,34.55,34.55,3028322,0.0000,1.0
2022-07-05,35.63,35.65,35.04,35.11,35.11,4502209,0.0000,1.0
2022-07-01,35.6,35.95,35.58,35.87,35.87,2329433,0.0000,1.0
2022-06-30,36.11,36.21,35.85,35.88,35.88,1364094,0.0000,1.0
2022-06-29,36.34,36.36,36.05,36.12,36.12,843761,0.0000,1.0
2022-06-28,36.23,36.26,36.12,36.15,36.15,650579,0.0000,1.0
2022-06-27,36.36,36.36,36.17,36.19,36.19,2294963,0.0000,1.0
2022-06-24,36.28,36.3732,36.19,36.22,36.22,971512,0.0000,1.0
2022-06-23,36.52,36.67,36.2,36.29,36.29,1347796,0.0000,1.0
2022-06-22,36.57,36.7,36.4594,36.51,36.51,1450929,0.0000,1.0
2022-06-21,36.44,36.62,36.32,36.37,36.37,1674869,0.0000,1.0
2022-06-17,36.68,36.71,36.43,36.5,36.5,2069318,0.0000,1.0
2022-06-16,36.32,36.8,36.25,36.8,36.8,1995734,0.0000,1.0
2022-06-15,36.31,36.6,36.02,36.38,36.38,2655944,0.0000,1.0
2022-06-14,36.13,36.16,35.855,35.93,35.93,1916341,0.0000,1.0
2022-06-13,36.48,36.52,36.14,36.2,36.2,2005919,0.0000,1.0
2022-06-10,36.41,37.26,36.32,37.19,37.19,4937826,0.0000,1.0
2022-06-09,36.73,36.7649,36.55,36.68,36.68,1227379,0.0000,1.0
2022-06-08,36.83,36.94,36.7894,36.8,36.8,576417,0.0000,1.0
2022-06-07,36.66,36.855,36.635,36.83,36.83,1010517,0.0000,1.0
2022-06-06,36.83,36.83,36.5699,36.6,36.6,1199822,0.0000,1.0
2022-06-03,36.97,37.06,36.7,36.75,36.75,629409,0.0000,1.0
2022-06-02,37.01,37.15,36.96,37.14,37.14,1686360,0.0000,1.0
2022-06-01,36.67,36.757,36.51,36.7,36.7,2043769,0.0000,1.0
2022-05-31,36.8,36.86,36.445,36.46,36.46,2836554,0.0000,1.0
2022-05-27,36.95,36.95,36.78,36.83,36.83,1579746,0.0000,1.0
2022-05-26,36.68,36.83,36.58,36.8,36.8,2222762,0.0000,1.0
2022-05-25,36.81,36.88,36.58,36.86,36.86,1676538,0.0000,1.0
2022-05-24,36.95,37.14,36.925,37.1,37.1,824140,0.0000,1.0
2022-05-23,36.89,36.92,36.695,36.82,36.82,631946,0.0000,1.0
2022-05-20,36.58,36.68,36.4099,36.63,36.63,1228972,0.0000,1.0
2022-05-19,36.54,36.7381,36.41,36.61,36.61,1286447,0.0000,1.0
2022-05-18,36.01,36.2499,35.9599,36.09,36.09,830297,0.0000,1.0
2022-05-17,36.31,36.31,36.035,36.06,36.06,1127924,0.0000,1.0
2022-05-16,35.88,36.295,35.87,36.29,36.29,1196361,0.0000,1.0
2022-05-13,35.86,36.12,35.79,35.96,35.96,1543045,0.0000,1.0
2022-05-12,36.66,36.7,36.1806,36.23,36.23,2764158,0.0000,1.0
2022-05-11,36.75,36.91,36.6799,36.82,36.82,1779994,0.0000,1.0
2022-05-10,37.01,37.05,36.4599,36.48,36.48,2958365,0.0000,1.0
2022-05-09,37.1,37.1116,36.8,36.83,36.83,2134964,0.0000,1.0
2022-05-06,37.36,37.5951,37.24,37.37,37.37,2193862,0.0000,1.0
2022-05-05,37.81,37.82,37.2,37.3,37.3,2268524,0.0000,1.0
2022-05-04,37.14,37.55,36.98,37.44,37.44,3514282,0.0000,1.0
2022-05-03,37.04,37.31,37.03,37.07,37.07,2153544,0.0000,1.0
2022-05-02,36.98,37.19,36.84,36.98,36.98,5609099,0.0000,1.0
2022-04-29,37.91,38.035,37.635,37.67,37.67,1429187,0.0000,1.0
2022-04-28,37.45,37.685,37.42,37.67,37.67,1414313,0.0000,1.0
2022-04-27,37.59,37.6129,37.38,37.48,37.48,2225632,0.0000,1.0
2022-04-26,37.9,37.965,37.68,37.78,37.78,1675908,0.0000,1.0
2022-04-25,37.74,37.795,37.585,37.71,37.71,2960271,0.0000,1.0
2022-04-22,38.49,38.67,38.28,38.39,38.39,1605987,0.0000,1.0
2022-04-21,38.71,38.825,38.5,38.77,38.77,1522808,0.0000,1.0
2022-04-20,38.68,38.91,38.62,38.91,38.91,1331866,0.0000,1.0
2022-04-19,39.01,39.1,38.62,38.71,38.71,2233440,0.0000,1.0
2022-04-18,39.61,39.63,39.265,39.31,39.31,1960862,0.0000,1.0
2022-04-14,39.25,39.27,38.96,39.18,39.18,1261099,0.0000,1.0
2022-04-13,39.27,39.37,39.2099,39.31,39.31,1480651,0.0000,1.0
2022-04-12,39.17,39.31,38.96,39.12,39.12,1831824,0.0000,1.0
2022-04-11,39.01,39.04,38.56,38.81,38.81,2877238,0.0000,1.0
2022-04-08,38.43,38.71,38.43,38.64,38.64,2507795,0.0000,1.0
2022-04-07,38.29,38.51,38.2884,38.39,38.39,2200923,0.0000,1.0
2022-04-06,38.28,38.385,38.06,38.25,38.25,3719221,0.0000,1.0
2022-04-05,38.52,38.635,38.105,38.17,38.17,2364623,0.0000,1.0
2022-04-04,38.38,38.49,38.24,38.41,38.41,2272374,0.0000,1.0
2022-04-01,38.24,38.42,38.11,38.2,38.2,2019079,0.0000,1.0
2022-03-31,38.5,38.74,38.44,38.47,38.47,1724582,0.0000,1.0
2022-03-30,38.28,38.52,38.26,38.43,38.43,1853954,0.0000,1.0
2022-03-29,37.68,38.18,37.62,38.14,38.14,2515243,0.0000,1.0
2022-03-28,38.4,38.6,38.08,38.14,38.14,2296637,0.0000,1.0
2022-03-25,38.71,38.98,38.62,38.84,38.84,2185392,0.0000,1.0
2022-03-24,38.83,39.065,38.7,38.99,38.99,3819245,0.0000,1.0
2022-03-23,38.39,38.72,38.265,38.69,38.69,2028362,0.0000,1.0
2022-03-22,38.22,38.255,37.96,38.18,38.18,4294024,0.0000,1.0
2022-03-21,38.19,38.58,38.18,38.46,38.46,4716371,0.0000,1.0
2022-03-18,38.29,38.51,38.11,38.15,38.15,1711112,0.0000,1.0
2022-03-17,38.57,38.74,38.46,38.5,38.5,1688817,0.0000,1.0
2022-03-16,38.12,38.34,37.66,38.33,38.33,4654314,0.0000,1.0
2022-03-15,38.11,38.36,37.89,38.08,38.08,2170621,0.0000,1.0
2022-03-14,38.95,39.005,38.7402,38.81,38.81,1654973,0.0000,1.0
2022-03-11,39.12,39.545,39.05,39.39,39.39,1846408,0.0000,1.0
2022-03-10,39.79,39.8701,39.385,39.68,39.68,2004981,0.0000,1.0
2022-03-09,39.61,39.84,39.34,39.56,39.56,6540483,0.0000,1.0
2022-03-08,40.08,41.14,40.07,40.77,40.77,6535943,0.0000,1.0
2022-03-07,39.25,39.725,39.2025,39.68,39.68,6971057,0.0000,1.0
2022-03-04,38.77,39.15,38.61,39.1,39.1,9366754,0.0000,1.0
2022-03-03,38.31,38.58,38.21,38.48,38.48,14090538,0.0000,1.0
2022-03-02,38.35,38.46,38.05,38.25,38.25,11964302,0.0000,1.0
2022-03-01,38.12,38.68,38.11,38.67,38.67,10725382,0.0000,1.0
2022-02-28,38.07,38.0975,37.57,37.96,37.96,9627403,0.0000,1.0
2022-02-25,37.56,37.62,37.42,37.57,37.57,4714390,0.0000,1.0
2022-02-24,38.86,38.87,37.32,37.72,37.72,11592997,0.0000,1.0
2022-02-23,37.7653,37.967,37.75,37.95,37.95,5092975,0.0000,0.5
2022-02-22,18.9,18.95,18.82,18.88,37.76,13015362,0.0000,1.0
2022-02-18,18.84,18.86,18.78,18.84,37.68,4763741,0.0000,1.0
2022-02-17,18.8,18.89,18.77,18.86,37.72,6221629,0.0000,1.0
2022-02-16,18.46,18.61,18.46,18.61,37.22,5388777,0.0000,1.0
2022-02-15,18.41,18.445,18.3481,18.42,36.84,7578980,0.0000,1.0
2022-02-14,18.5,18.62,18.48,18.59,37.18,8498639,0.0000,1.0
2022-02-11,18.16,18.5308,18.16,18.5,37.0,9322105,0.0000,1.0
2022-02-10,18.15,18.3,18.145,18.16,36.32,7351501,0.0000,1.0
2022-02-09,18.17,18.24,18.145,18.22,36.44,2526444,0.0000,1.0
2022-02-08,18.11,18.17,18.085,18.15,36.3,4915405,0.0000,1.0
2022-02-07,18.04,18.12,18.0036,18.11,36.22,5106474,0.0000,1.0
2022-02-04,17.88,17.9803,17.87,17.97,35.94,3729831,0.0000,1.0
2022-02-03,17.92,17.9606,17.775,17.94,35.88,5050092,0.0000,1.0
2022-02-02,17.92,17.995,17.8939,17.97,35.94,2993537,0.0000,1.0
2022-02-01,17.93,17.9601,17.87,17.89,35.78,4737283,0.0000,1.0
2022-01-31,17.86,17.89,17.8245,17.88,35.76,6221409,0.0000,1.0
2022-01-28,17.73,17.81,17.705,17.78,35.56,3274448,0.0000,1.0
2022-01-27,17.88,17.99,17.8033,17.84,35.68,3560663,0.0000,1.0
2022-01-26,18.24,18.27,18.035,18.07,36.14,5548838,0.0000,1.0
2022-01-25,18.3,18.42,18.2782,18.37,36.74,4353512,0.0000,1.0
2022-01-24,18.28,18.315,18.18,18.29,36.58,3298693,0.0000,1.0
2022-01-21,18.31,18.31,18.17,18.21,36.42,2793674,0.0000,1.0
2022-01-20,18.34,18.365,18.26,18.26,36.52,2086782,0.0000,1.0
2022-01-19,18.12,18.32,18.11,18.32,36.64,4050921,0.0000,1.0
2022-01-18,18.04,18.09,17.99,18.03,36.06,2343684,0.0000,1.0
2022-01-14,18.11,18.1431,18.03,18.06,36.12,2531092,0.0000,1.0
2022-01-13,18.1,18.11,18.01,18.11,36.22,3700900,0.0000,1.0
2022-01-12,18.1,18.17,18.09,18.16,36.32,2791574,0.0000,1.0
2022-01-11,17.93,18.12,17.9199,18.12,36.24,5187454,0.0000,1.0
2022-01-10,17.8,17.905,17.8,17.9,35.8,2494711,0.0000,1.0
2022-01-07,17.82,17.875,17.7515,17.84,35.68,3895556,0.0000,1.0
2022-01-06,17.79,17.84,17.75,17.77,35.54,3185941,0.0000,1.0
2022-01-05,18.16,18.18,17.97,17.98,35.96,4190027,0.0000,1.0
2022-01-04,17.98,18.055,17.9542,18.04,36.08,2744029,0.0000,1.0
2022-01-03,17.96,17.98,17.87,17.9,35.8,2962622,0.0000,1.0
2021-12-31,18.14,18.19,18.09,18.18,36.36,2698884,0.0000,1.0
2021-12-30,17.91,18.06,17.91,18.06,36.12,2848161,0.0000,1.0
2021-12-29,17.81,17.95,17.79,17.94,35.88,2863217,0.0000,1.0
2021-12-28,18.0,18.05,17.94,17.95,35.9,2575395,0.0000,1.0
2021-12-27,17.97,18.0208,17.95,18.01,36.02,3370145,0.0000,1.0
2021-12-23,17.96,18.0,17.88,17.98,35.96,3074759,0.0000,1.0
2021-12-22,17.84,17.95,17.78,17.95,35.9,2294921,0.0000,1.0
2021-12-21,17.85,17.85,17.74,17.77,35.54,2717444,0.0000,1.0
2021-12-20,17.86,17.87,17.77,17.78,35.56,2811964,0.0000,1.0
2021-12-17,17.95,17.9858,17.85,17.85,35.7,3229908,0.0000,1.0
2021-12-16,17.76,17.89,17.76,17.88,35.76,4187810,0.0000,1.0
2021-12-15,17.59,17.7,17.43,17.68,35.36,5773583,0.0000,1.0
2021-12-14,17.59,17.67,17.57,17.6,35.2,2439918,0.0000,1.0
2021-12-13,17.76,17.79,17.73,17.77,35.54,2621362,0.0000,1.0
2021-12-10,17.74,17.7595,17.68,17.71,35.42,3534025,0.0000,1.0
2021-12-09,17.72,17.72,17.63,17.65,35.3,3422757,0.0000,1.0
2021-12-08,17.72,17.76,17.69,17.75,35.5,1494852,0.0000,1.0
2021-12-07,17.69,17.77,17.675,17.75,35.5,1751403,0.0000,1.0
2021-12-06,17.67,17.74,17.65,17.69,35.38,2666465,0.0000,1.0
2021-12-03,17.6,17.75,17.56,17.73,35.46,3696583,0.0000,1.0
2021-12-02,17.65,17.655,17.51,17.57,35.14,3015423,0.0000,1.0
2021-12-01,17.75,17.81,17.6601,17.68,35.36,2524123,0.0000,1.0
2021-11-30,17.85,17.97,17.59,17.61,35.22,4199286,0.0000,1.0
2021-11-29,17.75,17.79,17.7,17.73,35.46,3113313,0.0000,1.0
2021-11-26,17.94,17.94,17.695,17.75,35.5,3072469,0.0000,1.0
2021-11-24,17.72,17.81,17.69,17.78,35.56,1897958,0.0000,1.0
2021-11-23,17.7901,17.825,17.71,17.8,35.6,2155138,0.0000,1.0
2021-11-22,18.07,18.12,17.9119,17.95,35.9,2855128,0.0000,1.0
2021-11-19,18.48,18.515,18.32,18.37,36.74,3485555,0.0000,1.0
2021-11-18,18.51,18.54,18.455,18.5,37.0,1981847,0.0000,1.0
2021-11-17,18.53,18.57,18.5,18.55,37.1,2816042,0.0000,1.0
2021-11-16,18.51,18.55,18.385,18.4,36.8,1798081,0.0000,1.0
2021-11-15,18.52,18.567,18.47,18.53,37.06,2238861,0.0000,1.0
2021-11-12,18.46,18.575,18.445,18.55,37.1,2143293,0.0000,1.0
2021-11-11,18.51,18.5344,18.48,18.52,37.04,1421850,0.0000,1.0
2021-11-10,18.46,18.57,18.3099,18.42,36.84,3389179,0.0000,1.0
2021-11-09,18.15,18.22,18.095,18.22,36.44,1622014,0.0000,1.0
2021-11-08,18.13,18.15,18.0898,18.13,36.26,1845403,0.0000,1.0
2021-11-05,17.92,18.07,17.85,18.07,36.14,2150331,0.0000,1.0
2021-11-04,17.82,17.88,17.8,17.82,35.64,1444125,0.0000,1.0
2021-11-03,17.59,17.645,17.48,17.62,35.24,2907953,0.0000,1.0
2021-11-02,17.81,17.823,17.75,17.77,35.54,1424003,0.0000,1.0
2021-11-01,17.8,17.85,17.75,17.82,35.64,1828990,0.0000,1.0
2021-10-29,17.69,17.73,17.6101,17.73,35.46,1936004,0.0000,1.0
2021-10-28,17.97,17.99,17.815,17.88,35.76,3554977,0.0000,1.0
2021-10-27,17.84,17.8899,17.75,17.88,35.76,1767184,0.0000,1.0
2021-10-26,17.86,17.86,17.7157,17.83,35.66,3856825,0.0000,1.0
2021-10-25,17.94,17.9902,17.92,17.96,35.92,2227572,0.0000,1.0
2021-10-22,17.94,18.029,17.725,17.84,35.68,2373434,0.0000,1.0
2021-10-21,17.73,17.75,17.6799,17.74,35.48,1797457,0.0000,1.0
2021-10-20,17.68,17.77,17.645,17.75,35.5,1887093,0.0000,1.0
2021-10-19,17.7,17.7027,17.565,17.6,35.2,1893215,0.0000,1.0
2021-10-18,17.6,17.6054,17.52,17.53,35.06,6735670,0.0000,1.0
2021-10-15,17.59,17.655,17.55,17.57,35.14,8547986,0.0000,1.0
2021-10-14,17.89,17.89,17.83,17.87,35.74,1371522,0.0000,1.0
2021-10-13,17.58,17.8501,17.57,17.81,35.62,3420801,0.0000,1.0
2021-10-12,17.51,17.5899,17.47,17.51,35.02,2887093,0.0000,1.0
2021-10-11,17.45,17.4976,17.43,17.43,34.86,969101,0.0000,1.0
2021-10-08,17.69,17.6901,17.4562,17.47,34.94,2232949,0.0000,1.0
2021-10-07,17.45,17.525,17.43,17.46,34.92,1277813,0.0000,1.0
2021-10-06,17.45,17.5479,17.45,17.53,35.06,2241775,0.0000,1.0
2021-10-05,17.44,17.5279,17.39,17.5,35.0,2195748,0.0000,1.0
2021-10-04,17.41,17.6,17.3801,17.59,35.18,4656247,0.0000,1.0
2021-10-01,17.47,17.54,17.43,17.49,34.98,3169268,0.0000,1.0
2021-09-30,17.3,17.535,17.26,17.46,34.92,2886359,0.0000,1.0
2021-09-29,17.26,17.3,17.12,17.16,34.32,1886501,0.0000,1.0
2021-09-28,17.31,17.31,17.195,17.23,34.46,3219393,0.0000,1.0
2021-09-27,17.42,17.47,17.385,17.41,34.82,2936119,0.0000,1.0
2021-09-24,17.34,17.439,17.305,17.36,34.72,1130773,0.0000,1.0
2021-09-23,17.45,17.45,17.36,17.38,34.76,2677031,0.0000,1.0
2021-09-22,17.64,17.769,17.55,17.58,35.16,3011929,0.0000,1.0
2021-09-21,17.63,17.7161,17.59,17.65,35.3,4665049,0.0000,1.0
2021-09-20,17.47,17.57,17.44,17.54,35.08,1243070,0.0000,1.0
2021-09-17,17.43,17.47,17.375,17.42,34.84,1712891,0.0000,1.0
2021-09-16,17.48,17.48,17.36,17.44,34.88,2351852,0.0000,1.0
2021-09-15,17.88,17.895,17.805,17.83,35.66,2425856,0.0000,1.0
2021-09-14,17.89,17.9818,17.81,17.94,35.88,6597126,0.0000,1.0
2021-09-13,17.81,17.88,17.7997,17.84,35.68,2633921,0.0000,1.0
2021-09-10,17.85,17.87,17.77,17.77,35.54,1055913,0.0000,1.0
2021-09-09,17.89,17.89,17.74,17.85,35.7,2467318,0.0000,1.0
2021-09-08,17.87,17.87,17.725,17.78,35.56,2071429,0.0000,1.0
2021-09-07,18.03,18.05,17.8296,17.84,35.68,3708442,0.0000,1.0
2021-09-03,18.13,18.24,18.09,18.19,36.38,3029361,0.0000,1.0
2021-09-02,18.03,18.0399,17.95,18.0,36.0,3664263,0.0000,1.0
2021-09-01,18.07,18.075,17.99,18.04,36.08,2195493,0.0000,1.0
2021-08-31,17.99,18.0664,17.94,18.06,36.12,2555447,0.0000,1.0
2021-08-30,18.04,18.0578,17.98,18.01,36.02,817456,0.0000,1.0
2021-08-27,17.82,18.09,17.74,18.08,36.16,2315453,0.0000,1.0
2021-08-26,17.79,17.88,17.74,17.82,35.64,2071669,0.0000,1.0
2021-08-25,17.85,17.85,17.73,17.8,35.6,4773974,0.0000,1.0
2021-08-24,17.97,17.9965,17.92,17.92,35.84,1944651,0.0000,1.0
2021-08-23,17.94,17.96,17.86,17.94,35.88,1791934,0.0000,1.0
2021-08-20,17.74,17.7667,17.6898,17.73,35.46,845064,0.0000,1.0
2021-08-19,17.79,17.79,17.66,17.72,35.44,1288749,0.0000,1.0
2021-08-18,17.77,17.8,17.68,17.76,35.52,1548412,0.0000,1.0
2021-08-17,17.78,17.83,17.71,17.75,35.5,2558209,0.0000,1.0
2021-08-16,17.73,17.797,17.71,17.77,35.54,1310698,0.0000,1.0
2021-08-13,17.55,17.7,17.53,17.68,35.36,1349205,0.0000,1.0
2021-08-12,17.4,17.45,17.32,17.45,34.9,2413777,0.0000,1.0
2021-08-11,17.35,17.45,17.295,17.43,34.86,1274742,0.0000,1.0
2021-08-10,17.16,17.23,17.0801,17.2,34.4,1463309,0.0000,1.0
2021-08-09,17.33,17.36,17.145,17.2,34.4,2365961,0.0000,1.0
2021-08-06,17.63,17.6337,17.49,17.51,35.02,1981982,0.0000,1.0
2021-08-05,18.01,18.01,17.88,17.94,35.88,1247695,0.0000,1.0
2021-08-04,18.2,18.22,17.97,18.03,36.06,1692589,0.0000,1.0
2021-08-03,18.02,18.045,17.99,18.01,36.02,1263913,0.0000,1.0
2021-08-02,18.0,18.0999,17.98,18.04,36.08,1348952,0.0000,1.0
2021-07-30,18.14,18.17,18.0,18.04,36.08,1510416,0.0000,1.0
2021-07-29,18.15,18.23,18.14,18.2,36.4,1668461,0.0000,1.0
2021-07-28,17.89,18.0,17.84,17.99,35.98,1678795,0.0000,1.0
2021-07-27,17.94,17.95,17.85,17.9,35.8,1817734,0.0000,1.0
2021-07-26,17.92,17.947,17.8601,17.87,35.74,1002374,0.0000,1.0
2021-07-23,17.91,17.95,17.855,17.91,35.82,922605,0.0000,1.0
2021-07-22,17.9,17.98,17.865,17.98,35.96,852087,0.0000,1.0
2021-07-21,17.9,17.965,17.87,17.94,35.88,1454197,0.0000,1.0
2021-07-20,18.13,18.1503,17.95,18.01,36.02,1689503,0.0000,1.0
2021-07-19,18.02,18.06,17.95,18.02,36.04,2102651,0.0000,1.0
2021-07-16,18.14,18.1617,18.0,18.01,36.02,1345034,0.0000,1.0
2021-07-15,18.17,18.205,18.1,18.19,36.38,2122440,0.0000,1.0
2021-07-14,18.17,18.175,18.1,18.17,36.34,1530077,0.0000,1.0
2021-07-13,18.02,18.055,17.9519,17.99,35.98,3833046,0.0000,1.0
2021-07-12,17.94,17.98,17.82,17.96,35.92,1433157,0.0000,1.0
2021-07-09,17.95,18.0294,17.93,17.99,35.98,1144446,0.0000,1.0
2021-07-08,18.06,18.06,17.85,17.93,35.86,3106010,0.0000,1.0
2021-07-07,17.93,17.9899,17.8799,17.94,35.88,1886094,0.0000,1.0
2021-07-06,17.99,18.03,17.81,17.88,35.76,1982055,0.0000,1.0
2021-07-02,17.8,17.8299,17.69,17.78,35.56,2901041,0.0000,1.0
2021-07-01,17.72,17.73,17.59,17.66,35.32,2784440,0.0000,1.0
2021-06-30,17.49,17.65,17.46,17.61,35.22,4048089,0.0000,1.0
2021-06-29,17.47,17.5688,17.43,17.53,35.06,2842453,0.0000,1.0
2021-06-28,17.72,17.735,17.68,17.69,35.38,1428977,0.0000,1.0
2021-06-25,17.8,17.8,17.67,17.69,35.38,1323280,0.0000,1.0
2021-06-24,17.76,17.7698,17.64,17.64,35.28,2655269,0.0000,1.0
2021-06-23,17.75,17.86,17.64,17.66,35.32,2621755,0.0000,1.0
2021-06-22,17.68,17.74,17.64,17.67,35.34,1844237,0.0000,1.0
2021-06-21,17.69,17.77,17.64,17.74,35.48,2199559,0.0000,1.0
2021-06-18,17.65,17.71,17.53,17.53,35.06,2142903,0.0000,1.0
2021-06-17,17.75,17.8006,17.5881,17.63,35.26,3492272,0.0000,1.0
2021-06-16,18.49,18.53,18.175,18.19,36.38,2830465,0.0000,1.0
2021-06-15,18.58,18.585,18.42,18.5,37.0,3869107,0.0000,1.0
2021-06-14,18.39,18.6,18.38,18.57,37.14,2097777,0.0000,1.0
2021-06-11,18.74,18.76,18.6498,18.67,37.34,1824132,0.0000,1.0
2021-06-10,18.77,18.89,18.75,18.89,37.78,3670856,0.0000,1.0
2021-06-09,18.84,18.89,18.79,18.8,37.6,3404716,0.0000,1.0
2021-06-08,18.82,18.865,18.74,18.83,37.66,1123967,0.0000,1.0
2021-06-07,18.8,18.9,18.77,18.89,37.78,2035457,0.0000,1.0
2021-06-04,18.76,18.86,18.76,18.82,37.64,1349947,0.0000,1.0
2021-06-03,18.69,18.69,18.56,18.61,37.22,1921625,0.0000,1.0
2021-06-02,18.94,19.0,18.9119,18.99,37.98,1401176,0.0000,1.0
2021-06-01,18.99,19.0,18.825,18.91,37.82,1986588,0.0000,1.0
2021-05-28,18.86,18.955,18.83,18.93,37.86,1707214,0.0000,1.0
2021-05-27,18.86,18.8999,18.79,18.87,37.74,3729074,0.0000,1.0
2021-05-26,18.96,18.9777,18.8114,18.88,37.76,2239137,0.0000,1.0
2021-05-25,18.72,18.91,18.7019,18.91,37.82,1751540,0.0000,1.0
2021-05-24,18.72,18.76,18.685,18.73,37.46,1198165,0.0000,1.0
2021-05-21,18.75,18.79,18.61,18.71,37.42,1284940,0.0000,1.0
2021-05-20,18.63,18.74,18.61,18.7,37.4,2696861,0.0000,1.0
2021-05-19,18.61,18.8003,18.525,18.61,37.22,4215131,0.0000,1.0
2021-05-18,18.6,18.62,18.54,18.59,37.18,1814137,0.0000,1.0
2021-05-17,18.42,18.59,18.41,18.57,37.14,3317002,0.0000,1.0
2021-05-14,18.29,18.35,18.2519,18.35,36.7,1370329,0.0000,1.0
2021-05-13,18.1,18.1999,18.085,18.19,36.38,1269107,0.0000,1.0
2021-05-12,18.22,18.255,18.1,18.1,36.2,4331172,0.0000,1.0
2021-05-11,18.13,18.29,18.09,18.29,36.58,1798269,0.0000,1.0
2021-05-10,18.36,18.36,18.25,18.28,36.56,2749617,0.0000,1.0
2021-05-07,18.23,18.33,18.17,18.22,36.44,4262393,0.0000,1.0
2021-05-06,17.85,18.0899,17.84,18.06,36.12,3852600,0.0000,1.0
2021-05-05,17.71,17.77,17.7,17.76,35.52,1732000,0.0000,1.0
2021-05-04,17.82,17.9,17.62,17.7,35.4,3111489,0.0000,1.0
2021-05-03,17.81,17.89,17.7819,17.82,35.64,1348873,0.0000,1.0
2021-04-30,17.63,17.63,17.55,17.6,35.2,1685330,0.0000,1.0
2021-04-29,17.6,17.66,17.47,17.66,35.32,3364091,0.0000,1.0
2021-04-28,17.61,17.74,17.58,17.72,35.44,1098955,0.0000,1.0
2021-04-27,17.74,17.7581,17.6618,17.68,35.36,849366,0.0000,1.0
2021-04-26,17.71,17.73,17.64,17.73,35.46,835714,0.0000,1.0
2021-04-23,17.79,17.795,17.6116,17.68,35.36,1173494,0.0000,1.0
2021-04-22,17.76,17.795,17.6887,17.75,35.5,994132,0.0000,1.0
2021-04-21,17.76,17.89,17.755,17.86,35.72,2200353,0.0000,1.0
2021-04-20,17.6,17.72,17.6,17.69,35.38,3034032,0.0000,1.0
2021-04-19,17.63,17.675,17.6016,17.61,35.22,1659057,0.0000,1.0
2021-04-16,17.66,17.72,17.63,17.66,35.32,1093752,0.0000,1.0
2021-04-15,17.43,17.61,17.42,17.56,35.12,3393295,0.0000,1.0
2021-04-14,17.3,17.3188,17.24,17.29,34.58,1605429,0.0000,1.0
2021-04-13,17.33,17.4,17.3191,17.35,34.7,2221433,0.0000,1.0
2021-04-12,17.29,17.295,17.185,17.24,34.48,2188891,0.0000,1.0
2021-04-09,17.3,17.38,17.26,17.35,34.7,1703434,0.0000,1.0
2021-04-08,17.44,17.5,17.44,17.48,34.96,1668915,0.0000,1.0
2021-04-07,17.3,17.34,17.26,17.29,34.58,1467228,0.0000,1.0
2021-04-06,17.29,17.37,17.29,17.34,34.68,3159523,0.0000,1.0
2021-04-05,17.16,17.2499,17.14,17.2,34.4,4768909,0.0000,1.0
2021-04-01,17.17,17.22,17.13,17.21,34.42,1785027,0.0000,1.0
2021-03-31,16.8,17.06,16.7964,17.0,34.0,2804982,0.0000,1.0
2021-03-30,16.78,16.8,16.73,16.74,33.48,1754942,0.0000,1.0
2021-03-29,17.15,17.15,16.98,17.03,34.06,1195830,0.0000,1.0
2021-03-26,17.18,17.28,17.17,17.24,34.48,986732,0.0000,1.0
2021-03-25,17.31,17.37,17.14,17.19,34.38,1638983,0.0000,1.0
2021-03-24,17.22,17.2936,17.2,17.25,34.5,1390182,0.0000,1.0
2021-03-23,17.26,17.26,17.16,17.2,34.4,1419139,0.0000,1.0
2021-03-22,17.24,17.33,17.225,17.32,34.64,1251240,0.0000,1.0
2021-03-19,17.27,17.36,17.25,17.35,34.7,1396625,0.0000,1.0
2021-03-18,17.12,17.29,17.11,17.27,34.54,1622553,0.0000,1.0
2021-03-17,17.24,17.43,17.15,17.37,34.74,3602838,0.0000,1.0
2021-03-16,17.25,17.33,17.1879,17.24,34.48,3619351,0.0000,1.0
2021-03-15,17.24,17.26,17.15,17.23,34.46,2739388,0.0000,1.0
2021-03-12,16.95,17.17,16.9219,17.16,34.32,4943264,0.0000,1.0
2021-03-11,17.15,17.2,17.11,17.16,34.32,2805901,0.0000,1.0
2021-03-10,17.1,17.18,17.06,17.18,34.36,1871355,0.0000,1.0
2021-03-09,17.07,17.12,17.04,17.08,34.16,2572910,0.0000,1.0
2021-03-08,16.85,16.86,16.68,16.73,33.46,2845038,0.0000,1.0
2021-03-05,16.96,16.97,16.8399,16.89,33.78,10477755,0.0000,1.0
2021-03-04,17.05,17.14,16.82,16.9,33.8,3042349,0.0000,1.0
2021-03-03,17.07,17.1699,16.94,17.07,34.14,3301548,0.0000,1.0
2021-03-02,17.19,17.2999,17.1204,17.25,34.5,2375975,0.0000,1.0
2021-03-01,17.32,17.345,17.115,17.16,34.32,3279838,0.0000,1.0
2021-02-26,17.53,17.53,17.09,17.19,34.38,7013543,0.0000,1.0
2021-02-25,17.73,17.8,17.57,17.62,35.24,6224935,0.0000,1.0
2021-02-24,17.81,17.96,17.75,17.95,35.9,1644647,0.0000,1.0
2021-02-23,17.99,18.02,17.89,17.97,35.94,1650667,0.0000,1.0
2021-02-22,17.89,18.04,17.87,18.0,36.0,1754018,0.0000,1.0
2021-02-19,17.71,17.83,17.6901,17.74,35.48,1866355,0.0000,1.0
2021-02-18,17.73,17.7621,17.6,17.67,35.34,2100601,0.0000,1.0
2021-02-17,17.73,17.76,17.61,17.67,35.34,2713447,0.0000,1.0
2021-02-16,17.86,18.0599,17.81,17.86,35.72,3557241,0.0000,1.0
2021-02-12,18.09,18.22,18.04,18.13,36.26,1767591,0.0000,1.0
2021-02-11,18.35,18.3591,18.13,18.18,36.36,2124664,0.0000,1.0
2021-02-10,18.39,18.39,18.2601,18.34,36.68,2702232,0.0000,1.0
2021-02-09,18.33,18.37,18.24,18.27,36.54,2611435,0.0000,1.0
2021-02-08,18.27,18.305,18.211,18.22,36.44,1467165,0.0000,1.0
2021-02-05,17.93,18.07,17.91,18.02,36.04,2222137,0.0000,1.0
2021-02-04,17.87,17.88,17.77,17.86,35.72,2681858,0.0000,1.0
2021-02-03,18.3,18.325,18.21,18.25,36.5,1705501,0.0000,1.0
2021-02-02,18.32,18.32,18.215,18.28,36.56,2803851,0.0000,1.0
2021-02-01,18.59,18.6,18.4883,18.51,37.02,3302728,0.0000,1.0
2021-01-29,18.57,18.5989,18.34,18.34,36.68,2226110,0.0000,1.0
2021-01-28,18.51,18.55,18.265,18.34,36.68,3177188,0.0000,1.0
2021-01-27,18.36,18.43,18.23,18.33,36.66,2422534,0.0000,1.0
2021-01-26,18.48,18.4998,18.4101,18.44,36.88,1352527,0.0000,1.0
2021-01-25,18.57,18.58,18.39,18.48,36.96,2093875,0.0000,1.0
2021-01-22,18.36,18.505,18.3,18.46,36.92,1808663,0.0000,1.0
2021-01-21,18.6,18.635,18.53,18.62,37.24,1636010,0.0000,1.0
2021-01-20,18.51,18.63,18.455,18.62,37.24,2346786,0.0000,1.0
2021-01-19,18.35,18.35,18.25,18.32,36.64,2495990,0.0000,1.0
2021-01-15,18.35,18.375,18.15,18.17,36.34,2394189,0.0000,1.0
2021-01-14,18.41,18.49,18.33,18.4,36.8,2432315,0.0000,1.0
2021-01-13,18.45,18.52,18.3763,18.41,36.82,1825329,0.0000,1.0
2021-01-12,18.38,18.5,18.3,18.49,36.98,3339334,0.0000,1.0
2021-01-11,18.28,18.44,18.26,18.38,36.76,2719518,0.0000,1.0
2021-01-08,18.77,18.79,18.21,18.4,36.8,4603527,0.0000,1.0
2021-01-07,19.08,19.1,18.99,19.06,38.12,2350895,0.0000,1.0
2021-01-06,19.27,19.28,18.93,19.11,38.22,5196179,0.0000,1.0
2021-01-05,19.41,19.45,19.31,19.41,38.82,2688551,0.0000,1.0
2021-01-04,19.32,19.365,19.215,19.36,38.72,3312585,0.0000,1.0
2020-12-31,18.9,18.94,18.825,18.94,37.88,1452820,0.0000,1.0
2020-12-30,18.73,18.86,18.73,18.86,37.72,3328833,0.0000,1.0
2020-12-29,18.72,18.78,18.64,18.72,37.44,1883164,0.0000,1.0
2020-12-28,18.83,18.885,18.64,18.65,37.3,1804571,0.0000,1.0
2020-12-24,18.62,18.73,18.62,18.73,37.46,1938456,0.0000,1.0
2020-12-23,18.59,18.7,18.585,18.65,37.3,4802423,0.0000,1.0
2020-12-22,18.7,18.715,18.505,18.54,37.08,1120492,0.0000,1.0
2020-12-21,18.72,18.78,18.655,18.68,37.36,2188972,0.0000,1.0
2020-12-18,18.76,18.78,18.696,18.74,37.48,2132315,0.0000,1.0
2020-12-17,18.8,18.88,18.7401,18.77,37.54,1538694,0.0000,1.0
2020-12-16,18.48,18.575,18.37,18.56,37.12,1977495,0.0000,1.0
2020-12-15,18.41,18.47,18.37,18.47,36.94,1785143,0.0000,1.0
2020-12-14,18.25,18.31,18.148,18.21,36.42,1462768,0.0000,1.0
2020-12-11,18.29,18.3958,18.27,18.32,36.64,15014462,0.0000,1.0
2020-12-10,18.35,18.425,18.2213,18.29,36.58,2742328,0.0000,1.0
2020-12-09,18.47,18.4754,18.18,18.31,36.62,2786795,0.0000,1.0
2020-12-08,18.64,18.67,18.54,18.63,37.26,1395104,0.0000,1.0
2020-12-07,18.32,18.6,18.32,18.57,37.14,18934446,0.0000,1.0
2020-12-04,18.34,18.3911,18.21,18.29,36.58,2441780,0.0000,1.0
2020-12-03,18.32,18.34,18.16,18.33,36.66,2342632,0.0000,1.0
2020-12-02,18.1,18.23,18.06,18.21,36.42,3154452,0.0000,1.0
2020-12-01,18.02,18.09,17.97,18.07,36.14,4222206,0.0000,1.0
2020-11-30,17.68,17.7699,17.62,17.7,35.4,4517913,0.0000,1.0
2020-11-27,17.715,17.81,17.7,17.81,35.62,4498462,0.0000,1.0
2020-11-25,18.03,18.0953,17.96,17.99,35.98,5993291,0.0000,1.0
2020-11-24,17.97,18.01,17.92,18.0,36.0,4823064,0.0000,1.0
2020-11-23,18.58,18.5999,18.231,18.28,36.56,2974686,0.0000,1.0
2020-11-20,18.69,18.72,18.6381,18.66,37.32,1308498,0.0000,1.0
2020-11-19,18.5,18.6,18.48,18.6,37.2,1248062,0.0000,1.0
2020-11-18,18.7,18.7617,18.61,18.63,37.26,2693838,0.0000,1.0
2020-11-17,18.81,18.83,18.6899,18.74,37.48,1155663,0.0000,1.0
2020-11-16,18.8,18.88,18.77,18.8,37.6,2056951,0.0000,1.0
2020-11-13,18.85,18.87,18.765,18.79,37.58,2190509,0.0000,1.0
2020-11-12,18.68,18.7586,18.66,18.68,37.36,2827763,0.0000,1.0
2020-11-11,18.54,18.6,18.5137,18.57,37.14,6053670,0.0000,1.0
2020-11-10,18.76,18.77,18.645,18.65,37.3,1674918,0.0000,1.0
2020-11-09,18.72,18.725,18.43,18.59,37.18,6464947,0.0000,1.0
2020-11-06,19.46,19.48,19.33,19.45,38.9,1357032,0.0000,1.0
2020-11-05,19.2,19.45,19.2,19.42,38.84,2090923,0.0000,1.0
2020-11-04,19.0,19.0159,18.8503,18.98,37.96,2440061,0.0000,1.0
2020-11-03,18.985,19.03,18.92,18.99,37.98,1518427,0.0000,1.0
2020-11-02,18.83,18.88,18.8,18.88,37.76,1904205,0.0000,1.0
2020-10-30,18.79,18.8169,18.6733,18.71,37.42,1466217,0.0000,1.0
2020-10-29,18.58,18.69,18.551,18.62,37.24,1508036,0.0000,1.0
2020-10-28,18.73,18.765,18.62,18.69,37.38,3305435,0.0000,1.0
2020-10-27,18.97,19.04,18.945,19.01,38.02,1627380,0.0000,1.0
2020-10-26,18.97,19.0065,18.9144,18.95,37.9,887355,0.0000,1.0
2020-10-23,19.01,19.015,18.86,18.96,37.92,976303,0.0000,1.0
2020-10-22,18.98,18.99,18.86,18.98,37.96,1546173,0.0000,1.0
2020-10-21,19.16,19.2399,19.1281,19.17,38.34,1294621,0.0000,1.0
2020-10-20,18.95,19.06,18.9,19.02,38.04,2063365,0.0000,1.0
2020-10-19,19.03,19.04,18.92,18.92,37.84,1051441,0.0000,1.0
2020-10-16,19.0101,19.025,18.9004,18.93,37.86,1018510,0.0000,1.0
2020-10-15,18.86,19.01,18.84,18.99,37.98,2450837,0.0000,1.0
2020-10-14,18.99,19.0557,18.9,18.9,37.8,5034133,0.0000,1.0
2020-10-13,18.95,18.95,18.79,18.86,37.72,4108298,0.0000,1.0
2020-10-12,19.16,19.189,19.12,19.16,38.32,1253590,0.0000,1.0
2020-10-09,19.11,19.22,19.095,19.21,38.42,1907840,0.0000,1.0
2020-10-08,18.89,18.935,18.75,18.87,37.74,2008219,0.0000,1.0
2020-10-07,18.79,18.82,18.72,18.8,37.6,1152625,0.0000,1.0
2020-10-06,19.12,19.14,18.79,18.81,37.62,2242562,0.0000,1.0
2020-10-05,18.99,19.11,18.99,19.04,38.08,1489244,0.0000,1.0
2020-10-02,18.97,19.02,18.9,18.94,37.88,4427486,0.0000,1.0
2020-10-01,18.96,19.04,18.89,18.97,37.94,3565456,0.0000,1.0
2020-09-30,18.86,18.95,18.75,18.8,37.6,1684357,0.0000,1.0
2020-09-29,18.81,18.917,18.78,18.91,37.82,1990062,0.0000,1.0
2020-09-28,18.66,18.76,18.5781,18.75,37.5,1395533,0.0000,1.0
2020-09-25,18.51,18.5989,18.45,18.56,37.12,2613149,0.0000,1.0
2020-09-24,18.5,18.6937,18.4326,18.62,37.24,5062785,0.0000,1.0
2020-09-23,18.78,18.81,18.47,18.54,37.08,5224928,0.0000,1.0
2020-09-22,19.07,19.095,18.895,18.95,37.9,2499277,0.0000,1.0
2020-09-21,19.08,19.125,18.75,19.05,38.1,4562120,0.0000,1.0
2020-09-18,19.41,19.525,19.375,19.42,38.84,1830705,0.0000,1.0
2020-09-17,19.3,19.4168,19.26,19.4,38.8,1559916,0.0000,1.0
2020-09-16,19.62,19.63,19.45,19.51,39.02,1969453,0.0000,1.0
2020-09-15,19.56,19.59,19.4013,19.45,38.9,1689286,0.0000,1.0
2020-09-14,19.48,19.55,19.4517,19.5,39.0,1950995,0.0000,1.0
2020-09-11,19.42,19.4699,19.31,19.34,38.68,1134252,0.0000,1.0
2020-09-10,19.55,19.59,19.34,19.35,38.7,1840125,0.0000,1.0
2020-09-09,19.36,19.4399,19.33,19.41,38.82,1754781,0.0000,1.0
2020-09-08,19.05,19.33,18.99,19.24,38.48,1559317,0.0000,1.0
2020-09-04,19.2,19.315,19.1,19.28,38.56,2784229,0.0000,1.0
2020-09-03,19.34,19.385,19.1478,19.23,38.46,2933727,0.0000,1.0
2020-09-02,19.5,19.5,19.2587,19.36,38.72,2318884,0.0000,1.0
2020-09-01,19.84,19.84,19.56,19.63,39.26,2037176,0.0000,1.0
2020-08-31,19.61,19.67,19.55,19.61,39.22,1834451,0.0000,1.0
2020-08-28,19.52,19.66,19.4563,19.56,39.12,2357757,0.0000,1.0
2020-08-27,19.63,19.64,19.03,19.22,38.44,3882484,0.0000,1.0
2020-08-26,19.11,19.47,19.11,19.46,38.92,2109207,0.0000,1.0
2020-08-25,19.19,19.22,19.07,19.21,38.42,3268701,0.0000,1.0
2020-08-24,19.39,19.4,19.16,19.19,38.38,1404698,0.0000,1.0
2020-08-21,19.31,19.39,19.15,19.31,38.62,2216731,0.0000,1.0
2020-08-20,19.23,19.48,19.19,19.46,38.92,2057283,0.0000,1.0
2020-08-19,19.87,19.88,19.27,19.34,38.68,3271205,0.0000,1.0
2020-08-18,20.07,20.0855,19.69,19.97,39.94,2067001,0.0000,1.0
2020-08-17,19.6,19.8305,19.5877,19.78,39.56,1880306,0.0000,1.0
2020-08-14,19.46,19.485,19.25,19.37,38.74,1358023,0.0000,1.0
2020-08-13,19.27,19.59,19.24,19.46,38.92,2665519,0.0000,1.0
2020-08-12,19.38,19.42,19.0,19.02,38.04,3914437,0.0000,1.0
2020-08-11,19.47,19.51,19.04,19.1,38.2,8010743,0.0000,1.0
2020-08-10,20.29,20.4299,20.12,20.17,40.34,2870703,0.0000,1.0
2020-08-07,20.44,20.465,20.085,20.23,40.46,4493923,0.0000,1.0
2020-08-06,20.55,20.629,20.425,20.57,41.14,3830409,0.0000,1.0
2020-08-05,20.33,20.4767,20.21,20.31,40.62,5219026,0.0000,1.0
2020-08-04,19.69,20.11,19.65,20.11,40.22,2504805,0.0000,1.0
2020-08-03,19.63,19.71,19.533,19.7,39.4,3657824,0.0000,1.0
2020-07-31,19.58,19.7,19.53,19.69,39.38,5263370,0.0000,1.0
2020-07-30,19.45,19.5599,19.315,19.48,38.96,1939010,0.0000,1.0
2020-07-29,19.53,19.74,19.3409,19.65,39.3,3062218,0.0000,1.0
2020-07-28,19.31,19.54,19.24,19.5,39.0,2558090,0.0000,1.0
2020-07-27,19.29,19.39,19.26,19.33,38.66,3994142,0.0000,1.0
2020-07-24,19.0,19.0,18.91,18.98,37.96,4564927,0.0000,1.0
2020-07-23,18.69,18.92,18.6301,18.79,37.58,2409675,0.0000,1.0
2020-07-22,18.47,18.64,18.43,18.64,37.28,2011092,0.0000,1.0
2020-07-21,18.3,18.37,18.275,18.35,36.7,5592101,0.0000,1.0
2020-07-20,18.11,18.14,18.06,18.14,36.28,1712051,0.0000,1.0
2020-07-17,18.03,18.06,17.99,18.04,36.08,1130829,0.0000,1.0
2020-07-16,18.01,18.03,17.89,17.9,35.8,2320409,0.0000,1.0
2020-07-15,17.99,18.07,17.963,18.06,36.12,1020786,0.0000,1.0
2020-07-14,17.92,18.05,17.9,18.05,36.1,985691,0.0000,1.0
2020-07-13,18.07,18.075,17.95,17.95,35.9,1807600,0.0000,1.0
2020-07-10,18.03,18.04,17.878,17.95,35.9,1423966,0.0000,1.0
2020-07-09,18.09,18.1,17.9,17.99,35.98,1908500,0.0000,1.0
2020-07-08,18.07,18.12,18.01,18.05,36.1,2066908,0.0000,1.0
2020-07-07,17.76,17.92,17.75,17.92,35.84,1647670,0.0000,1.0
2020-07-06,17.8,17.82,17.73,17.8,35.6,1106134,0.0000,1.0
2020-07-02,17.63,17.74,17.6,17.71,35.42,1701963,0.0000,1.0
2020-07-01,17.72,17.72,17.536,17.67,35.34,3059163,0.0000,1.0
2020-06-30,17.64,17.8,17.62,17.76,35.52,3732071,0.0000,1.0
2020-06-29,17.67,17.68,17.62,17.66,35.32,1729768,0.0000,1.0
2020-06-26,17.48,17.67,17.42,17.65,35.3,3196104,0.0000,1.0
2020-06-25,17.6,17.6,17.52,17.59,35.18,2864739,0.0000,1.0
2020-06-24,17.6,17.7,17.54,17.61,35.22,3186755,0.0000,1.0
2020-06-23,17.58,17.65,17.55,17.64,35.28,1956944,0.0000,1.0
2020-06-22,17.5,17.57,17.44,17.51,35.02,1399452,0.0000,1.0
2020-06-19,17.26,17.395,17.26,17.39,34.78,2743223,0.0000,1.0
2020-06-18,17.21,17.21,17.11,17.2,34.4,502991,0.0000,1.0
2020-06-17,17.19,17.25,17.15,17.24,34.48,2936782,0.0000,1.0
2020-06-16,17.16,17.25,17.12,17.2,34.4,1669652,0.0000,1.0
2020-06-15,17.26,17.26,16.98,17.2,34.4,925900,0.0000,1.0
2020-06-12,17.33,17.385,17.24,17.26,34.52,1857015,0.0000,1.0
2020-06-11,17.32,17.4,17.18,17.23,34.46,2327060,0.0000,1.0
2020-06-10,17.19,17.35,17.03,17.34,34.68,1404388,0.0000,1.0
2020-06-09,17.07,17.16,17.06,17.09,34.18,5219310,0.0000,1.0
2020-06-08,16.85,16.95,16.806,16.92,33.84,2458218,0.0000,1.0
2020-06-05,16.81,16.83,16.65,16.75,33.5,1899307,0.0000,1.0
2020-06-04,17.09,17.16,16.953,17.11,34.22,1006237,0.0000,1.0
2020-06-03,17.01,17.07,16.84,16.93,33.86,3706239,0.0000,1.0
2020-06-02,17.38,17.39,17.16,17.24,34.48,1682676,0.0000,1.0
2020-06-01,17.27,17.365,17.22,17.34,34.68,1737259,0.0000,1.0
2020-05-29,17.25,17.33,17.21,17.27,34.54,2537872,0.0000,1.0
2020-05-28,17.18,17.22,17.06,17.15,34.3,2201562,0.0000,1.0
2020-05-27,16.9,17.1,16.882,17.08,34.16,1773859,0.0000,1.0
2020-05-26,17.23,17.23,17.03,17.07,34.14,2296203,0.0000,1.0
2020-05-22,17.27,17.33,17.25,17.31,34.62,5363020,0.0000,1.0
2020-05-21,17.34,17.34,17.12,17.21,34.42,3194538,0.0000,1.0
2020-05-20,17.44,17.49,17.38,17.45,34.9,3252357,0.0000,1.0
2020-05-19,17.35,17.43,17.284,17.41,34.82,3084028,0.0000,1.0
2020-05-18,17.42,17.45,17.22,17.27,34.54,1923954,0.0000,1.0
2020-05-15,17.38,17.46,17.295,17.4,34.8,1376681,0.0000,1.0
2020-05-14,17.13,17.315,17.12,17.28,34.56,1552638,0.0000,1.0
2020-05-13,17.05,17.13,17.01,17.12,34.24,1254555,0.0000,1.0
2020-05-12,17.0,17.06,16.915,16.97,33.94,20465228,0.0000,1.0
2020-05-11,17.0,17.035,16.86,16.92,33.84,2399208,0.0000,1.0
2020-05-08,17.08,17.16,16.97,17.02,34.04,1267504,0.0000,1.0
2020-05-07,16.92,17.17,16.895,17.11,34.22,4607177,0.0000,1.0
2020-05-06,16.85,16.93,16.77,16.86,33.72,1543426,0.0000,1.0
2020-05-05,16.98,17.075,16.895,17.07,34.14,1399646,0.0000,1.0
2020-05-04,17.0,17.06,16.948,16.99,33.98,1572979,0.0000,1.0
2020-05-01,16.72,17.01,16.72,16.96,33.92,1096138,0.0000,1.0
2020-04-30,16.97,17.03,16.76,16.84,33.68,5921788,0.0000,1.0
2020-04-29,16.98,17.14,16.93,17.12,34.24,2293681,0.0000,1.0
2020-04-28,17.07,17.07,16.87,17.05,34.1,1469164,0.0000,1.0
2020-04-27,17.16,17.16,17.015,17.15,34.3,641441,0.0000,1.0
2020-04-24,17.3,17.31,17.055,17.25,34.5,1009630,0.0000,1.0
2020-04-23,17.22,17.335,17.16,17.27,34.54,1769320,0.0000,1.0
2020-04-22,17.02,17.15,17.0,17.12,34.24,2244278,0.0000,1.0
2020-04-21,16.68,16.87,16.64,16.81,33.62,1410555,0.0000,1.0
2020-04-20,16.83,16.98,16.77,16.92,33.84,1023994,0.0000,1.0
2020-04-17,16.94,16.96,16.76,16.79,33.58,1519234,0.0000,1.0
2020-04-16,17.16,17.293,17.03,17.15,34.3,2127698,0.0000,1.0
2020-04-15,17.15,17.225,17.044,17.21,34.42,1214354,0.0000,1.0
2020-04-14,17.25,17.43,17.16,17.24,34.48,2288913,0.0000,1.0
2020-04-13,16.85,17.19,16.82,17.14,34.28,1876807,0.0000,1.0
2020-04-09,16.72,16.86,16.66,16.79,33.58,1291132,0.0000,1.0
2020-04-08,16.48,16.52,16.39,16.41,32.82,1081501,0.0000,1.0
2020-04-07,16.46,16.58,16.37,16.57,33.14,10581281,0.0000,1.0
2020-04-06,16.33,16.65,16.31,16.61,33.22,1281302,0.0000,1.0
2020-04-03,16.13,16.22,16.07,16.21,32.42,6287139,0.0000,1.0
2020-04-02,15.99,16.16,15.96,16.11,32.22,2028537,0.0000,1.0
2020-04-01,15.73,15.9,15.654,15.84,31.68,1682891,0.0000,1.0
2020-03-31,16.04,16.086,15.71,15.72,31.44,17171315,0.0000,1.0
2020-03-30,16.17,16.22,16.07,16.19,32.38,1057423,0.0000,1.0
2020-03-27,16.21,16.27,16.12,16.17,32.34,3169323,0.0000,1.0
2020-03-26,16.33,16.39,16.129,16.28,32.56,1552580,0.0000,1.0
2020-03-25,16.12,16.17,16.01,16.05,32.1,2008561,0.0000,1.0
2020-03-24,16.37,16.37,16.02,16.25,32.5,2139327,0.0000,1.0
2020-03-23,15.11,15.57,15.08,15.5,31.0,3735235,0.0000,1.0
2020-03-20,14.91,14.955,14.75,14.86,29.72,2681591,0.0000,1.0
2020-03-19,14.73,14.89,14.62,14.64,29.28,4089757,0.0000,1.0
2020-03-18,15.01,15.14,14.7,14.91,29.82,7640439,0.0000,1.0
2020-03-17,14.85,15.49,14.84,15.24,30.48,3049996,0.0000,1.0
2020-03-16,14.59,15.144,14.38,15.04,30.08,3424073,0.0000,1.0
2020-03-13,15.83,15.85,15.01,15.19,30.38,6227848,0.0000,1.0
2020-03-12,16.05,16.05,15.57,15.66,31.32,5221853,0.0000,1.0
2020-03-11,16.57,16.58,16.28,16.32,32.64,2216251,0.0000,1.0
2020-03-10,16.56,16.57,16.38,16.38,32.76,3499525,0.0000,1.0
2020-03-09,16.81,16.86,16.57,16.74,33.48,2925384,0.0000,1.0
2020-03-06,16.78,16.87,16.38,16.69,33.38,4817095,0.0000,1.0
2020-03-05,16.54,16.7,16.505,16.68,33.36,2265351,0.0000,1.0
2020-03-04,16.36,16.405,16.29,16.33,32.66,2619039,0.0000,1.0
2020-03-03,15.99,16.44,15.977,16.31,32.62,5341919,0.0000,1.0
2020-03-02,15.89,15.97,15.8,15.81,31.62,3537090,0.0000,1.0
2020-02-28,16.18,16.19,15.581,15.74,31.48,8537176,0.0000,1.0
2020-02-27,16.49,16.56,16.31,16.32,32.64,4135641,0.0000,1.0
2020-02-26,16.31,16.45,16.21,16.33,32.66,4365235,0.0000,1.0
2020-02-25,16.44,16.535,16.21,16.26,32.52,5431915,0.0000,1.0
2020-02-24,16.78,16.8,16.46,16.55,33.1,4444699,0.0000,1.0
2020-02-21,16.36,16.449,16.339,16.4,32.8,2211501,0.0000,1.0
2020-02-20,16.11,16.19,16.1,16.14,32.28,930288,0.0000,1.0
2020-02-19,16.0,16.09,15.98,16.08,32.16,778105,0.0000,1.0
2020-02-18,15.88,16.003,15.84,15.99,31.98,828503,0.0000,1.0
2020-02-14,15.76,15.8,15.75,15.79,31.58,442323,0.0000,1.0
2020-02-13,15.71,15.74,15.68,15.71,31.42,1122973,0.0000,1.0
2020-02-12,15.62,15.66,15.592,15.62,31.24,508631,0.0000,1.0
2020-02-11,15.69,15.69,15.58,15.64,31.28,845537,0.0000,1.0
2020-02-10,15.71,15.73,15.67,15.7,31.4,676227,0.0000,1.0
2020-02-07,15.66,15.695,15.61,15.66,31.32,998340,0.0000,1.0
2020-02-06,15.6,15.63,15.575,15.61,31.22,846333,0.0000,1.0
2020-02-05,15.5,15.555,15.48,15.52,31.04,1414695,0.0000,1.0
2020-02-04,15.57,15.577,15.45,15.5,31.0,1791528,0.0000,1.0
2020-02-03,15.75,15.755,15.65,15.72,31.44,3109412,0.0000,1.0
2020-01-31,15.77,15.855,15.769,15.83,31.66,2241066,0.0000,1.0
2020-01-30,15.75,15.8121,15.68,15.73,31.46,3394363,0.0000,1.0
2020-01-29,15.65,15.74,15.63,15.72,31.44,1423904,0.0000,1.0
2020-01-28,15.71,15.735,15.63,15.64,31.28,1061288,0.0000,1.0
2020-01-27,15.81,15.82,15.725,15.78,31.56,1088334,0.0000,1.0
2020-01-24,15.56,15.71,15.56,15.67,31.34,1145442,0.0000,1.0
2020-01-23,15.54,15.64,15.535,15.59,31.18,5175605,0.0000,1.0
2020-01-22,15.54,15.55,15.508,15.54,31.08,791386,0.0000,1.0
2020-01-21,15.45,15.55,15.426,15.55,31.1,785463,0.0000,1.0
2020-01-17,15.52,15.57,15.501,15.52,31.04,670109,0.0000,1.0
2020-01-16,15.49,15.519,15.44,15.5,31.0,760318,0.0000,1.0
2020-01-15,15.48,15.54,15.44,15.52,31.04,703328,0.0000,1.0
2020-01-14,15.41,15.445,15.37,15.43,30.86,908022,0.0000,1.0
2020-01-13,15.51,15.51,15.44,15.45,30.9,1188988,0.0000,1.0
2020-01-10,15.5,15.57,15.489,15.57,31.14,926016,0.0000,1.0
2020-01-09,15.48,15.509,15.41,15.46,30.92,1531698,0.0000,1.0
2020-01-08,15.73,15.739,15.485,15.56,31.12,3217708,0.0000,1.0
2020-01-07,15.64,15.69,15.62,15.68,31.36,639201,0.0000,1.0
2020-01-06,15.71,15.73,15.57,15.62,31.24,1664564,0.0000,1.0
2020-01-03,15.44,15.49,15.4,15.45,30.9,1625144,0.0000,1.0
2020-01-02,15.24,15.27,15.19,15.25,30.5,2998713,0.0000,1.0
2019-12-31,15.17,15.21,15.125,15.14,30.28,1379871,0.0000,1.0
2019-12-30,15.11,15.125,15.096,15.12,30.24,459155,0.0000,1.0
2019-12-27,15.07,15.117,15.06,15.07,30.14,262153,0.0000,1.0
2019-12-26,15.05,15.09,15.032,15.08,30.16,714824,0.0000,1.0
2019-12-24,14.88,14.966,14.88,14.96,29.92,484326,0.0000,1.0
2019-12-23,14.78,14.825,14.78,14.81,29.62,265452,0.0000,1.0
2019-12-20,14.77,14.77,14.72,14.74,29.48,358084,0.0000,1.0
2019-12-19,14.73,14.775,14.71,14.755,29.51,486845,0.0000,1.0
2019-12-18,14.71,14.745,14.7,14.71,29.42,447123,0.0000,1.0
2019-12-17,14.73,14.74,14.71,14.72,29.44,418768,0.0000,1.0
2019-12-16,14.75,14.76,14.7,14.72,29.44,374256,0.0000,1.0
2019-12-13,14.68,14.74,14.62,14.73,29.46,552555,0.0000,1.0
2019-12-12,14.81,14.81,14.61,14.66,29.32,2100248,0.0000,1.0
2019-12-11,14.64,14.75,14.63,14.72,29.44,414863,0.0000,1.0
2019-12-10,14.645,14.645,14.589,14.61,29.22,5636320,0.0000,1.0
2019-12-09,14.6,14.6,14.55,14.57,29.14,556027,0.0000,1.0
2019-12-06,14.59,14.6,14.55,14.57,29.14,1184381,0.0000,1.0
2019-12-05,14.69,14.77,14.69,14.73,29.46,1566397,0.0000,1.0
2019-12-04,14.74,14.74,14.68,14.71,29.42,1728898,0.0000,1.0
2019-12-03,14.72,14.78,14.716,14.74,29.48,1173810,0.0000,1.0
2019-12-02,14.55,14.615,14.55,14.6,29.2,1563830,0.0000,1.0
2019-11-29,14.52,14.63,14.515,14.61,29.22,481097,0.0000,1.0
2019-11-27,14.52,14.53,14.49,14.51,29.02,474213,0.0000,1.0
2019-11-26,14.516,14.59,14.47,14.59,29.18,945553,0.0000,1.0
2019-11-25,14.54,14.567,14.5,14.51,29.02,508424,0.0000,1.0
2019-11-22,14.66,14.66,14.58,14.59,29.18,1073060,0.0000,1.0
2019-11-21,14.66,14.67,14.59,14.62,29.24,781367,0.0000,1.0
2019-11-20,14.67,14.72,14.62,14.7,29.4,1606610,0.0000,1.0
2019-11-19,14.63,14.72,14.63,14.68,29.36,1231742,0.0000,1.0
2019-11-18,14.67,14.705,14.644,14.69,29.38,745012,0.0000,1.0
2019-11-15,14.61,14.66,14.61,14.64,29.28,370823,0.0000,1.0
2019-11-14,14.66,14.71,14.61,14.67,29.34,774828,0.0000,1.0
2019-11-13,14.6,14.635,14.57,14.61,29.22,995895,0.0000,1.0
2019-11-12,14.52,14.575,14.43,14.55,29.1,578323,0.0000,1.0
2019-11-11,14.57,14.59,14.454,14.51,29.02,876941,0.0000,1.0
2019-11-08,14.59,14.65,14.55,14.55,29.1,1658824,0.0000,1.0
2019-11-07,14.84,14.85,14.57,14.64,29.28,2074389,0.0000,1.0
2019-11-06,14.84,14.906,14.826,14.88,29.76,859952,0.0000,1.0
2019-11-05,14.9,14.915,14.76,14.81,29.62,1176127,0.0000,1.0
2019-11-04,15.06,15.085,15.01,15.04,30.08,1249268,0.0000,1.0
2019-11-01,15.06,15.13,15.04,15.09,30.18,998333,0.0000,1.0
2019-10-31,15.03,15.107,15.03,15.09,30.18,1023391,0.0000,1.0
2019-10-30,14.88,14.937,14.78,14.93,29.86,2693805,0.0000,1.0
2019-10-29,14.83,14.88,14.8,14.85,29.7,757109,0.0000,1.0
2019-10-28,14.96,14.96,14.863,14.9,29.8,728436,0.0000,1.0
2019-10-25,15.12,15.12,14.975,15.01,30.02,774781,0.0000,1.0
2019-10-24,14.93,15.01,14.927,14.98,29.96,946211,0.0000,1.0
2019-10-23,14.89,14.923,14.88,14.89,29.78,1035960,0.0000,1.0
2019-10-22,14.84,14.857,14.795,14.85,29.7,706748,0.0000,1.0
2019-10-21,14.9,14.91,14.78,14.8,29.6,702001,0.0000,1.0
2019-10-18,14.88,14.896,14.86,14.88,29.76,721837,0.0000,1.0
2019-10-17,14.88,14.935,14.87,14.88,29.76,1204005,0.0000,1.0
2019-10-16,14.84,14.879,14.79,14.87,29.74,889950,0.0000,1.0
2019-10-15,14.85,14.85,14.74,14.77,29.54,706925,0.0000,1.0
2019-10-14,14.88,14.91,14.86,14.89,29.78,548389,0.0000,1.0
2019-10-11,14.82,14.87,14.71,14.82,29.64,1812289,0.0000,1.0
2019-10-10,14.99,14.99,14.885,14.91,29.82,960499,0.0000,1.0
2019-10-09,15.06,15.09,15.0,15.04,30.08,811455,0.0000,1.0
2019-10-08,15.03,15.06,14.95,15.02,30.04,1537084,0.0000,1.0
2019-10-07,14.95,15.01,14.85,14.9,29.8,923416,0.0000,1.0
2019-10-04,14.98,15.065,14.95,15.02,30.04,1277550,0.0000,1.0
2019-10-03,14.96,15.16,14.96,15.02,30.04,1401445,0.0000,1.0
2019-10-02,14.91,15.02,14.875,14.95,29.9,1690291,0.0000,1.0
2019-10-01,14.62,14.835,14.59,14.77,29.54,2620435,0.0000,1.0
2019-09-30,14.8,14.84,14.615,14.7,29.4,2602565,0.0000,1.0
2019-09-27,14.86,14.995,14.84,14.94,29.88,1467732,0.0000,1.0
2019-09-26,15.06,15.09,14.99,15.02,30.04,1406641,0.0000,1.0
2019-09-25,15.25,15.27,14.98,15.02,30.04,1020054,0.0000,1.0
2019-09-24,15.16,15.325,15.13,15.3,30.6,1625736,0.0000,1.0
2019-09-23,15.16,15.23,15.14,15.21,30.42,891655,0.0000,1.0
2019-09-20,14.99,15.14,14.975,15.13,30.26,2596131,0.0000,1.0
2019-09-19,14.99,15.0,14.938,14.96,29.92,1380826,0.0000,1.0
2019-09-18,15.02,15.08,14.81,14.89,29.78,1578372,0.0000,1.0
2019-09-17,15.01,15.04,14.95,15.0,30.0,538130,0.0000,1.0
2019-09-16,14.99,15.03,14.92,14.96,29.92,764718,0.0000,1.0
2019-09-13,15.01,15.03,14.83,14.84,29.68,953683,0.0000,1.0
2019-09-12,15.11,15.15,14.94,14.96,29.92,1362860,0.0000,1.0
2019-09-11,14.86,14.955,14.85,14.93,29.86,612188,0.0000,1.0
2019-09-10,14.95,14.97,14.83,14.83,29.66,818979,0.0000,1.0
2019-09-09,15.06,15.08,14.95,14.97,29.94,434337,0.0000,1.0
2019-09-06,15.2,15.25,15.015,15.02,30.04,1448230,0.0000,1.0
2019-09-05,15.35,15.35,15.03,15.16,30.32,2149012,0.0000,1.0
2019-09-04,15.4,15.54,15.4,15.51,31.02,1915982,0.0000,1.0
2019-09-03,15.35,15.465,15.32,15.43,30.86,1701552,0.0000,1.0
2019-08-30,15.23,15.29,15.15,15.2,30.4,1432125,0.0000,1.0
2019-08-29,15.4,15.4,15.17,15.26,30.52,1574798,0.0000,1.0
2019-08-28,15.39,15.42,15.306,15.36,30.72,999056,0.0000,1.0
2019-08-27,15.28,15.42,15.27,15.39,30.78,1237194,0.0000,1.0
2019-08-26,15.29,15.35,15.234,15.25,30.5,928326,0.0000,1.0
2019-08-23,15.02,15.27,14.99,15.26,30.52,1350751,0.0000,1.0
2019-08-22,14.96,15.01,14.944,14.96,29.92,702451,0.0000,1.0
2019-08-21,14.99,15.045,14.98,15.0,30.0,575964,0.0000,1.0
2019-08-20,15.01,15.055,14.99,15.05,30.1,1059271,0.0000,1.0
2019-08-19,14.96,15.01,14.91,14.93,29.86,969355,0.0000,1.0
2019-08-16,15.11,15.145,15.01,15.11,30.22,1004220,0.0000,1.0
2019-08-15,15.14,15.24,15.097,15.2,30.4,1580801,0.0000,1.0
2019-08-14,15.13,15.21,15.03,15.12,30.24,2561865,0.0000,1.0
2019-08-13,15.15,15.17,14.77,15.0,30.0,3938923,0.0000,1.0
2019-08-12,14.99,15.165,14.99,15.08,30.16,1517825,0.0000,1.0
2019-08-09,14.96,15.02,14.92,14.95,29.9,803908,0.0000,1.0
2019-08-08,14.91,15.065,14.89,15.0,30.0,1290596,0.0000,1.0
2019-08-07,14.95,15.075,14.91,14.92,29.84,7928708,0.0000,1.0
2019-08-06,14.64,14.71,14.607,14.7,29.4,895717,0.0000,1.0
2019-08-05,14.6,14.67,14.51,14.59,29.18,1579332,0.0000,1.0
2019-08-02,14.33,14.45,14.33,14.38,28.76,1570488,0.0000,1.0
2019-08-01,14.02,14.432,14.01,14.43,28.86,1384286,0.0000,1.0
2019-07-31,14.28,14.31,14.08,14.098,28.196,1459040,0.0000,1.0
2019-07-30,14.27,14.3,14.222,14.28,28.56,1325714,0.0000,1.0
2019-07-29,14.19,14.26,14.13,14.24,28.48,875461,0.0000,1.0
2019-07-26,14.21,14.21,14.14,14.15,28.3,508507,0.0000,1.0
2019-07-25,14.21,14.21,14.083,14.12,28.24,869424,0.0000,1.0
2019-07-24,14.25,14.26,14.185,14.21,28.42,768356,0.0000,1.0
2019-07-23,14.23,14.278,14.136,14.14,28.28,987282,0.0000,1.0
2019-07-22,14.24,14.268,14.214,14.22,28.44,1285164,0.0000,1.0
2019-07-19,14.34,14.4,14.171,14.23,28.46,1744179,0.0000,1.0
2019-07-18,14.17,14.459,14.145,14.43,28.86,2204197,0.0000,1.0
2019-07-17,14.08,14.24,14.07,14.235,28.47,1382656,0.0000,1.0
2019-07-16,14.1,14.11,13.99,14.02,28.04,662362,0.0000,1.0
2019-07-15,14.1,14.125,14.05,14.12,28.24,653498,0.0000,1.0
2019-07-12,14.06,14.15,14.03,14.12,28.24,849084,0.0000,1.0
2019-07-11,14.12,14.14,14.015,14.04,28.08,1386118,0.0000,1.0
2019-07-10,14.07,14.16,14.02,14.15,28.3,1852823,0.0000,1.0
2019-07-09,13.9,13.977,13.88,13.945,27.89,583669,0.0000,1.0
2019-07-08,13.99,13.995,13.9,13.9,27.8,548304,0.0000,1.0
2019-07-05,13.91,14.0,13.85,13.99,27.98,736065,0.0000,1.0
2019-07-03,14.14,14.187,14.1,14.15,28.3,522724,0.0000,1.0
2019-07-02,13.9,14.13,13.88,14.12,28.24,1874184,0.0000,1.0
2019-07-01,13.91,13.93,13.81,13.81,27.62,1588662,0.0000,1.0
2019-06-28,14.08,14.108,14.04,14.09,28.18,591910,0.0000,1.0
2019-06-27,14.01,14.063,14.0,14.06,28.12,742572,0.0000,1.0
2019-06-26,14.07,14.128,14.02,14.07,28.14,1464996,0.0000,1.0
2019-06-25,14.28,14.34,14.1,14.2,28.4,2016504,0.0000,1.0
2019-06-24,14.05,14.18,14.02,14.17,28.34,1091580,0.0000,1.0
2019-06-21,13.95,13.98,13.87,13.97,27.94,600412,0.0000,1.0
2019-06-20,13.8,13.905,13.78,13.88,27.76,1009578,0.0000,1.0
2019-06-19,13.42,13.53,13.41,13.52,27.04,1495998,0.0000,1.0
2019-06-18,13.5,13.51,13.38,13.43,26.86,1928538,0.0000,1.0
2019-06-17,13.41,13.41,13.35,13.38,26.76,867572,0.0000,1.0
2019-06-14,13.46,13.49,13.36,13.39,26.78,736259,0.0000,1.0
2019-06-13,13.33,13.41,13.33,13.39,26.78,624792,0.0000,1.0
2019-06-12,13.28,13.348,13.28,13.3,26.6,835421,0.0000,1.0
2019-06-11,13.21,13.266,13.21,13.24,26.48,1084593,0.0000,1.0
2019-06-10,13.28,13.28,13.23,13.27,26.54,533251,0.0000,1.0
2019-06-07,13.41,13.46,13.3699,13.39,26.78,1170789,0.0000,1.0
2019-06-06,13.33,13.38,13.31,13.31,26.62,535472,0.0000,1.0
2019-06-05,13.35,13.37,13.26,13.27,26.54,1233152,0.0000,1.0
2019-06-04,13.21,13.26,13.18,13.24,26.48,1044704,0.0000,1.0
2019-06-03,13.13,13.26,13.11,13.23,26.46,1701587,0.0000,1.0
2019-05-31,12.97,13.05,12.947,13.04,26.08,1823751,0.0000,1.0
2019-05-30,12.79,12.87,12.78,12.87,25.74,304827,0.0000,1.0
2019-05-29,12.81,12.82,12.78,12.78,25.56,604293,0.0000,1.0
2019-05-28,12.77,12.785,12.743,12.78,25.56,1277979,0.0000,1.0
2019-05-24,12.82,12.83,12.79,12.83,25.66,649774,0.0000,1.0
2019-05-23,12.77,12.85,12.77,12.81,25.62,1028156,0.0000,1.0
2019-05-22,12.74,12.74,12.71,12.71,25.42,460501,0.0000,1.0
2019-05-21,12.7,12.73,12.68,12.72,25.44,547183,0.0000,1.0
2019-05-20,12.75,12.77,12.737,12.77,25.54,397142,0.0000,1.0
2019-05-17,12.81,12.81,12.733,12.77,25.54,829539,0.0000,1.0
2019-05-16,12.9,12.91,12.83,12.85,25.7,717004,0.0000,1.0
2019-05-15,12.97,12.983,12.93,12.95,25.9,1405990,0.0000,1.0
2019-05-14,12.97,12.98,12.92,12.95,25.9,573582,0.0000,1.0
2019-05-13,12.97,12.992,12.94,12.98,25.96,917557,0.0000,1.0
2019-05-10,12.85,12.87,12.83,12.85,25.7,652606,0.0000,1.0
2019-05-09,12.8,12.86,12.78,12.83,25.66,508139,0.0000,1.0
2019-05-08,12.86,12.86,12.772,12.79,25.58,438167,0.0000,1.0
2019-05-07,12.79,12.845,12.79,12.82,25.64,308845,0.0000,1.0
2019-05-06,12.76,12.81,12.755,12.79,25.58,108969,0.0000,1.0
2019-05-03,12.76,12.81,12.75,12.77,25.54,2018643,0.0000,1.0
2019-05-02,12.66,12.7,12.65,12.69,25.38,1221693,0.0000,1.0
2019-05-01,12.81,12.85,12.71,12.74,25.48,984883,0.0000,1.0
2019-04-30,12.79,12.83,12.79,12.82,25.64,376007,0.0000,1.0
2019-04-29,12.79,12.79,12.76,12.79,25.58,271411,0.0000,1.0
2019-04-26,12.82,12.8699,12.82,12.83,25.66,177401,0.0000,1.0
2019-04-25,12.77,12.808,12.742,12.75,25.5,529025,0.0000,1.0
2019-04-24,12.7,12.767,12.697,12.74,25.48,784700,0.0000,1.0
2019-04-23,12.65,12.717,12.645,12.7,25.4,2531671,0.0000,1.0
2019-04-22,12.74,12.749,12.72,12.74,25.48,570605,0.0000,1.0
2019-04-18,12.72,12.746,12.71,12.74,25.48,503048,0.0000,1.0
2019-04-17,12.74,12.745,12.71,12.73,25.46,281805,0.0000,1.0
2019-04-16,12.74,12.76,12.72,12.74,25.48,658343,0.0000,1.0
2019-04-15,12.82,12.89,12.81,12.87,25.74,177411,0.0000,1.0
2019-04-12,12.9,12.935,12.88,12.885,25.77,220275,0.0000,1.0
2019-04-11,12.96,12.98,12.88,12.9,25.8,558014,0.0000,1.0
2019-04-10,13.04,13.09,13.035,13.06,26.12,421405,0.0000,1.0
2019-04-09,13.04,13.045,13.01,13.03,26.06,500309,0.0000,1.0
2019-04-08,13.01,13.01,12.95,12.96,25.92,146442,0.0000,1.0
2019-04-05,12.89,12.91,12.87,12.9,25.8,212795,0.0000,1.0
2019-04-04,12.81,12.928,12.791,12.92,25.84,316158,0.0000,1.0
2019-04-03,12.88,12.9,12.86,12.88,25.76,288583,0.0000,1.0
2019-04-02,12.88,12.9,12.87,12.9,25.8,316327,0.0000,1.0
2019-04-01,12.95,12.95,12.85,12.86,25.72,1526648,0.0000,1.0
2019-03-29,12.98,12.98,12.9,12.91,25.82,699020,0.0000,1.0
2019-03-28,12.93,12.94,12.87,12.89,25.78,972816,0.0000,1.0
2019-03-27,13.15,13.15,13.06,13.08,26.16,395542,0.0000,1.0
2019-03-26,13.17,13.17,13.12,13.14,26.28,288088,0.0000,1.0
2019-03-25,13.18,13.227,13.16,13.2,26.4,472430,0.0000,1.0
2019-03-22,13.1,13.13,13.09,13.11,26.22,354020,0.0000,1.0
2019-03-21,13.15,13.15,13.015,13.07,26.14,600764,0.0000,1.0
2019-03-20,13.08,13.15,12.97,13.13,26.26,726966,0.0000,1.0
2019-03-19,13.08,13.09,13.0408,13.05,26.1,502188,0.0000,1.0
2019-03-18,13.04,13.05,12.997,13.02,26.04,189639,0.0000,1.0
2019-03-15,13.02,13.0453,13.0,13.01,26.02,502208,0.0000,1.0
2019-03-14,12.94,12.96,12.92,12.95,25.9,530697,0.0000,1.0
2019-03-13,13.07,13.1,13.05,13.09,26.18,332830,0.0000,1.0
2019-03-12,12.96,13.01,12.941,13.0,26.0,398745,0.0000,1.0
2019-03-11,12.96,12.96,12.89,12.92,25.84,313589,0.0000,1.0
2019-03-08,12.98,12.99,12.94,12.98,25.96,295885,0.0000,1.0
2019-03-07,12.82,12.86,12.82,12.85,25.7,133801,0.0000,1.0
2019-03-06,12.84,12.86,12.83,12.85,25.7,542463,0.0000,1.0
2019-03-05,12.84,12.87,12.796,12.87,25.74,735819,0.0000,1.0
2019-03-04,12.85,12.88,12.81,12.86,25.72,782206,0.0000,1.0
2019-03-01,13.06,13.109,12.89,12.89,25.78,1545573,0.0000,1.0
2019-02-28,13.19,13.19,13.11,13.12,26.24,902685,0.0000,1.0
2019-02-27,13.24,13.24,13.15,13.19,26.38,1531904,0.0000,1.0
2019-02-26,13.26,13.28,13.225,13.27,26.54,410031,0.0000,1.0
2019-02-25,13.3,13.32,13.24,13.26,26.52,1578205,0.0000,1.0
2019-02-22,13.28,13.3141,13.26,13.27,26.54,318666,0.0000,1.0
2019-02-21,13.33,13.34,13.22,13.22,26.44,1011758,0.0000,1.0
2019-02-20,13.43,13.45,13.36,13.38,26.76,1071445,0.0000,1.0
2019-02-19,13.33,13.4,13.315,13.3943,26.7886,297227,0.0000,1.0
2019-02-15,13.18,13.21,13.133,13.195,26.39,929325,0.0000,1.0
2019-02-14,13.1,13.13,13.06,13.11,26.22,596382,0.0000,1.0
2019-02-13,13.1,13.16,13.035,13.05,26.1,351650,0.0000,1.0
2019-02-12,13.11,13.11,13.07,13.1,26.2,160136,0.0000,1.0
2019-02-11,13.02,13.09,13.02,13.06,26.12,275523,0.0000,1.0
2019-02-08,13.12,13.14,13.11,13.12,26.24,183251,0.0000,1.0
2019-02-07,13.1,13.1,13.05,13.08,26.16,652011,0.0000,1.0
2019-02-06,13.13,13.13,13.05,13.05,26.1,678420,0.0000,1.0
2019-02-05,13.15,13.15,13.12,13.13,26.26,2589893,0.0000,1.0
2019-02-04,13.11,13.14,13.09,13.11,26.22,6874124,0.0000,1.0
2019-02-01,13.19,13.22,13.15,13.16,26.32,3030269,0.0000,1.0
2019-01-31,13.24,13.24,13.175,13.185,26.37,343696,0.0000,1.0
2019-01-30,13.09,13.22,13.08,13.17,26.34,189025,0.0000,1.0
2019-01-29,13.08,13.11,13.059,13.1,26.2,1154117,0.0000,1.0
2019-01-28,12.98,13.03,12.97,13.03,26.06,693454,0.0000,1.0
2019-01-25,12.91,12.99,12.9,12.99,25.98,910132,0.0000,1.0
2019-01-24,12.8,12.828,12.78,12.8,25.6,605727,0.0000,1.0
2019-01-23,12.79,12.847,12.78,12.81,25.62,469699,0.0000,1.0
2019-01-22,12.81,12.85,12.7803,12.83,25.66,1771601,0.0000,1.0
2019-01-18,12.82,12.84,12.79,12.79,25.58,1318479,0.0000,1.0
2019-01-17,12.9,12.92,12.88,12.9,25.8,751463,0.0000,1.0
2019-01-16,12.91,12.94,12.89,12.92,25.84,311991,0.0000,1.0
2019-01-15,12.93,12.931,12.86,12.87,25.74,1540108,0.0000,1.0
2019-01-14,12.92,12.92,12.889,12.91,25.82,837292,0.0000,1.0
2019-01-11,12.88,12.9,12.86,12.87,25.74,3082023,0.0000,1.0
2019-01-10,12.9,12.91,12.85,12.86,25.72,1069121,0.0000,1.0
2019-01-09,12.84,12.93,12.84,12.93,25.86,4236655,0.0000,1.0
2019-01-08,12.8,12.86,12.8,12.85,25.7,349494,0.0000,1.0
2019-01-07,12.93,12.93,12.86,12.89,25.78,191388,0.0000,1.0
2019-01-04,12.83,12.854,12.76,12.84,25.68,348892,0.0000,1.0
2019-01-03,12.88,12.95,12.87,12.94,25.88,1578391,0.0000,1.0
2019-01-02,12.83,12.8671,12.78,12.83,25.66,506382,0.0000,1.0
2018-12-31,12.8,12.82,12.7799,12.82,25.64,114730,0.0000,1.0
2018-12-28,12.78,12.8,12.76,12.79,25.58,259686,0.0000,1.0
2018-12-27,12.74,12.8,12.7,12.74,25.48,5231348,0.0000,1.0
2018-12-26,12.76,12.78,12.65,12.65,25.3,604135,0.0000,1.0
2018-12-24,12.64,12.7,12.64,12.7,25.4,841934,0.0000,1.0
2018-12-21,12.6,12.6,12.534,12.55,25.1,188995,0.0000,1.0
2018-12-20,12.59,12.66,12.55,12.6,25.2,640681,0.0000,1.0
2018-12-19,12.49,12.57,12.41,12.42,24.84,487944,0.0000,1.0
2018-12-18,12.46,12.49,12.46,12.48,24.96,212918,0.0000,1.0
2018-12-17,12.41,12.475,12.405,12.46,24.92,174947,0.0000,1.0
2018-12-14,12.33,12.4,12.32,12.37,24.74,108004,0.0000,1.0
2018-12-13,12.43,12.43,12.4,12.42,24.84,101805,0.0000,1.0
2018-12-12,12.43,12.46,12.43,12.45,24.9,100679,0.0000,1.0
2018-12-11,12.44,12.45,12.4,12.43,24.86,217748,0.0000,1.0
2018-12-10,12.44,12.46,12.415,12.44,24.88,545455,0.0000,1.0
2018-12-07,12.42,12.49,12.42,12.47,24.94,111389,0.0000,1.0
2018-12-06,12.42,12.44,12.365,12.38,24.76,172941,0.0000,1.0
2018-12-04,12.41,12.41,12.36,12.38,24.76,981064,0.0000,1.0
2018-12-03,12.32,12.34,12.29,12.29,24.58,272575,0.0000,1.0
2018-11-30,12.2,12.22,12.16,12.22,24.44,462931,0.0000,1.0
2018-11-29,12.26,12.28,12.22,12.23,24.46,70843,0.0000,1.0
2018-11-28,12.12,12.26,12.11,12.2,24.4,260986,0.0000,1.0
2018-11-27,12.21,12.21,12.11,12.14,24.28,188603,0.0000,1.0
2018-11-26,12.25,12.25,12.21,12.22,24.44,82081,0.0000,1.0
2018-11-23,12.24,12.24,12.22,12.22,24.44,15004,0.0000,1.0
2018-11-21,12.26,12.29,12.24,12.25,24.5,53463,0.0000,1.0
2018-11-20,12.26,12.26,12.195,12.22,24.44,60671,0.0000,1.0
2018-11-19,12.21,12.24,12.2,12.23,24.46,143898,0.0000,1.0
2018-11-16,12.24,12.25,12.19,12.21,24.42,177504,0.0000,1.0
2018-11-15,12.14,12.15,12.11,12.12,24.24,144753,0.0000,1.0
2018-11-14,12.0,12.15,11.99,12.11,24.22,77111,0.0000,1.0
2018-11-13,12.02,12.038,11.99,12.01,24.02,152890,0.0000,1.0
2018-11-12,12.03,12.05,12.0,12.0,24.0,142654,0.0000,1.0
2018-11-09,12.11,12.12,12.06,12.09,24.18,136108,0.0000,1.0
2018-11-08,12.24,12.26,12.2,12.23,24.46,360229,0.0000,1.0
2018-11-07,12.29,12.29,12.24,12.26,24.52,130710,0.0000,1.0
2018-11-06,12.31,12.31,12.24,12.26,24.52,147812,0.0000,1.0
2018-11-05,12.29,12.32,12.28,12.3,24.6,2727191,0.0000,1.0
2018-11-02,12.33,12.35,12.301,12.32,24.64,97167,0.0000,1.0
2018-11-01,12.3,12.365,12.28,12.33,24.66,1196610,0.0000,1.0
2018-10-31,12.15,12.17,12.12,12.16,24.32,334818,0.0000,1.0
2018-10-30,12.25,12.26,12.22,12.22,24.44,158419,0.0000,1.0
2018-10-29,12.31,12.31,12.24,12.29,24.58,264596,0.0000,1.0
2018-10-26,12.35,12.43,12.31,12.34,24.68,653869,0.0000,1.0
2018-10-25,12.32,12.33,12.28,12.29,24.58,175625,0.0000,1.0
2018-10-24,12.3,12.33,12.27,12.32,24.64,778898,0.0000,1.0
2018-10-23,12.38,12.38,12.3,12.3,24.6,501666,0.0000,1.0
2018-10-22,12.21,12.235,12.2,12.23,24.46,393329,0.0000,1.0
2018-10-19,12.29,12.29,12.25,12.26,24.52,136265,0.0000,1.0
2018-10-18,12.23,12.3,12.23,12.25,24.5,107062,0.0000,1.0
2018-10-17,12.25,12.29,12.22,12.24,24.48,73127,0.0000,1.0
2018-10-16,12.31,12.31,12.24,12.24,24.48,721508,0.0000,1.0
2018-10-15,12.27,12.3,12.24,12.24,24.48,120028,0.0000,1.0
2018-10-12,12.22,12.23,12.169,12.17,24.34,194385,0.0000,1.0
2018-10-11,12.07,12.26,12.056,12.22,24.44,462800,0.0000,1.0
2018-10-10,11.89,11.93,11.87,11.92,23.84,170993,0.0000,1.0
2018-10-09,11.88,11.91,11.84,11.9,23.8,81764,0.0000,1.0
2018-10-08,11.87,11.892,11.83,11.89,23.78,241305,0.0000,1.0
2018-10-05,12.03,12.05,12.0,12.03,24.06,135806,0.0000,1.0
2018-10-04,12.03,12.06,11.97,12.0,24.0,424488,0.0000,1.0
2018-10-03,12.03,12.05,11.97,11.99,23.98,586066,0.0000,1.0
2018-10-02,12.01,12.08,12.0,12.03,24.06,526333,0.0000,1.0
2018-10-01,11.88,11.9,11.85,11.9,23.8,65701,0.0000,1.0
2018-09-28,11.85,11.93,11.85,11.91,23.82,190809,0.0000,1.0
2018-09-27,11.85,11.87,11.82,11.84,23.68,761688,0.0000,1.0
2018-09-26,11.96,11.98,11.92,11.95,23.9,3576460,0.0000,1.0
2018-09-25,12.01,12.03,12.0,12.01,24.02,3390746,0.0000,1.0
2018-09-24,12.01,12.035,11.98,11.98,23.96,5225472,0.0000,1.0
2018-09-21,11.93,12.003,11.92,11.98,23.96,4396346,0.0000,1.0
2018-09-20,12.07,12.08,12.02,12.07,24.14,47965,0.0000,1.0
2018-09-19,12.04,12.05,12.02,12.03,24.06,239544,0.0000,1.0
2018-09-18,12.02,12.03,11.97,11.98,23.96,54737,0.0000,1.0
2018-09-17,12.01,12.05,12.0,12.01,24.02,185862,0.0000,1.0
2018-09-14,12.03,12.03,11.93,11.94,23.88,770729,0.0000,1.0
2018-09-13,12.12,12.12,12.0,12.0,24.0,750176,0.0000,1.0
2018-09-12,11.95,12.08,11.948,12.057,24.114,1380628,0.0000,1.0
2018-09-11,11.91,11.98,11.88,11.96,23.92,359759,0.0000,1.0
2018-09-10,11.96,11.98,11.94,11.949,23.898,935620,0.0000,1.0
2018-09-07,11.97,11.99,11.94,11.96,23.92,59840,0.0000,1.0
2018-09-06,12.03,12.06,11.98,11.99,23.98,344389,0.0000,1.0
2018-09-05,11.98,11.98,11.95,11.955,23.91,36084,0.0000,1.0
2018-09-04,11.91,11.93,11.9,11.93,23.86,27615,0.0000,1.0
2018-08-31,12.02,12.04,11.99,12.0,24.0,64378,0.0000,1.0
2018-08-30,12.03,12.03,11.97,12.01,24.02,91374,0.0000,1.0
2018-08-29,12.06,12.06,12.03,12.06,24.12,18165,0.0000,1.0
2018-08-28,12.12,12.13,12.0,12.01,24.02,116838,0.0000,1.0
2018-08-27,12.06,12.115,12.06,12.1,24.2,69414,0.0000,1.0
2018-08-24,11.97,12.08,11.96,12.06,24.12,77850,0.0000,1.0
2018-08-23,11.91,11.916,11.84,11.85,23.7,105104,0.0000,1.0
2018-08-22,11.98,11.98,11.94,11.96,23.92,544427,0.0000,1.0
2018-08-21,11.91,11.94,11.878,11.93,23.86,60088,0.0000,1.0
2018-08-20,11.87,11.91,11.85,11.896,23.792,94672,0.0000,1.0
2018-08-17,11.8,11.83,11.77,11.83,23.66,58501,0.0000,1.0
2018-08-16,11.77,11.81,11.736,11.736,23.472,383102,0.0000,1.0
2018-08-15,11.85,11.85,11.74,11.74,23.48,152419,0.0000,1.0
2018-08-14,11.97,11.98,11.92,11.94,23.88,96767,0.0000,1.0
2018-08-13,12.01,12.02,11.92,11.94,23.88,444825,0.0000,1.0
2018-08-10,12.12,12.16,12.107,12.11,24.22,117114,0.0000,1.0
2018-08-09,12.15,12.157,12.115,12.12,24.24,197958,0.0000,1.0
2018-08-08,12.12,12.13,12.08,12.13,24.26,651705,0.0000,1.0
2018-08-07,12.14,12.14,12.083,12.1,24.2,237989,0.0000,1.0
2018-08-06,12.11,12.11,12.07,12.07,24.14,48307,0.0000,1.0
2018-08-03,12.16,12.2,12.13,12.14,24.28,685953,0.0000,1.0
2018-08-02,12.17,12.17,12.09,12.09,24.18,1052774,0.0000,1.0
2018-08-01,12.21,12.215,12.165,12.165,24.33,1710402,0.0000,1.0
2018-07-31,12.2,12.28,12.18,12.25,24.5,87274,0.0000,1.0
2018-07-30,12.23,12.249,12.217,12.22,24.44,117548,0.0000,1.0
2018-07-27,12.24,12.26,12.22,12.23,24.46,40214,0.0000,1.0
2018-07-26,12.28,12.3,12.23,12.23,24.46,200931,0.0000,1.0
2018-07-25,12.34,12.34,12.29,12.32,24.64,117657,0.0000,1.0
2018-07-24,12.27,12.29,12.24,12.24,24.48,69811,0.0000,1.0
2018-07-23,12.28,12.28,12.226,12.25,24.5,90568,0.0000,1.0
2018-07-20,12.3,12.32,12.28,12.3,24.6,729876,0.0000,1.0
2018-07-19,12.16,12.295,12.16,12.22,24.44,1528047,0.0000,1.0
2018-07-18,12.27,12.33,12.235,12.27,24.54,129255,0.0000,1.0
2018-07-17,12.33,12.331,12.265,12.29,24.58,157355,0.0000,1.0
2018-07-16,12.42,12.42,12.385,12.42,24.84,112744,0.0000,1.0
2018-07-13,12.42,12.43,12.4,12.41,24.82,276135,0.0000,1.0
2018-07-12,12.46,12.487,12.46,12.47,24.94,219679,0.0000,1.0
2018-07-11,12.51,12.51,12.425,12.43,24.86,1073963,0.0000,1.0
2018-07-10,12.57,12.57,12.54,12.56,25.12,740850,0.0000,1.0
2018-07-09,12.64,12.64,12.586,12.59,25.18,1284349,0.0000,1.0
2018-07-06,12.57,12.57,12.54,12.557,25.114,151096,0.0000,1.0
2018-07-05,12.56,12.59,12.5499,12.58,25.16,150097,0.0000,1.0
2018-07-03,12.54,12.576,12.54,12.54,25.08,16724,0.0000,1.0
2018-07-02,12.49,12.49,12.4,12.41,24.82,51189,0.0000,1.0
2018-06-29,12.52,12.56,12.5,12.525,25.05,202781,0.0000,1.0
2018-06-28,12.62,12.62,12.47,12.486,24.972,110656,0.0000,1.0
2018-06-27,12.56,12.569,12.52,12.52,25.04,165608,0.0000,1.0
2018-06-26,12.6,12.62,12.58,12.588,25.176,1521148,0.0000,1.0
