Dates,ADXR Values
2023-07-20,4.8635
2023-07-19,4.8596
2023-07-18,4.8564
2023-07-17,4.8535
2023-07-14,4.8509
2023-07-13,4.8464
2023-07-12,4.8408
2023-07-11,4.8357
2023-07-10,4.8346
2023-07-07,4.8375
2023-07-06,4.8392
2023-07-05,4.8416
2023-07-03,4.8435
2023-06-30,4.8463
2023-06-29,4.8478
2023-06-28,4.8498
2023-06-27,4.8559
2023-06-26,4.8626
2023-06-23,4.8698
2023-06-22,4.8769
2023-06-21,4.8829
2023-06-20,4.8867
2023-06-16,4.8895
2023-06-15,4.8924
2023-06-14,4.8968
2023-06-13,4.8998
2023-06-12,4.9021
2023-06-09,4.9037
2023-06-08,4.9052
2023-06-07,4.9057
2023-06-06,4.9088
2023-06-05,4.9138
2023-06-02,4.9169
2023-06-01,4.9190
2023-05-31,4.9242
2023-05-30,4.9305
2023-05-26,4.9350
2023-05-25,4.9407
2023-05-24,4.9474
2023-05-23,4.9521
2023-05-22,4.9550
2023-05-19,4.9559
2023-05-18,4.9565
2023-05-17,4.9571
2023-05-16,4.9579
2023-05-15,4.9616
2023-05-12,4.9609
2023-05-11,4.9603
2023-05-10,4.9600
2023-05-09,4.9579
2023-05-08,4.9552
2023-05-05,4.9560
2023-05-04,4.9565
2023-05-03,4.9562
2023-05-02,4.9516
2023-05-01,4.9476
2023-04-28,4.9398
2023-04-27,4.9318
2023-04-26,4.9239
2023-04-25,4.9160
2023-04-24,4.9069
2023-04-21,4.8977
2023-04-20,4.8882
2023-04-19,4.8764
2023-04-18,4.8641
2023-04-17,4.8536
2023-04-14,4.8427
2023-04-13,4.8333
2023-04-12,4.8194
2023-04-11,4.8029
2023-04-10,4.7856
2023-04-06,4.7667
2023-04-05,4.7493
2023-04-04,4.7325
2023-04-03,4.7146
2023-03-31,4.6938
2023-03-30,4.6742
2023-03-29,4.6503
2023-03-28,4.6283
2023-03-27,4.6108
2023-03-24,4.5972
2023-03-23,4.5865
2023-03-22,4.5749
2023-03-21,4.5631
2023-03-20,4.5483
2023-03-17,4.5340
2023-03-16,4.5186
2023-03-15,4.5035
2023-03-14,4.4888
2023-03-13,4.4675
2023-03-10,4.4461
2023-03-09,4.4255
2023-03-08,4.4046
2023-03-07,4.3811
2023-03-06,4.3588
2023-03-03,4.3357
2023-03-02,4.3129
2023-03-01,4.2916
2023-02-28,4.2719
2023-02-27,4.2525
2023-02-24,4.2355
2023-02-23,4.2195
2023-02-22,4.2004
2023-02-21,4.1860
2023-02-17,4.1724
2023-02-16,4.1581
2023-02-15,4.1408
2023-02-14,4.1206
2023-02-13,4.1018
2023-02-10,4.0849
2023-02-09,4.0687
2023-02-08,4.0589
2023-02-07,4.0501
2023-02-06,4.0428
2023-02-03,4.0394
2023-02-02,4.0342
2023-02-01,4.0279
2023-01-31,4.0183
2023-01-30,4.0117
2023-01-27,4.0051
2023-01-26,3.9959
2023-01-25,3.9867
2023-01-24,3.9769
2023-01-23,3.9680
2023-01-20,3.9590
2023-01-19,3.9531
2023-01-18,3.9485
2023-01-17,3.9427
2023-01-13,3.9378
2023-01-12,3.9317
2023-01-11,3.9259
2023-01-10,3.9192
2023-01-09,3.9135
2023-01-06,3.9052
2023-01-05,3.8972
2023-01-04,3.8921
2023-01-03,3.8855
2022-12-30,3.8843
2022-12-29,3.8846
2022-12-28,3.8847
2022-12-27,3.8812
2022-12-23,3.8767
2022-12-22,3.8745
2022-12-21,3.8708
2022-12-20,3.8661
2022-12-19,3.8632
2022-12-16,3.8614
2022-12-15,3.8632
2022-12-14,3.8681
2022-12-13,3.8733
2022-12-12,3.8785
2022-12-09,3.8867
2022-12-08,3.8949
2022-12-07,3.9013
2022-12-06,3.9131
2022-12-05,3.9246
2022-12-02,3.9384
2022-12-01,3.9554
2022-11-30,3.9732
2022-11-29,3.9910
2022-11-28,4.0061
2022-11-25,4.0217
2022-11-23,4.0394
2022-11-22,4.0537
2022-11-21,4.0671
2022-11-18,4.0804
2022-11-17,4.0919
2022-11-16,4.1030
2022-11-15,4.1151
2022-11-14,4.1277
2022-11-11,4.1376
2022-11-10,4.1442
2022-11-09,4.1524
2022-11-08,4.1588
2022-11-07,4.1666
2022-11-04,4.1728
2022-11-03,4.1807
2022-11-02,4.1908
2022-11-01,4.2002
2022-10-31,4.2039
2022-10-28,4.2085
2022-10-27,4.2133
2022-10-26,4.2181
2022-10-25,4.2214
2022-10-24,4.2275
2022-10-21,4.2339
2022-10-20,4.2389
2022-10-19,4.2459
2022-10-18,4.2512
2022-10-17,4.2544
2022-10-14,4.2543
2022-10-13,4.2548
2022-10-12,4.2545
2022-10-11,4.2554
2022-10-10,4.2549
2022-10-07,4.2554
2022-10-06,4.2532
2022-10-05,4.2503
2022-10-04,4.2442
2022-10-03,4.2393
2022-09-30,4.2327
2022-09-29,4.2248
2022-09-28,4.2193
2022-09-27,4.2152
2022-09-26,4.2124
2022-09-23,4.2106
2022-09-22,4.2104
2022-09-21,4.2129
2022-09-20,4.2153
2022-09-19,4.2146
2022-09-16,4.2136
2022-09-15,4.2117
2022-09-14,4.2138
2022-09-13,4.2150
2022-09-12,4.2155
2022-09-09,4.2238
2022-09-08,4.2320
2022-09-07,4.2401
2022-09-06,4.2490
2022-09-02,4.2577
2022-09-01,4.2668
2022-08-31,4.2756
2022-08-30,4.2872
2022-08-29,4.3007
2022-08-26,4.3129
2022-08-25,4.3258
2022-08-24,4.3372
2022-08-23,4.3482
2022-08-22,4.3574
2022-08-19,4.3629
2022-08-18,4.3695
2022-08-17,4.3773
2022-08-16,4.3849
2022-08-15,4.3913
2022-08-12,4.3973
2022-08-11,4.4028
2022-08-10,4.4091
2022-08-09,4.4164
2022-08-08,4.4223
2022-08-05,4.4291
2022-08-04,4.4346
2022-08-03,4.4399
2022-08-02,4.4450
2022-08-01,4.4510
2022-07-29,4.4577
2022-07-28,4.4608
2022-07-27,4.4652
2022-07-26,4.4703
2022-07-25,4.4726
2022-07-22,4.4748
2022-07-21,4.4773
2022-07-20,4.4802
2022-07-19,4.4822
2022-07-18,4.4828
2022-07-15,4.4830
2022-07-14,4.4827
2022-07-13,4.4797
2022-07-12,4.4797
2022-07-11,4.4776
2022-07-08,4.4717
2022-07-07,4.4651
2022-07-06,4.4565
2022-07-05,4.4466
2022-07-01,4.4380
2022-06-30,4.4312
2022-06-29,4.4220
2022-06-28,4.4139
2022-06-27,4.4067
2022-06-24,4.3971
2022-06-23,4.3876
2022-06-22,4.3763
2022-06-21,4.3663
2022-06-17,4.3588
2022-06-16,4.3506
2022-06-15,4.3404
2022-06-14,4.3298
2022-06-13,4.3145
2022-06-10,4.2994
2022-06-09,4.2880
2022-06-08,4.2796
2022-06-07,4.2729
2022-06-06,4.2649
2022-06-03,4.2554
2022-06-02,4.2463
2022-06-01,4.2393
2022-05-31,4.2302
2022-05-27,4.2233
2022-05-26,4.2140
2022-05-25,4.2026
2022-05-24,4.1893
2022-05-23,4.1768
2022-05-20,4.1660
2022-05-19,4.1542
2022-05-18,4.1448
2022-05-17,4.1356
2022-05-16,4.1278
2022-05-13,4.1182
2022-05-12,4.1083
2022-05-11,4.0957
2022-05-10,4.0856
2022-05-09,4.0790
2022-05-06,4.0731
2022-05-05,4.0707
2022-05-04,4.0685
2022-05-03,4.0670
2022-05-02,4.0625
2022-04-29,4.0544
2022-04-28,4.0515
2022-04-27,4.0498
2022-04-26,4.0474
2022-04-25,4.0504
2022-04-22,4.0526
2022-04-21,4.0563
2022-04-20,4.0622
2022-04-19,4.0658
2022-04-18,4.0686
2022-04-14,4.0696
2022-04-13,4.0700
2022-04-12,4.0698
2022-04-11,4.0679
2022-04-08,4.0650
2022-04-07,4.0586
2022-04-06,4.0527
2022-04-05,4.0486
2022-04-04,4.0471
2022-04-01,4.0469
2022-03-31,4.0492
2022-03-30,4.0518
2022-03-29,4.0532
2022-03-28,4.0531
2022-03-25,4.0506
2022-03-24,4.0484
2022-03-23,4.0447
2022-03-22,4.0415
2022-03-21,4.0377
2022-03-18,4.0328
2022-03-17,4.0313
2022-03-16,4.0283
2022-03-15,4.0235
2022-03-14,4.0163
2022-03-11,4.0101
2022-03-10,4.0044
2022-03-09,4.0004
2022-03-08,3.9970
2022-03-07,3.9944
2022-03-04,3.9928
2022-03-03,3.9965
2022-03-02,4.0042
2022-03-01,4.0121
2022-02-28,4.0212
2022-02-25,4.0313
2022-02-24,4.0404
2022-02-23,4.0472
2022-02-22,4.0561
2022-02-18,4.0631
2022-02-17,4.0752
2022-02-16,4.0901
2022-02-15,4.1056
2022-02-14,4.1211
2022-02-11,4.1330
2022-02-10,4.1456
2022-02-09,4.1594
2022-02-08,4.1709
2022-02-07,4.1795
2022-02-04,4.1879
2022-02-03,4.1959
2022-02-02,4.2042
2022-02-01,4.2131
2022-01-31,4.2214
2022-01-28,4.2241
2022-01-27,4.2222
2022-01-26,4.2210
2022-01-25,4.2203
2022-01-24,4.2224
2022-01-21,4.2251
2022-01-20,4.2308
2022-01-19,4.2395
2022-01-18,4.2491
2022-01-14,4.2552
2022-01-13,4.2621
2022-01-12,4.2696
2022-01-11,4.2773
2022-01-10,4.2846
2022-01-07,4.2914
2022-01-06,4.3010
2022-01-05,4.3107
2022-01-04,4.3197
2022-01-03,4.3271
2021-12-31,4.3302
2021-12-30,4.3305
2021-12-29,4.3307
2021-12-28,4.3317
2021-12-27,4.3326
2021-12-23,4.3286
2021-12-22,4.3275
2021-12-21,4.3290
2021-12-20,4.3319
2021-12-17,4.3349
2021-12-16,4.3399
2021-12-15,4.3457
2021-12-14,4.3496
2021-12-13,4.3533
2021-12-10,4.3593
2021-12-09,4.3681
2021-12-08,4.3791
2021-12-07,4.3901
2021-12-06,4.4007
2021-12-03,4.4137
2021-12-02,4.4232
2021-12-01,4.4335
2021-11-30,4.4444
2021-11-29,4.4561
2021-11-26,4.4686
2021-11-24,4.4806
2021-11-23,4.4970
2021-11-22,4.5131
2021-11-19,4.5299
2021-11-18,4.5494
2021-11-17,4.5696
2021-11-16,4.5896
2021-11-15,4.6103
2021-11-12,4.6296
2021-11-11,4.6493
2021-11-10,4.6687
2021-11-09,4.6890
2021-11-08,4.7082
2021-11-05,4.7308
2021-11-04,4.7523
2021-11-03,4.7707
2021-11-02,4.7884
2021-11-01,4.8048
2021-10-29,4.8220
2021-10-28,4.8376
2021-10-27,4.8523
2021-10-26,4.8688
2021-10-25,4.8862
2021-10-22,4.9052
2021-10-21,4.9226
2021-10-20,4.9396
2021-10-19,4.9572
2021-10-18,4.9750
2021-10-15,4.9937
2021-10-14,5.0104
2021-10-13,5.0271
2021-10-12,5.0443
2021-10-11,5.0634
2021-10-08,5.0831
2021-10-07,5.1009
2021-10-06,5.1191
2021-10-05,5.1373
2021-10-04,5.1545
2021-10-01,5.1714
2021-09-30,5.1867
2021-09-29,5.2018
2021-09-28,5.2177
2021-09-27,5.2323
2021-09-24,5.2493
2021-09-23,5.2644
2021-09-22,5.2779
2021-09-21,5.2892
2021-09-20,5.3000
2021-09-17,5.3108
2021-09-16,5.3276
2021-09-15,5.3466
2021-09-14,5.3652
2021-09-13,5.3820
2021-09-10,5.3987
2021-09-09,5.4150
2021-09-08,5.4336
2021-09-07,5.4541
2021-09-03,5.4751
2021-09-02,5.4969
2021-09-01,5.5218
2021-08-31,5.5441
2021-08-30,5.5622
2021-08-27,5.5798
2021-08-26,5.5986
2021-08-25,5.6174
2021-08-24,5.6348
2021-08-23,5.6454
2021-08-20,5.6549
2021-08-19,5.6622
2021-08-18,5.6696
2021-08-17,5.6777
2021-08-16,5.6860
2021-08-13,5.6973
2021-08-12,5.7069
2021-08-11,5.7175
2021-08-10,5.7296
2021-08-09,5.7443
2021-08-06,5.7599
2021-08-05,5.7740
2021-08-04,5.7893
2021-08-03,5.8047
2021-08-02,5.8214
2021-07-30,5.8348
2021-07-29,5.8490
2021-07-28,5.8615
2021-07-27,5.8750
2021-07-26,5.8918
2021-07-23,5.9083
2021-07-22,5.9239
2021-07-21,5.9389
2021-07-20,5.9561
2021-07-19,5.9708
2021-07-16,5.9847
2021-07-15,6.0018
2021-07-14,6.0187
2021-07-13,6.0350
2021-07-12,6.0471
2021-07-09,6.0552
2021-07-08,6.0648
2021-07-07,6.0762
2021-07-06,6.0861
2021-07-02,6.0966
2021-07-01,6.1070
2021-06-30,6.1158
2021-06-29,6.1255
2021-06-28,6.1345
2021-06-25,6.1414
2021-06-24,6.1458
2021-06-23,6.1504
2021-06-22,6.1569
2021-06-21,6.1650
2021-06-18,6.1740
2021-06-17,6.1833
2021-06-16,6.1922
2021-06-15,6.2005
2021-06-14,6.2080
2021-06-11,6.2157
2021-06-10,6.2213
2021-06-09,6.2265
2021-06-08,6.2316
2021-06-07,6.2341
2021-06-04,6.2374
2021-06-03,6.2419
2021-06-02,6.2458
2021-06-01,6.2488
2021-05-28,6.2528
2021-05-27,6.2586
2021-05-26,6.2640
2021-05-25,6.2737
2021-05-24,6.2809
2021-05-21,6.2876
2021-05-20,6.2954
2021-05-19,6.3053
2021-05-18,6.3143
2021-05-17,6.3205
2021-05-14,6.3286
2021-05-13,6.3373
2021-05-12,6.3465
2021-05-11,6.3566
2021-05-10,6.3659
2021-05-07,6.3738
2021-05-06,6.3835
2021-05-05,6.3946
2021-05-04,6.4058
2021-05-03,6.4155
2021-04-30,6.4238
2021-04-29,6.4326
2021-04-28,6.4422
2021-04-27,6.4496
2021-04-26,6.4554
2021-04-23,6.4600
2021-04-22,6.4670
2021-04-21,6.4744
2021-04-20,6.4833
2021-04-19,6.4923
2021-04-16,6.4981
2021-04-15,6.5029
2021-04-14,6.5062
2021-04-13,6.5089
2021-04-12,6.5078
2021-04-09,6.5079
2021-04-08,6.5084
2021-04-07,6.5104
2021-04-06,6.5117
2021-04-05,6.5124
2021-04-01,6.5131
2021-03-31,6.5154
2021-03-30,6.5174
2021-03-29,6.5170
2021-03-26,6.5161
2021-03-25,6.5161
2021-03-24,6.5235
2021-03-23,6.5321
2021-03-22,6.5419
2021-03-19,6.5451
2021-03-18,6.5406
2021-03-17,6.5312
2021-03-16,6.5181
2021-03-15,6.5041
2021-03-12,6.4868
2021-03-11,6.4728
2021-03-10,6.4603
2021-03-09,6.4492
2021-03-08,6.4401
2021-03-05,6.4322
2021-03-04,6.4219
2021-03-03,6.4101
2021-03-02,6.3963
2021-03-01,6.3807
2021-02-26,6.3651
2021-02-25,6.3522
2021-02-24,6.3394
2021-02-23,6.3271
2021-02-22,6.3195
2021-02-19,6.3094
2021-02-18,6.2989
2021-02-17,6.2900
2021-02-16,6.2791
2021-02-12,6.2702
2021-02-11,6.2624
2021-02-10,6.2552
2021-02-09,6.2446
2021-02-08,6.2325
2021-02-05,6.2225
2021-02-04,6.2139
2021-02-03,6.2045
2021-02-02,6.1964
2021-02-01,6.1886
2021-01-29,6.1797
2021-01-28,6.1679
2021-01-27,6.1569
2021-01-26,6.1469
2021-01-25,6.1398
2021-01-22,6.1332
2021-01-21,6.1256
2021-01-20,6.1174
2021-01-19,6.1039
2021-01-15,6.0864
2021-01-14,6.0693
2021-01-13,6.0530
2021-01-12,6.0418
2021-01-11,6.0286
2021-01-08,6.0186
2021-01-07,6.0091
2021-01-06,5.9952
2021-01-05,5.9678
2021-01-04,5.9367
2020-12-31,5.9039
2020-12-30,5.8671
2020-12-29,5.8296
2020-12-28,5.7941
2020-12-24,5.7645
2020-12-23,5.7413
2020-12-22,5.7172
2020-12-21,5.7004
2020-12-18,5.6912
2020-12-17,5.6822
2020-12-16,5.6793
2020-12-15,5.6776
2020-12-14,5.6807
2020-12-11,5.6830
2020-12-10,5.6838
2020-12-09,5.6818
2020-12-08,5.6838
2020-12-07,5.6898
2020-12-04,5.6952
2020-12-03,5.7058
2020-12-02,5.7206
2020-12-01,5.7413
2020-11-30,5.7640
2020-11-27,5.7864
2020-11-25,5.8076
2020-11-24,5.8303
2020-11-23,5.8528
2020-11-20,5.8769
2020-11-19,5.9025
2020-11-18,5.9264
2020-11-17,5.9496
2020-11-16,5.9713
2020-11-13,5.9877
2020-11-12,6.0001
2020-11-11,6.0125
2020-11-10,6.0262
2020-11-09,6.0404
2020-11-06,6.0496
2020-11-05,6.0519
2020-11-04,6.0540
2020-11-03,6.0529
2020-11-02,6.0500
2020-10-30,6.0464
2020-10-29,6.0477
2020-10-28,6.0521
2020-10-27,6.0570
2020-10-26,6.0637
2020-10-23,6.0719
2020-10-22,6.0818
2020-10-21,6.0924
2020-10-20,6.1001
2020-10-19,6.1087
2020-10-16,6.1144
2020-10-15,6.1210
2020-10-14,6.1248
2020-10-13,6.1274
2020-10-12,6.1306
2020-10-09,6.1358
2020-10-08,6.1412
2020-10-07,6.1470
2020-10-06,6.1529
2020-10-05,6.1572
2020-10-02,6.1642
2020-10-01,6.1708
2020-09-30,6.1769
2020-09-29,6.1842
2020-09-28,6.1944
2020-09-25,6.2047
2020-09-24,6.2117
2020-09-23,6.2197
2020-09-22,6.2298
2020-09-21,6.2409
2020-09-18,6.2505
2020-09-17,6.2627
2020-09-16,6.2746
2020-09-15,6.2889
2020-09-14,6.3061
2020-09-11,6.3224
2020-09-10,6.3363
2020-09-09,6.3506
2020-09-08,6.3651
2020-09-04,6.3812
2020-09-03,6.3983
2020-09-02,6.4164
2020-09-01,6.4311
2020-08-31,6.4466
2020-08-28,6.4642
2020-08-27,6.4827
2020-08-26,6.5014
2020-08-25,6.5185
2020-08-24,6.5325
2020-08-21,6.5473
2020-08-20,6.5595
2020-08-19,6.5718
2020-08-18,6.5817
2020-08-17,6.5896
2020-08-14,6.5981
2020-08-13,6.6079
2020-08-12,6.6176
2020-08-11,6.6262
2020-08-10,6.6357
2020-08-07,6.6427
2020-08-06,6.6477
2020-08-05,6.6504
2020-08-04,6.6507
2020-08-03,6.6546
2020-07-31,6.6651
2020-07-30,6.6763
2020-07-29,6.6872
2020-07-28,6.6992
2020-07-27,6.7120
2020-07-24,6.7243
2020-07-23,6.7386
2020-07-22,6.7532
2020-07-21,6.7692
2020-07-20,6.7850
2020-07-17,6.7981
2020-07-16,6.8124
2020-07-15,6.8280
2020-07-14,6.8440
2020-07-13,6.8566
2020-07-10,6.8688
2020-07-09,6.8802
2020-07-08,6.8950
2020-07-07,6.9109
2020-07-06,6.9266
2020-07-02,6.9414
2020-07-01,6.9564
2020-06-30,6.9719
2020-06-29,6.9881
2020-06-26,7.0038
2020-06-25,7.0146
2020-06-24,7.0261
2020-06-23,7.0378
2020-06-22,7.0485
2020-06-19,7.0602
2020-06-18,7.0724
2020-06-17,7.0833
2020-06-16,7.0941
2020-06-15,7.1088
2020-06-12,7.1198
2020-06-11,7.1287
2020-06-10,7.1384
2020-06-09,7.1554
2020-06-08,7.1759
2020-06-05,7.1937
2020-06-04,7.2036
2020-06-03,7.2031
2020-06-02,7.1996
2020-06-01,7.1898
2020-05-29,7.1784
2020-05-28,7.1667
2020-05-27,7.1592
2020-05-26,7.1492
2020-05-22,7.1388
2020-05-21,7.1262
2020-05-20,7.1120
2020-05-19,7.0967
2020-05-18,7.0806
2020-05-15,7.0657
2020-05-14,7.0470
2020-05-13,7.0306
2020-05-12,7.0139
2020-05-11,6.9991
2020-05-08,6.9855
2020-05-07,6.9737
2020-05-06,6.9647
2020-05-05,6.9579
2020-05-04,6.9521
2020-05-01,6.9444
2020-04-30,6.9352
2020-04-29,6.9266
2020-04-28,6.9172
2020-04-27,6.9043
2020-04-24,6.8897
2020-04-23,6.8739
2020-04-22,6.8587
2020-04-21,6.8422
2020-04-20,6.8262
2020-04-17,6.8120
2020-04-16,6.7976
2020-04-15,6.7803
2020-04-14,6.7631
2020-04-13,6.7496
2020-04-09,6.7374
2020-04-08,6.7282
2020-04-07,6.7168
2020-04-06,6.7065
2020-04-03,6.6921
2020-04-02,6.6725
2020-04-01,6.6528
2020-03-31,6.6335
2020-03-30,6.6119
2020-03-27,6.5862
2020-03-26,6.5632
2020-03-25,6.5425
2020-03-24,6.5200
2020-03-23,6.4851
2020-03-20,6.4451
2020-03-19,6.4015
2020-03-18,6.3565
2020-03-17,6.3135
2020-03-16,6.2703
2020-03-13,6.2354
2020-03-12,6.2092
2020-03-11,6.1828
2020-03-10,6.1660
2020-03-09,6.1559
2020-03-06,6.1448
2020-03-05,6.1434
2020-03-04,6.1455
2020-03-03,6.1507
2020-03-02,6.1565
2020-02-28,6.1594
2020-02-27,6.1570
2020-02-26,6.1578
2020-02-25,6.1642
2020-02-24,6.1738
2020-02-21,6.1871
2020-02-20,6.2059
2020-02-19,6.2269
2020-02-18,6.2513
2020-02-14,6.2780
2020-02-13,6.3053
2020-02-12,6.3351
2020-02-11,6.3655
2020-02-10,6.3959
2020-02-07,6.4256
2020-02-06,6.4539
2020-02-05,6.4818
2020-02-04,6.5042
2020-02-03,6.5241
2020-01-31,6.5449
2020-01-30,6.5665
2020-01-29,6.5883
2020-01-28,6.6087
2020-01-27,6.6266
2020-01-24,6.6422
2020-01-23,6.6571
2020-01-22,6.6709
2020-01-21,6.6842
2020-01-17,6.6997
2020-01-16,6.7207
2020-01-15,6.7454
2020-01-14,6.7690
2020-01-13,6.7933
2020-01-10,6.8168
2020-01-09,6.8387
2020-01-08,6.8615
2020-01-07,6.8826
2020-01-06,6.9028
2020-01-03,6.9196
2020-01-02,6.9404
2019-12-31,6.9613
2019-12-30,6.9795
2019-12-27,6.9967
2019-12-26,7.0150
2019-12-24,7.0350
2019-12-23,7.0560
2019-12-20,7.0791
2019-12-19,7.1005
2019-12-18,7.1090
2019-12-17,7.1171
2019-12-16,7.1221
2019-12-13,7.1265
2019-12-12,7.1352
2019-12-11,7.1394
2019-12-10,7.1445
2019-12-09,7.1538
2019-12-06,7.1660
2019-12-05,7.1775
2019-12-04,7.1893
2019-12-03,7.2029
2019-12-02,7.2160
2019-11-29,7.2325
2019-11-27,7.2514
2019-11-26,7.2719
2019-11-25,7.2911
2019-11-22,7.3109
2019-11-21,7.3316
2019-11-20,7.3546
2019-11-19,7.3762
2019-11-18,7.3975
2019-11-15,7.4179
2019-11-14,7.4432
2019-11-13,7.4713
2019-11-12,7.5014
2019-11-11,7.5315
2019-11-08,7.5689
2019-11-07,7.6016
2019-11-06,7.6367
2019-11-05,7.6700
2019-11-04,7.7033
2019-11-01,7.7338
2019-10-31,7.7648
2019-10-30,7.7948
2019-10-29,7.8233
2019-10-28,7.8512
2019-10-25,7.8777
2019-10-24,7.9042
2019-10-23,7.9305
2019-10-22,7.9550
2019-10-21,7.9747
2019-10-18,7.9888
2019-10-17,8.0077
2019-10-16,8.0313
2019-10-15,8.0563
2019-10-14,8.0818
2019-10-11,8.1074
2019-10-10,8.1310
2019-10-09,8.1530
2019-10-08,8.1722
2019-10-07,8.1943
2019-10-04,8.2191
2019-10-03,8.2459
2019-10-02,8.2739
2019-10-01,8.3005
2019-09-30,8.3270
2019-09-27,8.3558
2019-09-26,8.3835
2019-09-25,8.4107
2019-09-24,8.4355
2019-09-23,8.4650
2019-09-20,8.4938
2019-09-19,8.5297
2019-09-18,8.5692
2019-09-17,8.6018
2019-09-16,8.6333
2019-09-13,8.6627
2019-09-12,8.6856
2019-09-11,8.7086
2019-09-10,8.7312
2019-09-09,8.7541
2019-09-06,8.7727
2019-09-05,8.7997
2019-09-04,8.8320
2019-09-03,8.8643
2019-08-30,8.8987
2019-08-29,8.9366
2019-08-28,8.9761
2019-08-27,9.0100
2019-08-26,9.0448
2019-08-23,9.0817
2019-08-22,9.1204
2019-08-21,9.1574
2019-08-20,9.1900
2019-08-19,9.2199
2019-08-16,9.2502
2019-08-15,9.2742
2019-08-14,9.2973
2019-08-13,9.3241
2019-08-12,9.3536
2019-08-09,9.3828
2019-08-08,9.4157
2019-08-07,9.4454
2019-08-06,9.4729
2019-08-05,9.5007
2019-08-02,9.5254
2019-08-01,9.5518
2019-07-31,9.5810
2019-07-30,9.6126
2019-07-29,9.6419
2019-07-26,9.6670
2019-07-25,9.6867
2019-07-24,9.7077
2019-07-23,9.7303
2019-07-22,9.7553
2019-07-19,9.7801
2019-07-18,9.8059
2019-07-17,9.8309
2019-07-16,9.8603
2019-07-15,9.8907
2019-07-12,9.9206
2019-07-11,9.9494
2019-07-10,9.9763
2019-07-09,10.0024
2019-07-08,10.0281
2019-07-05,10.0546
2019-07-03,10.0840
2019-07-02,10.1147
2019-07-01,10.1449
2019-06-28,10.1763
2019-06-27,10.2124
2019-06-26,10.2525
2019-06-25,10.2931
2019-06-24,10.3315
2019-06-21,10.3704
2019-06-20,10.4121
2019-06-19,10.4542
2019-06-18,10.4956
2019-06-17,10.5339
2019-06-14,10.5650
2019-06-13,10.5935
2019-06-12,10.6223
2019-06-11,10.6531
2019-06-10,10.6857
2019-06-07,10.7181
2019-06-06,10.7506
2019-06-05,10.7828
2019-06-04,10.8169
2019-06-03,10.8537
2019-05-31,10.8929
2019-05-30,10.9311
2019-05-29,10.9714
2019-05-28,11.0124
2019-05-24,11.0533
2019-05-23,11.0936
2019-05-22,11.1311
2019-05-21,11.1739
2019-05-20,11.2167
2019-05-17,11.2580
2019-05-16,11.2977
2019-05-15,11.3350
2019-05-14,11.3699
2019-05-13,11.4000
2019-05-10,11.4321
2019-05-09,11.4690
2019-05-08,11.5019
2019-05-07,11.5380
2019-05-06,11.5744
2019-05-03,11.6131
2019-05-02,11.6547
2019-05-01,11.6975
2019-04-30,11.7427
2019-04-29,11.7902
2019-04-26,11.8404
2019-04-25,11.8917
2019-04-24,11.9416
2019-04-23,11.9933
2019-04-22,12.0471
2019-04-18,12.1017
2019-04-17,12.1562
2019-04-16,12.2124
2019-04-15,12.2660
2019-04-12,12.3191
2019-04-11,12.3712
2019-04-10,12.4240
2019-04-09,12.4767
2019-04-08,12.5268
2019-04-05,12.5784
2019-04-04,12.6294
2019-04-03,12.6811
2019-04-02,12.7281
2019-04-01,12.7734
2019-03-29,12.8169
2019-03-28,12.8569
2019-03-27,12.8931
2019-03-26,12.9290
2019-03-25,12.9665
2019-03-22,13.0025
2019-03-21,13.0395
2019-03-20,13.0834
2019-03-19,13.1279
2019-03-18,13.1743
2019-03-15,13.2198
2019-03-14,13.2642
2019-03-13,13.3106
2019-03-12,13.3540
2019-03-11,13.3990
2019-03-08,13.4447
2019-03-07,13.4751
2019-03-06,13.5034
2019-03-05,13.5354
2019-03-04,13.5687
2019-03-01,13.6026
2019-02-28,13.6320
2019-02-27,13.6611
2019-02-26,13.6929
2019-02-25,13.7263
2019-02-22,13.7605
2019-02-21,13.7988
2019-02-20,13.8379
2019-02-19,13.8798
2019-02-15,13.9247
2019-02-14,13.9674
2019-02-13,14.0119
2019-02-12,14.0520
2019-02-11,14.0905
2019-02-08,14.1294
2019-02-07,14.1702
2019-02-06,14.2097
2019-02-05,14.2423
2019-02-04,14.2761
2019-02-01,14.3128
2019-01-31,14.3510
2019-01-30,14.3917
2019-01-29,14.4354
2019-01-28,14.4865
2019-01-25,14.5343
2019-01-24,14.5836
2019-01-23,14.6302
2019-01-22,14.6775
2019-01-18,14.7253
2019-01-17,14.7713
2019-01-16,14.8213
2019-01-15,14.8626
2019-01-14,14.9041
2019-01-11,14.9429
2019-01-10,14.9855
2019-01-09,15.0235
2019-01-08,15.0570
2019-01-07,15.0890
2019-01-04,15.1173
2019-01-03,15.1352
2019-01-02,15.1512
2018-12-31,15.1714
2018-12-28,15.1944
2018-12-27,15.2167
2018-12-26,15.2377
2018-12-24,15.2481
2018-12-21,15.2510
2018-12-20,15.2523
2018-12-19,15.2557
2018-12-18,15.2635
2018-12-17,15.2691
2018-12-14,15.2732
2018-12-13,15.2800
2018-12-12,15.2816
2018-12-11,15.2717
2018-12-10,15.2624
2018-12-07,15.2530
2018-12-06,15.2477
2018-12-04,15.2412
2018-12-03,15.2427
2018-11-30,15.2505
2018-11-29,15.2491
2018-11-28,15.2473
2018-11-27,15.2460
2018-11-26,15.2388
2018-11-23,15.2317
2018-11-21,15.2284
2018-11-20,15.2184
2018-11-19,15.1994
2018-11-16,15.1929
2018-11-15,15.1914
2018-11-14,15.1638
2018-11-13,15.1355
2018-11-12,15.1071
2018-11-09,15.0894
2018-11-08,15.0616
2018-11-07,15.0323
2018-11-06,15.0050
2018-11-05,14.9814
2018-11-02,14.9590
2018-11-01,14.9363
2018-10-31,14.9097
2018-10-30,14.8789
2018-10-29,14.8429
2018-10-26,14.8088
2018-10-25,14.7830
2018-10-24,14.7608
2018-10-23,14.7417
2018-10-22,14.7268
2018-10-19,14.7142
2018-10-18,14.7019
2018-10-17,14.6945
2018-10-16,14.6846
2018-10-15,14.6755
2018-10-12,14.6688
2018-10-11,14.6623
2018-10-10,14.6546
2018-10-09,14.6418
2018-10-08,14.6231
2018-10-05,14.6031
2018-10-04,14.5772
2018-10-03,14.5511
2018-10-02,14.5245
2018-10-01,14.5000
2018-09-28,14.4778
2018-09-27,14.4596
2018-09-26,14.4454
2018-09-25,14.4350
2018-09-24,14.4193
2018-09-21,14.4050
2018-09-20,14.3940
2018-09-19,14.3824
2018-09-18,14.3696
2018-09-17,14.3609
2018-09-14,14.3551
2018-09-13,14.3533
2018-09-12,14.3535
2018-09-11,14.3566
2018-09-10,14.3635
2018-09-07,14.3686
2018-09-06,14.3727
2018-09-05,14.3769
2018-09-04,14.3849
2018-08-31,14.3919
2018-08-30,14.3981
2018-08-29,14.4041
2018-08-28,14.4082
2018-08-27,14.4124
2018-08-24,14.4168
2018-08-23,14.4183
2018-08-22,14.4203
2018-08-21,14.4212
2018-08-20,14.4241
2018-08-17,14.4282
2018-08-16,14.4365
2018-08-15,14.4439
2018-08-14,14.4558
2018-08-13,14.4642
2018-08-10,14.4710
2018-08-09,14.4783
2018-08-08,14.4729
2018-08-07,14.4676
2018-08-06,14.4630
2018-08-03,14.4642
2018-08-02,14.4635
2018-08-01,14.4638
2018-07-31,14.4581
2018-07-30,14.4496
2018-07-27,14.4415
2018-07-26,14.4302
2018-07-25,14.4210
2018-07-24,14.4148
2018-07-23,14.4043
2018-07-20,14.3956
2018-07-19,14.3879
2018-07-18,14.3783
2018-07-17,14.3702
2018-07-16,14.3637
2018-07-13,14.3583
2018-07-12,14.3519
2018-07-11,14.3489
2018-07-10,14.3469
2018-07-09,14.3378
2018-07-06,14.3324
2018-07-05,14.3301
2018-07-03,14.3289
2018-07-02,14.3272
2018-06-29,14.3296
2018-06-28,14.3322
2018-06-27,14.3374
2018-06-26,14.3393
2018-06-25,14.3439
2018-06-22,14.3505
2018-06-21,14.3550
2018-06-20,14.3594
2018-06-19,14.3597
2018-06-18,14.3565
2018-06-15,14.3476
2018-06-14,14.3375
2018-06-13,14.3248
2018-06-12,14.3123
2018-06-11,14.2963
2018-06-08,14.2785
2018-06-07,14.2608
2018-06-06,14.2427
2018-06-05,14.2277
2018-06-04,14.2159
2018-06-01,14.2033
2018-05-31,14.1903
2018-05-30,14.1782
2018-05-29,14.1664
2018-05-25,14.1559
2018-05-24,14.1410
2018-05-23,14.1235
2018-05-22,14.1022
2018-05-21,14.0794
2018-05-18,14.0556
2018-05-17,14.0373
2018-05-16,14.0199
2018-05-15,14.0015
2018-05-14,13.9797
2018-05-11,13.9590
2018-05-10,13.9392
2018-05-09,13.9245
2018-05-08,13.9267
2018-05-07,13.9322
2018-05-04,13.9381
2018-05-03,13.9480
2018-05-02,13.9597
2018-05-01,13.9706
2018-04-30,13.9801
2018-04-27,13.9858
2018-04-26,13.9908
2018-04-25,13.9944
2018-04-24,13.9999
2018-04-23,14.0072
2018-04-20,14.0091
2018-04-19,14.0117
2018-04-18,14.0132
2018-04-17,14.0172
2018-04-16,14.0223
2018-04-13,14.0303
2018-04-12,14.0349
2018-04-11,14.0374
2018-04-10,14.0391
2018-04-09,14.0408
2018-04-06,14.0449
2018-04-05,14.0499
2018-04-04,14.0496
2018-04-03,14.0558
2018-04-02,14.0572
2018-03-29,14.0613
2018-03-28,14.0646
2018-03-27,14.0729
2018-03-26,14.0776
2018-03-23,14.0782
2018-03-22,14.0793
2018-03-21,14.0822
2018-03-20,14.0751
2018-03-19,14.0663
2018-03-16,14.0603
2018-03-15,14.0588
2018-03-14,14.0547
2018-03-13,14.0514
2018-03-12,14.0383
2018-03-09,14.0216
2018-03-08,14.0021
2018-03-07,13.9843
2018-03-06,13.9683
2018-03-05,13.9513
2018-03-02,13.9373
2018-03-01,13.9231
2018-02-28,13.8969
2018-02-27,13.8585
2018-02-26,13.8202
2018-02-23,13.7842
2018-02-22,13.7502
2018-02-21,13.7083
2018-02-20,13.6669
2018-02-16,13.6278
2018-02-15,13.5876
2018-02-14,13.5491
2018-02-13,13.5140
2018-02-12,13.4787
2018-02-09,13.4418
2018-02-08,13.4103
2018-02-07,13.3715
2018-02-06,13.3223
2018-02-05,13.2796
2018-02-02,13.2381
2018-02-01,13.1692
2018-01-31,13.0968
2018-01-30,13.0242
2018-01-29,12.9614
2018-01-26,12.8942
2018-01-25,12.8250
2018-01-24,12.7553
2018-01-23,12.6867
2018-01-22,12.6179
2018-01-19,12.5496
2018-01-18,12.4770
2018-01-17,12.4017
2018-01-16,12.3270
2018-01-12,12.2524
2018-01-11,12.1820
2018-01-10,12.1158
2018-01-09,12.0529
2018-01-08,11.9919
2018-01-05,11.9344
2018-01-04,11.8754
2018-01-03,11.8229
2018-01-02,11.7702
2017-12-29,11.7137
2017-12-28,11.6568
2017-12-27,11.6003
2017-12-26,11.5442
2017-12-22,11.4878
2017-12-21,11.4322
2017-12-20,11.3740
2017-12-19,11.3102
2017-12-18,11.2448
2017-12-15,11.1793
2017-12-14,11.1139
2017-12-13,11.0473
2017-12-12,10.9790
2017-12-11,10.9129
2017-12-08,10.8528
2017-12-07,10.7901
2017-12-06,10.7295
2017-12-05,10.6737
2017-12-04,10.6179
2017-12-01,10.5604
2017-11-30,10.5073
2017-11-29,10.4571
2017-11-28,10.4123
2017-11-27,10.3695
2017-11-24,10.3272
2017-11-22,10.2873
2017-11-21,10.2485
2017-11-20,10.2099
2017-11-17,10.1720
2017-11-16,10.1382
2017-11-15,10.1034
2017-11-14,10.0685
2017-11-13,10.0325
2017-11-10,9.9966
2017-11-09,9.9604
2017-11-08,9.9202
2017-11-07,9.8749
2017-11-06,9.8308
2017-11-03,9.7948
2017-11-02,9.7614
2017-11-01,9.7271
2017-10-31,9.6956
2017-10-30,9.6634
2017-10-27,9.6305
2017-10-26,9.5967
2017-10-25,9.5615
2017-10-24,9.5243
2017-10-23,9.4768
2017-10-20,9.4305
2017-10-19,9.3847
2017-10-18,9.3425
2017-10-17,9.2998
2017-10-16,9.2600
2017-10-13,9.2164
2017-10-12,9.1711
2017-10-11,9.1251
2017-10-10,9.0788
2017-10-09,9.0328
2017-10-06,8.9879
2017-10-05,8.9434
2017-10-04,8.8992
2017-10-03,8.8568
2017-10-02,8.8144
2017-09-29,8.7741
2017-09-28,8.7329
2017-09-27,8.6906
2017-09-26,8.6469
2017-09-25,8.6056
2017-09-22,8.5649
2017-09-21,8.5203
2017-09-20,8.4785
2017-09-19,8.4347
2017-09-18,8.3930
2017-09-15,8.3519
2017-09-14,8.3131
2017-09-13,8.2779
2017-09-12,8.2460
2017-09-11,8.2110
2017-09-08,8.1755
2017-09-07,8.1425
2017-09-06,8.1125
2017-09-05,8.0842
2017-09-01,8.0530
2017-08-31,8.0170
2017-08-30,7.9807
2017-08-29,7.9424
2017-08-28,7.9055
2017-08-25,7.8710
2017-08-24,7.8385
2017-08-23,7.8073
2017-08-22,7.7764
2017-08-21,7.7476
2017-08-18,7.7202
2017-08-17,7.6911
2017-08-16,7.6599
2017-08-15,7.6264
2017-08-14,7.5932
2017-08-11,7.5613
2017-08-10,7.5307
2017-08-09,7.5020
2017-08-08,7.4699
2017-08-07,7.4308
2017-08-04,7.3928
2017-08-03,7.3557
2017-08-02,7.3173
2017-08-01,7.2761
2017-07-31,7.2333
2017-07-28,7.1856
2017-07-27,7.1423
2017-07-26,7.0990
2017-07-25,7.0628
2017-07-24,7.0395
2017-07-21,7.0184
2017-07-20,6.9973
2017-07-19,6.9753
2017-07-18,6.9529
2017-07-17,6.9323
2017-07-14,6.9104
2017-07-13,6.8887
2017-07-12,6.8678
2017-07-11,6.8461
2017-07-10,6.8264
2017-07-07,6.8087
2017-07-06,6.7900
2017-07-05,6.7698
2017-07-03,6.7496
2017-06-30,6.7311
2017-06-29,6.7130
2017-06-28,6.6952
2017-06-27,6.6747
2017-06-26,6.6541
2017-06-23,6.6342
2017-06-22,6.6187
2017-06-21,6.6054
2017-06-20,6.5925
2017-06-19,6.5775
2017-06-16,6.5622
2017-06-15,6.5488
2017-06-14,6.5390
2017-06-13,6.5327
2017-06-12,6.5280
2017-06-09,6.5234
2017-06-08,6.5180
2017-06-07,6.5131
2017-06-06,6.5098
2017-06-05,6.5055
2017-06-02,6.4993
2017-06-01,6.4921
2017-05-31,6.4884
2017-05-30,6.4818
2017-05-26,6.4747
2017-05-25,6.4673
2017-05-24,6.4601
2017-05-23,6.4531
2017-05-22,6.4469
2017-05-19,6.4401
2017-05-18,6.4371
2017-05-17,6.4374
2017-05-16,6.4339
2017-05-15,6.4274
2017-05-12,6.4202
2017-05-11,6.4127
2017-05-10,6.4080
2017-05-09,6.3991
2017-05-08,6.3805
2017-05-05,6.3625
2017-05-04,6.3479
2017-05-03,6.3348
2017-05-02,6.3221
2017-05-01,6.3074
2017-04-28,6.2914
2017-04-27,6.2731
2017-04-26,6.2553
2017-04-25,6.2389
2017-04-24,6.2198
2017-04-21,6.1992
2017-04-20,6.1778
2017-04-19,6.1564
2017-04-18,6.1373
2017-04-17,6.1202
2017-04-13,6.1035
2017-04-12,6.0862
2017-04-11,6.0659
2017-04-10,6.0443
2017-04-07,6.0252
2017-04-06,6.0127
2017-04-05,5.9996
2017-04-04,5.9865
2017-04-03,5.9745
2017-03-31,5.9597
2017-03-30,5.9431
2017-03-29,5.9287
2017-03-28,5.9135
2017-03-27,5.8998
2017-03-24,5.8876
2017-03-23,5.8756
2017-03-22,5.8610
2017-03-21,5.8468
2017-03-20,5.8314
2017-03-17,5.8070
2017-03-16,5.7819
2017-03-15,5.7565
2017-03-14,5.7328
2017-03-13,5.7114
2017-03-10,5.6904
2017-03-09,5.6682
2017-03-08,5.6428
2017-03-07,5.6146
2017-03-06,5.5875
2017-03-03,5.5607
2017-03-02,5.5354
2017-03-01,5.5095
2017-02-28,5.4842
2017-02-27,5.4616
2017-02-24,5.4421
2017-02-23,5.4234
2017-02-22,5.4054
2017-02-21,5.3871
2017-02-17,5.3685
2017-02-16,5.3515
2017-02-15,5.3363
2017-02-14,5.3227
2017-02-13,5.3116
2017-02-10,5.3005
2017-02-09,5.2932
2017-02-08,5.2872
2017-02-07,5.2769
2017-02-06,5.2644
2017-02-03,5.2560
2017-02-02,5.2480
2017-02-01,5.2389
2017-01-31,5.2302
2017-01-30,5.2207
2017-01-27,5.2098
2017-01-26,5.1951
2017-01-25,5.1796
2017-01-24,5.1643
2017-01-23,5.1571
2017-01-20,5.1512
2017-01-19,5.1433
2017-01-18,5.1348
2017-01-17,5.1272
2017-01-13,5.1183
2017-01-12,5.1073
2017-01-11,5.0968
2017-01-10,5.0867
2017-01-09,5.0745
2017-01-06,5.0649
2017-01-05,5.0549
2017-01-04,5.0471
2017-01-03,5.0415
2016-12-30,5.0379
2016-12-29,5.0327
2016-12-28,5.0244
2016-12-27,5.0117
2016-12-23,4.9963
2016-12-22,4.9811
2016-12-21,4.9643
2016-12-20,4.9462
2016-12-19,4.9292
2016-12-16,4.9125
2016-12-15,4.8967
2016-12-14,4.8806
2016-12-13,4.8607
2016-12-12,4.8401
2016-12-09,4.8214
2016-12-08,4.8022
2016-12-07,4.7837
2016-12-06,4.7649
2016-12-05,4.7460
2016-12-02,4.7278
2016-12-01,4.7107
2016-11-30,4.6919
2016-11-29,4.6747
2016-11-28,4.6570
2016-11-25,4.6370
2016-11-23,4.6133
2016-11-22,4.5894
2016-11-21,4.5779
2016-11-18,4.5670
2016-11-17,4.5579
2016-11-16,4.5514
2016-11-15,4.5437
2016-11-14,4.5320
2016-11-11,4.5174
2016-11-10,4.5051
2016-11-09,4.4907
2016-11-08,4.4774
2016-11-07,4.4665
2016-11-04,4.4649
2016-11-03,4.4626
2016-11-02,4.4597
2016-11-01,4.4555
2016-10-31,4.4490
2016-10-28,4.4476
2016-10-27,4.4461
2016-10-26,4.4458
2016-10-25,4.4472
2016-10-24,4.4535
2016-10-21,4.4580
2016-10-20,4.4606
2016-10-19,4.4669
2016-10-18,4.4778
2016-10-17,4.4898
2016-10-14,4.5016
2016-10-13,4.5185
2016-10-12,4.5332
2016-10-11,4.5500
2016-10-10,4.5659
2016-10-07,4.5823
2016-10-06,4.5966
2016-10-05,4.6108
2016-10-04,4.6241
2016-10-03,4.6357
2016-09-30,4.6504
2016-09-29,4.6668
2016-09-28,4.6825
2016-09-27,4.6952
2016-09-26,4.7096
2016-09-23,4.7250
2016-09-22,4.7393
2016-09-21,4.7562
2016-09-20,4.7696
2016-09-19,4.7816
2016-09-16,4.7947
2016-09-15,4.8050
2016-09-14,4.8159
2016-09-13,4.8294
2016-09-12,4.8424
2016-09-09,4.8548
2016-09-08,4.8693
2016-09-07,4.8862
2016-09-06,4.9022
2016-09-02,4.9193
2016-09-01,4.9366
2016-08-31,4.9539
2016-08-30,4.9707
2016-08-29,4.9884
2016-08-26,5.0078
2016-08-25,5.0290
2016-08-24,5.0496
2016-08-23,5.0696
2016-08-22,5.0895
2016-08-19,5.1083
2016-08-18,5.1258
2016-08-17,5.1453
2016-08-16,5.1635
2016-08-15,5.1817
2016-08-12,5.2016
2016-08-11,5.2205
2016-08-10,5.2383
2016-08-09,5.2579
2016-08-08,5.2761
2016-08-05,5.2947
2016-08-04,5.3080
2016-08-03,5.3190
2016-08-02,5.3292
2016-08-01,5.3397
2016-07-29,5.3503
2016-07-28,5.3605
2016-07-27,5.3768
2016-07-26,5.3959
2016-07-25,5.4101
2016-07-22,5.4219
2016-07-21,5.4320
2016-07-20,5.4421
2016-07-19,5.4516
2016-07-18,5.4595
2016-07-15,5.4650
2016-07-14,5.4700
2016-07-13,5.4718
2016-07-12,5.4737
2016-07-11,5.4776
2016-07-08,5.4809
2016-07-07,5.4858
2016-07-06,5.4895
2016-07-05,5.4949
2016-07-01,5.5025
2016-06-30,5.5149
2016-06-29,5.5243
2016-06-28,5.5309
2016-06-27,5.5330
2016-06-24,5.5348
2016-06-23,5.5396
2016-06-22,5.5504
2016-06-21,5.5574
2016-06-20,5.5606
2016-06-17,5.5657
2016-06-16,5.5651
2016-06-15,5.5625
2016-06-14,5.5660
2016-06-13,5.5689
2016-06-10,5.5715
2016-06-09,5.5716
2016-06-08,5.5734
2016-06-07,5.5749
2016-06-06,5.5932
2016-06-03,5.6084
2016-06-02,5.6129
2016-06-01,5.6150
2016-05-31,5.6171
2016-05-27,5.6192
2016-05-26,5.6239
2016-05-25,5.6313
2016-05-24,5.6344
2016-05-23,5.6359
2016-05-20,5.6404
2016-05-19,5.6439
2016-05-18,5.6470
2016-05-17,5.6549
2016-05-16,5.6644
2016-05-13,5.6730
2016-05-12,5.6831
2016-05-11,5.6944
2016-05-10,5.7085
2016-05-09,5.7203
2016-05-06,5.7269
2016-05-05,5.7310
2016-05-04,5.7343
2016-05-03,5.7401
2016-05-02,5.7447
2016-04-29,5.7506
2016-04-28,5.7544
2016-04-27,5.7608
2016-04-26,5.7673
2016-04-25,5.7712
2016-04-22,5.7748
2016-04-21,5.7806
2016-04-20,5.7875
2016-04-19,5.7933
2016-04-18,5.8055
2016-04-15,5.8151
2016-04-14,5.8246
2016-04-13,5.8353
2016-04-12,5.8456
2016-04-11,5.8507
2016-04-08,5.8561
2016-04-07,5.8614
2016-04-06,5.8640
2016-04-05,5.8642
2016-04-04,5.8645
2016-04-01,5.8642
2016-03-31,5.8659
2016-03-30,5.8683
2016-03-29,5.8740
2016-03-28,5.8781
2016-03-24,5.8835
2016-03-23,5.8900
2016-03-22,5.9007
2016-03-21,5.9128
2016-03-18,5.9250
2016-03-17,5.9343
2016-03-16,5.9383
2016-03-15,5.9397
2016-03-14,5.9422
2016-03-11,5.9446
2016-03-10,5.9440
2016-03-09,5.9436
2016-03-08,5.9436
2016-03-07,5.9401
2016-03-04,5.9350
2016-03-03,5.9292
2016-03-02,5.9202
2016-03-01,5.9119
2016-02-29,5.9035
2016-02-26,5.8932
2016-02-25,5.8848
2016-02-24,5.8750
2016-02-23,5.8622
2016-02-22,5.8530
2016-02-19,5.8480
2016-02-18,5.8414
2016-02-17,5.8354
2016-02-16,5.8269
2016-02-12,5.8135
2016-02-11,5.7971
2016-02-10,5.7768
2016-02-09,5.7678
2016-02-08,5.7560
2016-02-05,5.7437
2016-02-04,5.7325
2016-02-03,5.7213
2016-02-02,5.7032
2016-02-01,5.6837
2016-01-29,5.6675
2016-01-28,5.6470
2016-01-27,5.6226
2016-01-26,5.5991
2016-01-25,5.5817
2016-01-22,5.5618
2016-01-21,5.5432
2016-01-20,5.5237
2016-01-19,5.5031
2016-01-15,5.4891
2016-01-14,5.4761
2016-01-13,5.4646
2016-01-12,5.4509
2016-01-11,5.4387
2016-01-08,5.4294
2016-01-07,5.4214
2016-01-06,5.4130
2016-01-05,5.4048
2016-01-04,5.3970
2015-12-31,5.3869
2015-12-30,5.3820
2015-12-29,5.3760
2015-12-28,5.3715
2015-12-24,5.3665
2015-12-23,5.3627
2015-12-22,5.3568
2015-12-21,5.3498
2015-12-18,5.3403
2015-12-17,5.3297
2015-12-16,5.3232
2015-12-15,5.3158
2015-12-14,5.3083
2015-12-11,5.2979
2015-12-10,5.2926
2015-12-09,5.2901
2015-12-08,5.2853
2015-12-07,5.2811
2015-12-04,5.2737
2015-12-03,5.2668
2015-12-02,5.2605
2015-12-01,5.2568
2015-11-30,5.2559
2015-11-27,5.2590
2015-11-25,5.2609
2015-11-24,5.2634
2015-11-23,5.2662
2015-11-20,5.2692
2015-11-19,5.2713
2015-11-18,5.2718
2015-11-17,5.2735
2015-11-16,5.2775
2015-11-13,5.2807
2015-11-12,5.2848
2015-11-11,5.2872
2015-11-10,5.2913
2015-11-09,5.3027
2015-11-06,5.3236
2015-11-05,5.3401
2015-11-04,5.3547
2015-11-03,5.3688
2015-11-02,5.3883
2015-10-30,5.4085
2015-10-29,5.4302
2015-10-28,5.4529
2015-10-27,5.4763
2015-10-26,5.4975
2015-10-23,5.5226
2015-10-22,5.5465
2015-10-21,5.5713
2015-10-20,5.5939
2015-10-19,5.6145
2015-10-16,5.6308
2015-10-15,5.6467
2015-10-14,5.6606
2015-10-13,5.6724
2015-10-12,5.6899
2015-10-09,5.7085
2015-10-08,5.7264
2015-10-07,5.7456
2015-10-06,5.7659
2015-10-05,5.7847
2015-10-02,5.8020
2015-10-01,5.8152
2015-09-30,5.8282
2015-09-29,5.8384
2015-09-28,5.8453
2015-09-25,5.8560
2015-09-24,5.8699
2015-09-23,5.8819
2015-09-22,5.8953
2015-09-21,5.9074
2015-09-18,5.9220
2015-09-17,5.9360
2015-09-16,5.9522
2015-09-15,5.9653
2015-09-14,5.9753
2015-09-11,5.9841
2015-09-10,5.9920
2015-09-09,6.0009
2015-09-08,6.0115
2015-09-04,6.0210
2015-09-03,6.0267
2015-09-02,6.0361
2015-09-01,6.0465
2015-08-31,6.0547
2015-08-28,6.0674
2015-08-27,6.0818
2015-08-26,6.0942
2015-08-25,6.1026
2015-08-24,6.1119
2015-08-21,6.1209
2015-08-20,6.1481
2015-08-19,6.1739
2015-08-18,6.1929
2015-08-17,6.2096
2015-08-14,6.2245
2015-08-13,6.2391
2015-08-12,6.2529
2015-08-11,6.2673
2015-08-10,6.2777
2015-08-07,6.2874
2015-08-06,6.3009
2015-08-05,6.3169
2015-08-04,6.3291
2015-08-03,6.3421
2015-07-31,6.3517
2015-07-30,6.3603
2015-07-29,6.3758
2015-07-28,6.3909
2015-07-27,6.4105
2015-07-24,6.4297
2015-07-23,6.4451
2015-07-22,6.4598
2015-07-21,6.4724
2015-07-20,6.4884
2015-07-17,6.5041
2015-07-16,6.5192
2015-07-15,6.5279
2015-07-14,6.5378
2015-07-13,6.5485
2015-07-10,6.5616
2015-07-09,6.5762
2015-07-08,6.5924
2015-07-07,6.6079
2015-07-06,6.6228
2015-07-02,6.6419
2015-07-01,6.6608
2015-06-30,6.6810
2015-06-29,6.7036
2015-06-26,6.7249
2015-06-25,6.7414
2015-06-24,6.7570
2015-06-23,6.7723
2015-06-22,6.7866
2015-06-19,6.8029
2015-06-18,6.8178
2015-06-17,6.8335
2015-06-16,6.8521
2015-06-15,6.8693
2015-06-12,6.8867
2015-06-11,6.9025
2015-06-10,6.9172
2015-06-09,6.9342
2015-06-08,6.9541
2015-06-05,6.9737
2015-06-04,6.9935
2015-06-03,7.0148
2015-06-02,7.0346
2015-06-01,7.0561
2015-05-29,7.0804
2015-05-28,7.1036
2015-05-27,7.1238
2015-05-26,7.1467
2015-05-22,7.1682
2015-05-21,7.1860
2015-05-20,7.2011
2015-05-19,7.2181
2015-05-18,7.2333
2015-05-15,7.2491
2015-05-14,7.2660
2015-05-13,7.2843
2015-05-12,7.3052
2015-05-11,7.3267
2015-05-08,7.3472
2015-05-07,7.3709
2015-05-06,7.3966
2015-05-05,7.4190
2015-05-04,7.4425
2015-05-01,7.4657
2015-04-30,7.4883
2015-04-29,7.5092
2015-04-28,7.5247
2015-04-27,7.5396
2015-04-24,7.5555
2015-04-23,7.5719
2015-04-22,7.5852
2015-04-21,7.5985
2015-04-20,7.6054
2015-04-17,7.6141
2015-04-16,7.6251
2015-04-15,7.6345
2015-04-14,7.6429
2015-04-13,7.6504
2015-04-10,7.6566
2015-04-09,7.6634
2015-04-08,7.6679
2015-04-07,7.6695
2015-04-06,7.6691
2015-04-02,7.6723
2015-04-01,7.6769
2015-03-31,7.6811
2015-03-30,7.6812
2015-03-27,7.6816
2015-03-26,7.6859
2015-03-25,7.6878
2015-03-24,7.6835
2015-03-23,7.6732
2015-03-20,7.6610
2015-03-19,7.6476
2015-03-18,7.6365
2015-03-17,7.6238
2015-03-16,7.6128
2015-03-13,7.6032
2015-03-12,7.5950
2015-03-11,7.5848
2015-03-10,7.5759
2015-03-09,7.5673
2015-03-06,7.5578
2015-03-05,7.5501
2015-03-04,7.5404
2015-03-03,7.5296
2015-03-02,7.5190
2015-02-27,7.5105
2015-02-26,7.5014
2015-02-25,7.4915
2015-02-24,7.4809
2015-02-23,7.4707
2015-02-20,7.4598
2015-02-19,7.4485
2015-02-18,7.4410
2015-02-17,7.4363
2015-02-13,7.4358
2015-02-12,7.4363
2015-02-11,7.4384
2015-02-10,7.4418
2015-02-09,7.4459
2015-02-06,7.4472
2015-02-05,7.4457
2015-02-04,7.4430
2015-02-03,7.4436
2015-02-02,7.4455
2015-01-30,7.4490
2015-01-29,7.4537
2015-01-28,7.4601
2015-01-27,7.4747
2015-01-26,7.5005
2015-01-23,7.5205
2015-01-22,7.5387
2015-01-21,7.5585
2015-01-20,7.5814
2015-01-16,7.6025
2015-01-15,7.6235
2015-01-14,7.6444
2015-01-13,7.6665
2015-01-12,7.6900
2015-01-09,7.7168
2015-01-08,7.7434
2015-01-07,7.7686
2015-01-06,7.7969
2015-01-05,7.8268
2015-01-02,7.8534
2014-12-31,7.8801
2014-12-30,7.9060
2014-12-29,7.9267
2014-12-26,7.9472
2014-12-24,7.9707
2014-12-23,7.9943
2014-12-22,8.0173
2014-12-19,8.0406
2014-12-18,8.0648
2014-12-17,8.0844
2014-12-16,8.1025
2014-12-15,8.1204
2014-12-12,8.1340
2014-12-11,8.1498
2014-12-10,8.1667
2014-12-09,8.1874
2014-12-08,8.2080
2014-12-05,8.2257
2014-12-04,8.2382
2014-12-03,8.2521
2014-12-02,8.2654
2014-12-01,8.2770
2014-11-28,8.2864
2014-11-26,8.2939
2014-11-25,8.3026
2014-11-24,8.3095
2014-11-21,8.3183
2014-11-20,8.3309
2014-11-19,8.3469
2014-11-18,8.3684
2014-11-17,8.3928
2014-11-14,8.4178
2014-11-13,8.4394
2014-11-12,8.4618
2014-11-11,8.4824
2014-11-10,8.4984
2014-11-07,8.5006
2014-11-06,8.5033
2014-11-05,8.5048
2014-11-04,8.4995
2014-11-03,8.4934
2014-10-31,8.4890
2014-10-30,8.4859
2014-10-29,8.4798
2014-10-28,8.4749
2014-10-27,8.4690
2014-10-24,8.4566
2014-10-23,8.4433
2014-10-22,8.4303
2014-10-21,8.4188
2014-10-20,8.4122
2014-10-17,8.4038
2014-10-16,8.3956
2014-10-15,8.3853
2014-10-14,8.3744
2014-10-13,8.3691
2014-10-10,8.3615
2014-10-09,8.3549
2014-10-08,8.3512
2014-10-07,8.3472
2014-10-06,8.3451
2014-10-03,8.3426
2014-10-02,8.3406
2014-10-01,8.3361
2014-09-30,8.3344
2014-09-29,8.3297
2014-09-26,8.3257
2014-09-25,8.3214
2014-09-24,8.3179
2014-09-23,8.3099
2014-09-22,8.3026
2014-09-19,8.2963
2014-09-18,8.2906
2014-09-17,8.2835
2014-09-16,8.2742
2014-09-15,8.2648
2014-09-12,8.2563
2014-09-11,8.2476
2014-09-10,8.2387
2014-09-09,8.2244
2014-09-08,8.2132
2014-09-05,8.2006
2014-09-04,8.1835
2014-09-03,8.1627
2014-09-02,8.1490
2014-08-29,8.1368
2014-08-28,8.1248
2014-08-27,8.1102
2014-08-26,8.0935
2014-08-25,8.0763
2014-08-22,8.0591
2014-08-21,8.0402
2014-08-20,8.0229
2014-08-19,8.0020
2014-08-18,7.9841
2014-08-15,7.9688
2014-08-14,7.9550
2014-08-13,7.9430
2014-08-12,7.9298
2014-08-11,7.9149
2014-08-08,7.9032
2014-08-07,7.8899
2014-08-06,7.8841
2014-08-05,7.8786
2014-08-04,7.8740
2014-08-01,7.8690
2014-07-31,7.8664
2014-07-30,7.8662
2014-07-29,7.8678
2014-07-28,7.8679
2014-07-25,7.8685
2014-07-24,7.8745
2014-07-23,7.8788
2014-07-22,7.8810
2014-07-21,7.8798
2014-07-18,7.8807
2014-07-17,7.8794
2014-07-16,7.8766
2014-07-15,7.8726
2014-07-14,7.8642
2014-07-11,7.8538
2014-07-10,7.8464
2014-07-09,7.8397
2014-07-08,7.8340
2014-07-07,7.8267
2014-07-03,7.8127
2014-07-02,7.8008
2014-07-01,7.7919
2014-06-30,7.7853
2014-06-27,7.7859
2014-06-26,7.7863
2014-06-25,7.7887
2014-06-24,7.7923
2014-06-23,7.7939
2014-06-20,7.7932
2014-06-19,7.7895
2014-06-18,7.7871
2014-06-17,7.7871
2014-06-16,7.7875
2014-06-13,7.7879
2014-06-12,7.7910
2014-06-11,7.7930
2014-06-10,7.7880
2014-06-09,7.7811
2014-06-06,7.7724
2014-06-05,7.7651
2014-06-04,7.7569
2014-06-03,7.7508
2014-06-02,7.7453
2014-05-30,7.7413
2014-05-29,7.7336
2014-05-28,7.7249
2014-05-27,7.7186
2014-05-23,7.7117
2014-05-22,7.7049
2014-05-21,7.6991
2014-05-20,7.6933
2014-05-19,7.6864
2014-05-16,7.6778
2014-05-15,7.6710
2014-05-14,7.6645
2014-05-13,7.6555
2014-05-12,7.6476
2014-05-09,7.6372
2014-05-08,7.6276
2014-05-07,7.6168
2014-05-06,7.6084
2014-05-05,7.5999
2014-05-02,7.5917
2014-05-01,7.5858
2014-04-30,7.5849
2014-04-29,7.5840
2014-04-28,7.5842
2014-04-25,7.5845
2014-04-24,7.5666
2014-04-23,7.5515
2014-04-22,7.5350
2014-04-21,7.5222
2014-04-17,7.5116
2014-04-16,7.5029
2014-04-15,7.4968
2014-04-14,7.4881
2014-04-11,7.4812
2014-04-10,7.4746
2014-04-09,7.4691
2014-04-08,7.4659
2014-04-07,7.4646
2014-04-04,7.4597
2014-04-03,7.4476
2014-04-02,7.4277
2014-04-01,7.4073
2014-03-31,7.3882
2014-03-28,7.3724
2014-03-27,7.3589
2014-03-26,7.3465
2014-03-25,7.3313
2014-03-24,7.3151
2014-03-21,7.3006
2014-03-20,7.2901
2014-03-19,7.2802
2014-03-18,7.2681
2014-03-17,7.2524
2014-03-14,7.2362
2014-03-13,7.2218
2014-03-12,7.2088
2014-03-11,7.1902
2014-03-10,7.1705
2014-03-07,7.1516
2014-03-06,7.1263
2014-03-05,7.1025
2014-03-04,7.0763
2014-03-03,7.0496
2014-02-28,7.0287
2014-02-27,7.0055
2014-02-26,6.9860
2014-02-25,6.9689
2014-02-24,6.9519
2014-02-21,6.9314
2014-02-20,6.9132
2014-02-19,6.8948
2014-02-18,6.8756
2014-02-14,6.8560
2014-02-13,6.8387
2014-02-12,6.8237
2014-02-11,6.8071
2014-02-10,6.7904
2014-02-07,6.7746
2014-02-06,6.7620
2014-02-05,6.7541
2014-02-04,6.7543
2014-02-03,6.7527
2014-01-31,6.7478
2014-01-30,6.7441
2014-01-29,6.7376
2014-01-28,6.7255
2014-01-27,6.6998
2014-01-24,6.6714
2014-01-23,6.6418
2014-01-22,6.6058
2014-01-21,6.5702
2014-01-17,6.5380
2014-01-16,6.5083
2014-01-15,6.4803
2014-01-14,6.4525
2014-01-13,6.4245
2014-01-10,6.3896
2014-01-09,6.3528
2014-01-08,6.3163
2014-01-07,6.2801
2014-01-06,6.2465
2014-01-03,6.2149
2014-01-02,6.1847
2013-12-31,6.1537
2013-12-30,6.1225
2013-12-27,6.0915
2013-12-26,6.0583
2013-12-24,6.0267
2013-12-23,5.9972
2013-12-20,5.9677
2013-12-19,5.9412
2013-12-18,5.9189
2013-12-17,5.8964
2013-12-16,5.8746
2013-12-13,5.8569
2013-12-12,5.8430
2013-12-11,5.8290
2013-12-10,5.8140
2013-12-09,5.7989
2013-12-06,5.7810
2013-12-05,5.7633
2013-12-04,5.7484
2013-12-03,5.7360
2013-12-02,5.7212
2013-11-29,5.7014
2013-11-27,5.6814
2013-11-26,5.6613
2013-11-25,5.6422
2013-11-22,5.6246
2013-11-21,5.6020
2013-11-20,5.5818
2013-11-19,5.5595
2013-11-18,5.5290
2013-11-15,5.4968
2013-11-14,5.4681
2013-11-13,5.4399
2013-11-12,5.4130
2013-11-11,5.3844
2013-11-08,5.3543
2013-11-07,5.3258
2013-11-06,5.2980
2013-11-05,5.2675
2013-11-04,5.2367
2013-11-01,5.2029
2013-10-31,5.1703
2013-10-30,5.1397
2013-10-29,5.1075
2013-10-28,5.0820
2013-10-25,5.0556
2013-10-24,5.0282
2013-10-23,5.0039
2013-10-22,4.9802
2013-10-21,4.9632
2013-10-18,4.9464
2013-10-17,4.9251
2013-10-16,4.9043
2013-10-15,4.8871
2013-10-14,4.8749
2013-10-11,4.8616
2013-10-10,4.8453
2013-10-09,4.8279
2013-10-08,4.8156
2013-10-07,4.7999
2013-10-04,4.7825
2013-10-03,4.7652
2013-10-02,4.7487
2013-10-01,4.7311
2013-09-30,4.7113
2013-09-27,4.6914
2013-09-26,4.6665
2013-09-25,4.6396
2013-09-24,4.6135
2013-09-23,4.5889
2013-09-20,4.5675
2013-09-19,4.5440
2013-09-18,4.5151
2013-09-17,4.4875
2013-09-16,4.4621
2013-09-13,4.4388
2013-09-12,4.4231
2013-09-11,4.4081
2013-09-10,4.3950
2013-09-09,4.3841
2013-09-06,4.3747
2013-09-05,4.3673
2013-09-04,4.3601
2013-09-03,4.3517
2013-08-30,4.3461
2013-08-29,4.3422
2013-08-28,4.3350
2013-08-27,4.3294
2013-08-26,4.3245
2013-08-23,4.3170
2013-08-22,4.3100
2013-08-21,4.3043
2013-08-20,4.2963
2013-08-19,4.2865
2013-08-16,4.2777
2013-08-15,4.2705
2013-08-14,4.2648
2013-08-13,4.2548
2013-08-12,4.2468
2013-08-09,4.2383
2013-08-08,4.2293
2013-08-07,4.2191
2013-08-06,4.2097
2013-08-05,4.1983
2013-08-02,4.1855
2013-08-01,4.1699
2013-07-31,4.1556
2013-07-30,4.1410
2013-07-29,4.1262
2013-07-26,4.1130
2013-07-25,4.0966
2013-07-24,4.0789
2013-07-23,4.0588
2013-07-22,4.0401
2013-07-19,4.0224
2013-07-18,4.0059
2013-07-17,3.9882
2013-07-16,3.9753
2013-07-15,3.9623
2013-07-12,3.9493
2013-07-11,3.9357
2013-07-10,3.9078
2013-07-09,3.8821
2013-07-08,3.8577
2013-07-05,3.8336
2013-07-03,3.8114
2013-07-02,3.7929
2013-07-01,3.7735
2013-06-28,3.7501
2013-06-27,3.7280
2013-06-26,3.7059
2013-06-25,3.6901
2013-06-24,3.6771
2013-06-21,3.6621
2013-06-20,3.6437
2013-06-19,3.6213
2013-06-18,3.5915
2013-06-17,3.5617
2013-06-14,3.5325
2013-06-13,3.5034
2013-06-12,3.4746
2013-06-11,3.4456
2013-06-10,3.4202
2013-06-07,3.3943
2013-06-06,3.3683
2013-06-05,3.3467
2013-06-04,3.3247
2013-06-03,3.3002
2013-05-31,3.2758
2013-05-30,3.2512
2013-05-29,3.2267
2013-05-28,3.2038
2013-05-24,3.1784
2013-05-23,3.1540
2013-05-22,3.1283
2013-05-21,3.1008
2013-05-20,3.0723
2013-05-17,3.0449
2013-05-16,3.0184
2013-05-15,2.9938
2013-05-14,2.9679
2013-05-13,2.9440
2013-05-10,2.9242
2013-05-09,2.9030
2013-05-08,2.8816
2013-05-07,2.8608
2013-05-06,2.8398
2013-05-03,2.8202
2013-05-02,2.8022
2013-05-01,2.7855
2013-04-30,2.7705
2013-04-29,2.7525
2013-04-26,2.7343
2013-04-25,2.7179
2013-04-24,2.7018
2013-04-23,2.6855
2013-04-22,2.6757
2013-04-19,2.6675
2013-04-18,2.6589
2013-04-17,2.6512
2013-04-16,2.6412
2013-04-15,2.6303
2013-04-12,2.6179
2013-04-11,2.6038
2013-04-10,2.5898
2013-04-09,2.5775
2013-04-08,2.5689
2013-04-05,2.5610
2013-04-04,2.5525
2013-04-03,2.5469
2013-04-02,2.5410
2013-04-01,2.5354
2013-03-28,2.5273
2013-03-27,2.5150
2013-03-26,2.5012
2013-03-25,2.4868
2013-03-22,2.4725
2013-03-21,2.4565
2013-03-20,2.4407
2013-03-19,2.4230
2013-03-18,2.4086
2013-03-15,2.3948
2013-03-14,2.3818
2013-03-13,2.3711
2013-03-12,2.3619
2013-03-11,2.3524
2013-03-08,2.3476
2013-03-07,2.3446
2013-03-06,2.3390
2013-03-05,2.3392
2013-03-04,2.3449
2013-03-01,2.3536
2013-02-28,2.3616
2013-02-27,2.3706
2013-02-26,2.3790
2013-02-25,2.3891
2013-02-22,2.3979
2013-02-21,2.4051
2013-02-20,2.4136
2013-02-19,2.4204
2013-02-15,2.4251
2013-02-14,2.4307
2013-02-13,2.4380
2013-02-12,2.4433
2013-02-11,2.4502
2013-02-08,2.4570
2013-02-07,2.4672
2013-02-06,2.4764
2013-02-05,2.4871
2013-02-04,2.4981
2013-02-01,2.5063
2013-01-31,2.5137
2013-01-30,2.5198
2013-01-29,2.5259
2013-01-28,2.5311
2013-01-25,2.5358
2013-01-24,2.5418
2013-01-23,2.5506
2013-01-22,2.5578
2013-01-18,2.5653
2013-01-17,2.5727
2013-01-16,2.5801
2013-01-15,2.5873
2013-01-14,2.6000
2013-01-11,2.6104
2013-01-10,2.6184
2013-01-09,2.6275
2013-01-08,2.6387
2013-01-07,2.6488
2013-01-04,2.6554
2013-01-03,2.6578
2013-01-02,2.6596
2012-12-31,2.6625
2012-12-28,2.6695
2012-12-27,2.6758
2012-12-26,2.6828
2012-12-24,2.6890
2012-12-21,2.6952
2012-12-20,2.7010
2012-12-19,2.7065
2012-12-18,2.7130
2012-12-17,2.7177
2012-12-14,2.7232
2012-12-13,2.7278
2012-12-12,2.7319
2012-12-11,2.7343
2012-12-10,2.7358
2012-12-07,2.7373
2012-12-06,2.7412
2012-12-05,2.7464
2012-12-04,2.7516
2012-12-03,2.7565
2012-11-30,2.7619
2012-11-29,2.7666
2012-11-28,2.7719
2012-11-27,2.7785
2012-11-26,2.7843
2012-11-23,2.7893
2012-11-21,2.7962
2012-11-20,2.8043
2012-11-19,2.8130
2012-11-16,2.8221
2012-11-15,2.8322
2012-11-14,2.8425
2012-11-13,2.8542
2012-11-12,2.8640
2012-11-09,2.8719
2012-11-08,2.8806
2012-11-07,2.8908
2012-11-06,2.8973
2012-11-05,2.9041
2012-11-02,2.9082
2012-11-01,2.9124
2012-10-31,2.9182
2012-10-26,2.9233
2012-10-25,2.9302
2012-10-24,2.9362
2012-10-23,2.9459
2012-10-22,2.9523
2012-10-19,2.9607
2012-10-18,2.9707
2012-10-17,2.9812
2012-10-16,2.9899
2012-10-15,2.9974
2012-10-12,3.0035
2012-10-11,3.0095
2012-10-10,3.0142
2012-10-09,3.0180
2012-10-08,3.0216
2012-10-05,3.0256
2012-10-04,3.0312
2012-10-03,3.0365
2012-10-02,3.0427
2012-10-01,3.0480
2012-09-28,3.0549
2012-09-27,3.0606
2012-09-26,3.0676
2012-09-25,3.0746
2012-09-24,3.0821
2012-09-21,3.0878
2012-09-20,3.0939
2012-09-19,3.1007
2012-09-18,3.1090
2012-09-17,3.1162
2012-09-14,3.1237
2012-09-13,3.1288
2012-09-12,3.1290
2012-09-11,3.1293
2012-09-10,3.1271
2012-09-07,3.1252
2012-09-06,3.1285
2012-09-05,3.1320
2012-09-04,3.1365
2012-08-31,3.1394
2012-08-30,3.1437
2012-08-29,3.1482
2012-08-28,3.1547
2012-08-27,3.1584
2012-08-24,3.1594
2012-08-23,3.1594
2012-08-22,3.1609
2012-08-21,3.1656
2012-08-20,3.1707
2012-08-17,3.1751
2012-08-16,3.1772
2012-08-15,3.1783
2012-08-14,3.1839
2012-08-13,3.1925
2012-08-10,3.2012
2012-08-09,3.2089
2012-08-08,3.2122
2012-08-07,3.2163
2012-08-06,3.2196
2012-08-03,3.2193
2012-08-02,3.2195
2012-08-01,3.2183
2012-07-31,3.2184
2012-07-30,3.2216
2012-07-27,3.2235
2012-07-26,3.2259
2012-07-25,3.2268
2012-07-24,3.2300
2012-07-23,3.2298
2012-07-20,3.2281
2012-07-19,3.2232
2012-07-18,3.2168
2012-07-17,3.2128
2012-07-16,3.2128
2012-07-13,3.2135
2012-07-12,3.2149
2012-07-11,3.2144
2012-07-10,3.2114
2012-07-09,3.2072
2012-07-06,3.2017
2012-07-05,3.2018
2012-07-03,3.2052
2012-07-02,3.2089
2012-06-29,3.2151
2012-06-28,3.2186
2012-06-27,3.2188
2012-06-26,3.2186
2012-06-25,3.2160
2012-06-22,3.2160
2012-06-21,3.2178
2012-06-20,3.2211
2012-06-19,3.2225
2012-06-18,3.2272
2012-06-15,3.2341
2012-06-14,3.2408
2012-06-13,3.2462
2012-06-12,3.2489
2012-06-11,3.2484
2012-06-08,3.2436
2012-06-07,3.2364
2012-06-06,3.2274
2012-06-05,3.2136
2012-06-04,3.1974
2012-06-01,3.1826
2012-05-31,3.1731
2012-05-30,3.1667
2012-05-29,3.1601
2012-05-25,3.1528
2012-05-24,3.1414
2012-05-23,3.1327
2012-05-22,3.1252
2012-05-21,3.1184
2012-05-18,3.1153
2012-05-17,3.1122
2012-05-16,3.1151
2012-05-15,3.1254
2012-05-14,3.1392
2012-05-11,3.1522
2012-05-10,3.1670
2012-05-09,3.1812
2012-05-08,3.1942
2012-05-07,3.2081
2012-05-04,3.2190
2012-05-03,3.2298
2012-05-02,3.2388
2012-05-01,3.2476
2012-04-30,3.2560
2012-04-27,3.2682
2012-04-26,3.2782
2012-04-25,3.2872
2012-04-24,3.2963
2012-04-23,3.3074
2012-04-20,3.3146
2012-04-19,3.3229
2012-04-18,3.3330
2012-04-17,3.3438
2012-04-16,3.3546
2012-04-13,3.3661
2012-04-12,3.3797
2012-04-11,3.3947
2012-04-10,3.4080
2012-04-09,3.4211
2012-04-05,3.4370
2012-04-04,3.4507
2012-04-03,3.4610
2012-04-02,3.4705
2012-03-30,3.4797
2012-03-29,3.4913
2012-03-28,3.5031
2012-03-27,3.5143
2012-03-26,3.5269
2012-03-23,3.5395
2012-03-22,3.5522
2012-03-21,3.5646
2012-03-20,3.5737
2012-03-19,3.5824
2012-03-16,3.5908
2012-03-15,3.5970
2012-03-14,3.6035
2012-03-13,3.6065
2012-03-12,3.6127
2012-03-09,3.6204
2012-03-08,3.6284
2012-03-07,3.6351
2012-03-06,3.6425
2012-03-05,3.6480
2012-03-02,3.6508
2012-03-01,3.6541
2012-02-29,3.6570
2012-02-28,3.6567
2012-02-27,3.6551
2012-02-24,3.6537
2012-02-23,3.6509
2012-02-22,3.6477
2012-02-21,3.6448
2012-02-17,3.6427
2012-02-16,3.6417
2012-02-15,3.6395
2012-02-14,3.6367
2012-02-13,3.6343
2012-02-10,3.6324
2012-02-09,3.6329
2012-02-08,3.6347
2012-02-07,3.6397
2012-02-06,3.6464
2012-02-03,3.6511
2012-02-02,3.6554
2012-02-01,3.6646
2012-01-31,3.6738
2012-01-30,3.6845
2012-01-27,3.6975
2012-01-26,3.7083
2012-01-25,3.7157
2012-01-24,3.7221
2012-01-23,3.7259
2012-01-20,3.7275
2012-01-19,3.7308
2012-01-18,3.7341
2012-01-17,3.7370
2012-01-13,3.7384
2012-01-12,3.7415
2012-01-11,3.7442
2012-01-10,3.7484
2012-01-09,3.7525
2012-01-06,3.7577
2012-01-05,3.7641
2012-01-04,3.7714
2012-01-03,3.7791
2011-12-30,3.7866
2011-12-29,3.7990
2011-12-28,3.8123
2011-12-27,3.8256
2011-12-23,3.8368
2011-12-22,3.8450
2011-12-21,3.8527
2011-12-20,3.8615
2011-12-19,3.8704
2011-12-16,3.8808
2011-12-15,3.8911
2011-12-14,3.9013
2011-12-13,3.9116
2011-12-12,3.9245
2011-12-09,3.9351
2011-12-08,3.9432
2011-12-07,3.9495
2011-12-06,3.9586
2011-12-05,3.9705
2011-12-02,3.9819
2011-12-01,3.9897
2011-11-30,3.9987
2011-11-29,4.0035
2011-11-28,4.0051
2011-11-25,4.0053
2011-11-23,4.0018
2011-11-22,3.9986
2011-11-21,3.9980
2011-11-18,3.9981
2011-11-17,4.0025
2011-11-16,4.0069
2011-11-15,4.0129
2011-11-14,4.0205
2011-11-11,4.0301
2011-11-10,4.0380
2011-11-09,4.0434
2011-11-08,4.0472
2011-11-07,4.0534
2011-11-04,4.0548
2011-11-03,4.0551
2011-11-02,4.0564
2011-11-01,4.0556
2011-10-31,4.0528
2011-10-28,4.0553
2011-10-27,4.0639
2011-10-26,4.0721
2011-10-25,4.0791
2011-10-24,4.0825
2011-10-21,4.0868
2011-10-20,4.0897
2011-10-19,4.0924
2011-10-18,4.0984
2011-10-17,4.1044
2011-10-14,4.1099
2011-10-13,4.1157
2011-10-12,4.1213
2011-10-11,4.1285
2011-10-10,4.1338
2011-10-07,4.1390
2011-10-06,4.1422
2011-10-05,4.1437
2011-10-04,4.1410
2011-10-03,4.1371
2011-09-30,4.1368
2011-09-29,4.1394
2011-09-28,4.1440
2011-09-27,4.1492
2011-09-26,4.1542
2011-09-23,4.1564
2011-09-22,4.1553
2011-09-21,4.1547
2011-09-20,4.1596
2011-09-19,4.1687
2011-09-16,4.1770
2011-09-15,4.1876
2011-09-14,4.1949
2011-09-13,4.1989
2011-09-12,4.2022
2011-09-09,4.2055
2011-09-08,4.2105
2011-09-07,4.2150
2011-09-06,4.2208
2011-09-02,4.2236
2011-09-01,4.2302
2011-08-31,4.2378
2011-08-30,4.2447
2011-08-29,4.2515
2011-08-26,4.2559
2011-08-25,4.2602
2011-08-24,4.2650
2011-08-23,4.2659
2011-08-22,4.2633
2011-08-19,4.2570
2011-08-18,4.2507
2011-08-17,4.2484
2011-08-16,4.2507
2011-08-15,4.2513
2011-08-12,4.2508
2011-08-11,4.2488
2011-08-10,4.2436
2011-08-09,4.2387
2011-08-08,4.2344
2011-08-05,4.2301
2011-08-04,4.2302
2011-08-03,4.2329
2011-08-02,4.2436
2011-08-01,4.2545
2011-07-29,4.2686
2011-07-28,4.2807
2011-07-27,4.2935
2011-07-26,4.3088
2011-07-25,4.3230
2011-07-22,4.3402
2011-07-21,4.3567
2011-07-20,4.3724
2011-07-19,4.3888
2011-07-18,4.4065
2011-07-15,4.4226
2011-07-14,4.4411
2011-07-13,4.4619
2011-07-12,4.4805
2011-07-11,4.5004
2011-07-08,4.5183
2011-07-07,4.5314
2011-07-06,4.5457
2011-07-05,4.5612
2011-07-01,4.5768
2011-06-30,4.5915
2011-06-29,4.6077
2011-06-28,4.6251
2011-06-27,4.6448
2011-06-24,4.6672
2011-06-23,4.6884
2011-06-22,4.7098
2011-06-21,4.7278
2011-06-20,4.7416
2011-06-17,4.7571
2011-06-16,4.7691
2011-06-15,4.7814
2011-06-14,4.7921
2011-06-13,4.8056
2011-06-10,4.8219
2011-06-09,4.8372
2011-06-08,4.8488
2011-06-07,4.8616
2011-06-06,4.8775
2011-06-03,4.8922
2011-06-02,4.9082
2011-06-01,4.9234
2011-05-31,4.9386
2011-05-27,4.9470
2011-05-26,4.9582
2011-05-25,4.9697
2011-05-24,4.9823
2011-05-23,4.9986
2011-05-20,5.0132
2011-05-19,5.0263
2011-05-18,5.0380
2011-05-17,5.0500
2011-05-16,5.0627
2011-05-13,5.0722
2011-05-12,5.0819
2011-05-11,5.0923
2011-05-10,5.1018
2011-05-09,5.1093
2011-05-06,5.1184
2011-05-05,5.1273
2011-05-04,5.1352
2011-05-03,5.1384
2011-05-02,5.1399
2011-04-29,5.1402
2011-04-28,5.1409
2011-04-27,5.1465
2011-04-26,5.1556
2011-04-25,5.1674
2011-04-21,5.1791
2011-04-20,5.1902
2011-04-19,5.2015
2011-04-18,5.2134
2011-04-15,5.2255
2011-04-14,5.2388
2011-04-13,5.2532
2011-04-12,5.2684
2011-04-11,5.2812
2011-04-08,5.2973
2011-04-07,5.3136
2011-04-06,5.3296
2011-04-05,5.3472
2011-04-04,5.3642
2011-04-01,5.3780
2011-03-31,5.3926
2011-03-30,5.4089
2011-03-29,5.4247
2011-03-28,5.4410
2011-03-25,5.4586
2011-03-24,5.4753
2011-03-23,5.4899
2011-03-22,5.5037
2011-03-21,5.5159
2011-03-18,5.5291
2011-03-17,5.5471
2011-03-16,5.5700
2011-03-15,5.5922
2011-03-14,5.6140
2011-03-11,5.6343
2011-03-10,5.6546
2011-03-09,5.6747
2011-03-08,5.6897
2011-03-07,5.7085
2011-03-04,5.7280
2011-03-03,5.7473
2011-03-02,5.7628
2011-03-01,5.7776
2011-02-28,5.7895
2011-02-25,5.7963
2011-02-24,5.7984
2011-02-23,5.8025
2011-02-22,5.8092
2011-02-18,5.8168
2011-02-17,5.8253
2011-02-16,5.8354
2011-02-15,5.8310
2011-02-14,5.8211
2011-02-11,5.8103
2011-02-10,5.7992
2011-02-09,5.7887
2011-02-08,5.7801
2011-02-07,5.7703
2011-02-04,5.7580
2011-02-03,5.7456
2011-02-02,5.7335
2011-02-01,5.7236
2011-01-31,5.7187
2011-01-28,5.7157
2011-01-27,5.7127
2011-01-26,5.7053
2011-01-25,5.6999
2011-01-24,5.6910
2011-01-21,5.6792
2011-01-20,5.6683
2011-01-19,5.6580
2011-01-18,5.6459
2011-01-14,5.6337
2011-01-13,5.6254
2011-01-12,5.6141
2011-01-11,5.6035
2011-01-10,5.5923
2011-01-07,5.5809
2011-01-06,5.5709
2011-01-05,5.5620
2011-01-04,5.5562
2011-01-03,5.5512
2010-12-31,5.5468
2010-12-30,5.5402
2010-12-29,5.5371
2010-12-28,5.5360
2010-12-27,5.5349
2010-12-23,5.5333
2010-12-22,5.5303
2010-12-21,5.5274
2010-12-20,5.5232
2010-12-17,5.5221
2010-12-16,5.5239
2010-12-15,5.5249
2010-12-14,5.5300
2010-12-13,5.5363
2010-12-10,5.5409
2010-12-09,5.5476
2010-12-08,5.5557
2010-12-07,5.5660
2010-12-06,5.5759
2010-12-03,5.5862
2010-12-02,5.5945
2010-12-01,5.6030
2010-11-30,5.6120
2010-11-29,5.6202
2010-11-26,5.6295
2010-11-24,5.6428
2010-11-23,5.6562
2010-11-22,5.6685
2010-11-19,5.6808
2010-11-18,5.6963
2010-11-17,5.7119
2010-11-16,5.7214
2010-11-15,5.7281
2010-11-12,5.7364
2010-11-11,5.7455
2010-11-10,5.7576
2010-11-09,5.7696
2010-11-08,5.7798
2010-11-05,5.7941
2010-11-04,5.8069
2010-11-03,5.8195
2010-11-02,5.8329
2010-11-01,5.8470
2010-10-29,5.8569
2010-10-28,5.8657
2010-10-27,5.8736
2010-10-26,5.8825
2010-10-25,5.8906
2010-10-22,5.8966
2010-10-21,5.9033
2010-10-20,5.9100
2010-10-19,5.9203
2010-10-18,5.9363
2010-10-15,5.9527
2010-10-14,5.9711
2010-10-13,5.9872
2010-10-12,6.0026
2010-10-11,6.0205
2010-10-08,6.0385
2010-10-07,6.0575
2010-10-06,6.0779
2010-10-05,6.0988
2010-10-04,6.1204
2010-10-01,6.1415
2010-09-30,6.1615
2010-09-29,6.1801
2010-09-28,6.2005
2010-09-27,6.2214
2010-09-24,6.2437
2010-09-23,6.2670
2010-09-22,6.2885
2010-09-21,6.3120
2010-09-20,6.3359
2010-09-17,6.3606
2010-09-16,6.3846
2010-09-15,6.4096
2010-09-14,6.4362
2010-09-13,6.4638
2010-09-10,6.4924
2010-09-09,6.5203
2010-09-08,6.5461
2010-09-07,6.5729
2010-09-03,6.5988
2010-09-02,6.6249
2010-09-01,6.6476
2010-08-31,6.6703
2010-08-30,6.6942
2010-08-27,6.7194
2010-08-26,6.7441
2010-08-25,6.7683
2010-08-24,6.7903
2010-08-23,6.8163
2010-08-20,6.8465
2010-08-19,6.8751
2010-08-18,6.9030
2010-08-17,6.9323
2010-08-16,6.9623
2010-08-13,6.9896
2010-08-12,7.0163
2010-08-11,7.0431
2010-08-10,7.0713
2010-08-09,7.1059
2010-08-06,7.1401
2010-08-05,7.1752
2010-08-04,7.2081
2010-08-03,7.2376
2010-08-02,7.2678
2010-07-30,7.3001
2010-07-29,7.3334
2010-07-28,7.3679
2010-07-27,7.4019
2010-07-26,7.4343
2010-07-23,7.4683
2010-07-22,7.5025
2010-07-21,7.5354
2010-07-20,7.5646
2010-07-19,7.5938
2010-07-16,7.6192
2010-07-15,7.6426
2010-07-14,7.6685
2010-07-13,7.6987
2010-07-12,7.7307
2010-07-09,7.7619
2010-07-08,7.7921
2010-07-07,7.8222
2010-07-06,7.8497
2010-07-02,7.8768
2010-07-01,7.9051
2010-06-30,7.9342
2010-06-29,7.9660
2010-06-28,7.9994
2010-06-25,8.0373
2010-06-24,8.0763
2010-06-23,8.1163
2010-06-22,8.1553
2010-06-21,8.1927
2010-06-18,8.2276
2010-06-17,8.2650
2010-06-16,8.3041
2010-06-15,8.3430
2010-06-14,8.3829
2010-06-11,8.4235
2010-06-10,8.4596
2010-06-09,8.4934
2010-06-08,8.5247
2010-06-07,8.5502
2010-06-04,8.5744
2010-06-03,8.5986
2010-06-02,8.6275
2010-06-01,8.6554
2010-05-28,8.6854
2010-05-27,8.7187
2010-05-26,8.7526
2010-05-25,8.7853
2010-05-24,8.8148
2010-05-21,8.8485
2010-05-20,8.8801
2010-05-19,8.9098
2010-05-18,8.9355
2010-05-17,8.9575
2010-05-14,8.9783
2010-05-13,8.9974
2010-05-12,9.0109
2010-05-11,9.0234
2010-05-10,9.0356
2010-05-07,9.0495
2010-05-06,9.0670
2010-05-05,9.0862
2010-05-04,9.0916
2010-05-03,9.0883
2010-04-30,9.0851
2010-04-29,9.0818
2010-04-28,9.0782
2010-04-27,9.0751
2010-04-26,9.0703
2010-04-23,9.0601
2010-04-22,9.0493
2010-04-21,9.0381
2010-04-20,9.0289
2010-04-19,9.0248
2010-04-16,9.0226
2010-04-15,9.0223
2010-04-14,9.0194
2010-04-13,9.0165
2010-04-12,9.0133
2010-04-09,9.0075
2010-04-08,9.0016
2010-04-07,8.9977
2010-04-06,8.9985
2010-04-05,9.0008
2010-04-01,9.0029
2010-03-31,9.0023
2010-03-30,9.0032
2010-03-29,9.0032
2010-03-26,9.0040
2010-03-25,9.0075
2010-03-24,9.0118
2010-03-23,9.0168
2010-03-22,9.0225
2010-03-19,9.0296
2010-03-18,9.0335
2010-03-17,9.0383
2010-03-16,9.0453
2010-03-15,9.0503
2010-03-12,9.0509
2010-03-11,9.0493
2010-03-10,9.0480
2010-03-09,9.0468
2010-03-08,9.0476
2010-03-05,9.0489
2010-03-04,9.0525
2010-03-03,9.0585
2010-03-02,9.0650
2010-03-01,9.0702
2010-02-26,9.0767
2010-02-25,9.0833
2010-02-24,9.0925
2010-02-23,9.1022
2010-02-22,9.1119
2010-02-19,9.1182
2010-02-18,9.1241
2010-02-17,9.1302
2010-02-16,9.1362
2010-02-12,9.1421
2010-02-11,9.1503
2010-02-10,9.1569
2010-02-09,9.1628
2010-02-08,9.1687
2010-02-05,9.1756
2010-02-04,9.1813
2010-02-03,9.1834
2010-02-02,9.1803
2010-02-01,9.1779
2010-01-29,9.1779
2010-01-28,9.1779
2010-01-27,9.1750
2010-01-26,9.1727
2010-01-25,9.1759
2010-01-22,9.1808
2010-01-21,9.1824
2010-01-20,9.1822
2010-01-19,9.1832
2010-01-15,9.1815
2010-01-14,9.1792
2010-01-13,9.1724
2010-01-12,9.1664
2010-01-11,9.1613
2010-01-08,9.1572
2010-01-07,9.1526
2010-01-06,9.1466
2010-01-05,9.1425
2010-01-04,9.1393
2009-12-31,9.1360
2009-12-30,9.1351
2009-12-29,9.1330
2009-12-28,9.1310
2009-12-24,9.1292
2009-12-23,9.1257
2009-12-22,9.1216
2009-12-21,9.1179
2009-12-18,9.1145
2009-12-17,9.1088
2009-12-16,9.0990
2009-12-15,9.0887
2009-12-14,9.0770
2009-12-11,9.0634
2009-12-10,9.0511
2009-12-09,9.0410
2009-12-08,9.0329
2009-12-07,9.0255
2009-12-04,9.0191
2009-12-03,9.0140
2009-12-02,9.0114
2009-12-01,9.0111
2009-11-30,9.0116
2009-11-27,9.0151
2009-11-25,9.0204
2009-11-24,9.0226
2009-11-23,9.0266
2009-11-20,9.0287
2009-11-19,9.0351
2009-11-18,9.0417
2009-11-17,9.0464
2009-11-16,9.0519
2009-11-13,9.0563
2009-11-12,9.0621
2009-11-11,9.0679
2009-11-10,9.0731
2009-11-09,9.0813
2009-11-06,9.0890
2009-11-05,9.0988
2009-11-04,9.1075
2009-11-03,9.1155
2009-11-02,9.1214
2009-10-30,9.1275
2009-10-29,9.1351
2009-10-28,9.1408
2009-10-27,9.1460
2009-10-26,9.1527
2009-10-23,9.1617
2009-10-22,9.1737
2009-10-21,9.1858
2009-10-20,9.1978
2009-10-19,9.2104
2009-10-16,9.2205
2009-10-15,9.2290
2009-10-14,9.2357
2009-10-13,9.2392
2009-10-12,9.2423
2009-10-09,9.2457
2009-10-08,9.2486
2009-10-07,9.2516
2009-10-06,9.2554
2009-10-05,9.2602
2009-10-02,9.2638
2009-10-01,9.2682
2009-09-30,9.2697
2009-09-29,9.2661
2009-09-28,9.2622
2009-09-25,9.2633
2009-09-24,9.2666
2009-09-23,9.2694
2009-09-22,9.2710
2009-09-21,9.2669
2009-09-18,9.2646
2009-09-17,9.2630
2009-09-16,9.2615
2009-09-15,9.2610
2009-09-14,9.2625
2009-09-11,9.2635
2009-09-10,9.2636
2009-09-09,9.2648
2009-09-08,9.2641
2009-09-04,9.2621
2009-09-03,9.2599
2009-09-02,9.2576
2009-09-01,9.2583
2009-08-31,9.2598
2009-08-28,9.2614
2009-08-27,9.2668
2009-08-26,9.2725
2009-08-25,9.2778
2009-08-24,9.2818
2009-08-21,9.2842
2009-08-20,9.2879
2009-08-19,9.2933
2009-08-18,9.2953
2009-08-17,9.2973
2009-08-14,9.2989
2009-08-13,9.3015
2009-08-12,9.3010
2009-08-11,9.2962
2009-08-10,9.2899
2009-08-07,9.2851
2009-08-06,9.2778
2009-08-05,9.2721
2009-08-04,9.2627
2009-08-03,9.2530
2009-07-31,9.2399
2009-07-30,9.2276
2009-07-29,9.2178
2009-07-28,9.2032
2009-07-27,9.1837
2009-07-24,9.1673
2009-07-23,9.1542
2009-07-22,9.1423
2009-07-21,9.1318
2009-07-20,9.1288
2009-07-17,9.1236
2009-07-16,9.1208
2009-07-15,9.1172
2009-07-14,9.1124
2009-07-13,9.1082
2009-07-10,9.1049
2009-07-09,9.0999
2009-07-08,9.0954
2009-07-07,9.0919
2009-07-06,9.0885
2009-07-02,9.0827
2009-07-01,9.0804
2009-06-30,9.0847
2009-06-29,9.0901
2009-06-26,9.0952
2009-06-25,9.0989
2009-06-24,9.1029
2009-06-23,9.1100
2009-06-22,9.1171
2009-06-19,9.1285
2009-06-18,9.1423
2009-06-17,9.1585
2009-06-16,9.1762
2009-06-15,9.1918
2009-06-12,9.2079
2009-06-11,9.2229
2009-06-10,9.2372
2009-06-09,9.2532
2009-06-08,9.2697
2009-06-05,9.2832
2009-06-04,9.2981
2009-06-03,9.3104
2009-06-02,9.3209
2009-06-01,9.3324
2009-05-29,9.3415
2009-05-28,9.3474
2009-05-27,9.3543
2009-05-26,9.3624
2009-05-22,9.3705
2009-05-21,9.3738
2009-05-20,9.3769
2009-05-19,9.3812
2009-05-18,9.3795
2009-05-15,9.3769
2009-05-14,9.3737
2009-05-13,9.3727
2009-05-12,9.3705
2009-05-11,9.3694
2009-05-08,9.3699
2009-05-07,9.3704
2009-05-06,9.3735
2009-05-05,9.3788
2009-05-04,9.3811
2009-05-01,9.3811
2009-04-30,9.3782
2009-04-29,9.3729
2009-04-28,9.3641
2009-04-27,9.3541
2009-04-24,9.3443
2009-04-23,9.3359
2009-04-22,9.3265
2009-04-21,9.3151
2009-04-20,9.3008
2009-04-17,9.2852
2009-04-16,9.2721
2009-04-15,9.2597
2009-04-14,9.2473
2009-04-13,9.2352
2009-04-09,9.2250
2009-04-08,9.2182
2009-04-07,9.2149
2009-04-06,9.2132
2009-04-03,9.2122
2009-04-02,9.2102
2009-04-01,9.2067
2009-03-31,9.1983
2009-03-30,9.1912
2009-03-27,9.1845
2009-03-26,9.1800
2009-03-25,9.1706
2009-03-24,9.1597
2009-03-23,9.1477
2009-03-20,9.1339
2009-03-19,9.1219
2009-03-18,9.1112
2009-03-17,9.1004
2009-03-16,9.0946
2009-03-13,9.0897
2009-03-12,9.0836
2009-03-11,9.0769
2009-03-10,9.0708
2009-03-09,9.0619
2009-03-06,9.0501
2009-03-05,9.0366
2009-03-04,9.0279
2009-03-03,9.0198
2009-03-02,9.0071
2009-02-27,8.9950
2009-02-26,8.9850
2009-02-25,8.9742
2009-02-24,8.9635
2009-02-23,8.9542
2009-02-20,8.9456
2009-02-19,8.9385
2009-02-18,8.9341
2009-02-17,8.9297
2009-02-13,8.9260
2009-02-12,8.9224
2009-02-11,8.9172
2009-02-10,8.9133
2009-02-09,8.9084
2009-02-06,8.9055
2009-02-05,8.8999
2009-02-04,8.8935
2009-02-03,8.8832
2009-02-02,8.8706
2009-01-30,8.8565
2009-01-29,8.8402
2009-01-28,8.8232
2009-01-27,8.8087
2009-01-26,8.7949
2009-01-23,8.7808
2009-01-22,8.7666
2009-01-21,8.7526
2009-01-20,8.7312
2009-01-16,8.7110
2009-01-15,8.6921
2009-01-14,8.6718
2009-01-13,8.6528
2009-01-12,8.6326
2009-01-09,8.6119
2009-01-08,8.5918
2009-01-07,8.5725
2009-01-06,8.5553
2009-01-05,8.5393
2009-01-02,8.5225
2008-12-31,8.5015
2008-12-30,8.4779
2008-12-29,8.4538
2008-12-26,8.4274
2008-12-24,8.4022
2008-12-23,8.3730
2008-12-22,8.3443
2008-12-19,8.3159
2008-12-18,8.2909
2008-12-17,8.2673
2008-12-16,8.2470
2008-12-15,8.2271
2008-12-12,8.2020
2008-12-11,8.1778
2008-12-10,8.1594
2008-12-09,8.1423
2008-12-08,8.1256
2008-12-05,8.1095
2008-12-04,8.0870
2008-12-03,8.0642
2008-12-02,8.0421
2008-12-01,8.0212
2008-11-28,8.0031
2008-11-26,7.9841
2008-11-25,7.9639
2008-11-24,7.9422
2008-11-21,7.9188
2008-11-20,7.8884
2008-11-19,7.8564
2008-11-18,7.8250
2008-11-17,7.7952
2008-11-14,7.7694
2008-11-13,7.7445
2008-11-12,7.7189
2008-11-11,7.6959
2008-11-10,7.6735
2008-11-07,7.6479
2008-11-06,7.6154
2008-11-05,7.5833
2008-11-04,7.5527
2008-11-03,7.5235
2008-10-31,7.4925
2008-10-30,7.4648
2008-10-29,7.4386
2008-10-28,7.4106
2008-10-27,7.3771
2008-10-24,7.3448
2008-10-23,7.3112
2008-10-22,7.2787
2008-10-21,7.2385
2008-10-20,7.2044
2008-10-17,7.1723
2008-10-16,7.1449
2008-10-15,7.1163
2008-10-14,7.0891
2008-10-13,7.0658
2008-10-10,7.0394
2008-10-09,7.0095
2008-10-08,6.9856
2008-10-07,6.9649
2008-10-06,6.9442
2008-10-03,6.9201
2008-10-02,6.9026
2008-10-01,6.8846
2008-09-30,6.8703
2008-09-29,6.8566
2008-09-26,6.8410
2008-09-25,6.8268
2008-09-24,6.8173
2008-09-23,6.8133
2008-09-22,6.8100
2008-09-19,6.8060
2008-09-18,6.8015
2008-09-17,6.7928
2008-09-16,6.7896
2008-09-15,6.7909
2008-09-12,6.7947
2008-09-11,6.7987
2008-09-10,6.7996
2008-09-09,6.8007
2008-09-08,6.8002
2008-09-05,6.7959
2008-09-04,6.7911
2008-09-03,6.7882
2008-09-02,6.7899
2008-08-29,6.7957
2008-08-28,6.8009
2008-08-27,6.8066
2008-08-26,6.8097
2008-08-25,6.8138
2008-08-22,6.8201
2008-08-21,6.8283
2008-08-20,6.8345
2008-08-19,6.8407
2008-08-18,6.8461
2008-08-15,6.8525
2008-08-14,6.8611
2008-08-13,6.8695
2008-08-12,6.8770
2008-08-11,6.8848
2008-08-08,6.8935
2008-08-07,6.8974
2008-08-06,6.8992
2008-08-05,6.8993
2008-08-04,6.9001
2008-08-01,6.8975
2008-07-31,6.8945
2008-07-30,6.8907
2008-07-29,6.8915
2008-07-28,6.8932
2008-07-25,6.8949
2008-07-24,6.9001
2008-07-23,6.9038
2008-07-22,6.9111
2008-07-21,6.9195
2008-07-18,6.9212
2008-07-17,6.9220
2008-07-16,6.9194
2008-07-15,6.9147
2008-07-14,6.9096
2008-07-11,6.9052
2008-07-10,6.9014
2008-07-09,6.9017
2008-07-08,6.9044
2008-07-07,6.9062
2008-07-03,6.9105
2008-07-02,6.9143
2008-07-01,6.9197
2008-06-30,6.9252
2008-06-27,6.9322
2008-06-26,6.9396
2008-06-25,6.9503
2008-06-24,6.9630
2008-06-23,6.9788
2008-06-20,6.9971
2008-06-19,7.0161
2008-06-18,7.0344
2008-06-17,7.0491
2008-06-16,7.0656
2008-06-13,7.0808
2008-06-12,7.0964
2008-06-11,7.1121
2008-06-10,7.1258
2008-06-09,7.1389
2008-06-06,7.1526
2008-06-05,7.1677
2008-06-04,7.1850
2008-06-03,7.2033
2008-06-02,7.2218
2008-05-30,7.2402
2008-05-29,7.2657
2008-05-28,7.2874
2008-05-27,7.3059
2008-05-23,7.3294
2008-05-22,7.3437
2008-05-21,7.3522
2008-05-20,7.3585
2008-05-19,7.3700
2008-05-16,7.3778
2008-05-15,7.3826
2008-05-14,7.3898
2008-05-13,7.3965
2008-05-12,7.3998
2008-05-09,7.4027
2008-05-08,7.4062
2008-05-07,7.4013
2008-05-06,7.4007
2008-05-05,7.4024
2008-05-02,7.4041
2008-05-01,7.4087
2008-04-30,7.4119
2008-04-29,7.4141
2008-04-28,7.4174
2008-04-25,7.4195
2008-04-24,7.4239
2008-04-23,7.4257
2008-04-22,7.4277
2008-04-21,7.4248
2008-04-18,7.4248
2008-04-17,7.4256
2008-04-16,7.4246
2008-04-15,7.4248
2008-04-14,7.4264
2008-04-11,7.4307
2008-04-10,7.4364
2008-04-09,7.4408
2008-04-08,7.4453
2008-04-07,7.4413
2008-04-04,7.4384
2008-04-03,7.4342
2008-04-02,7.4297
2008-04-01,7.4235
2008-03-31,7.4140
2008-03-28,7.4007
2008-03-27,7.3891
2008-03-26,7.3804
2008-03-25,7.3707
2008-03-24,7.3620
2008-03-20,7.3508
2008-03-19,7.3353
2008-03-18,7.3182
2008-03-17,7.3017
2008-03-14,7.2839
2008-03-13,7.2650
2008-03-12,7.2423
2008-03-11,7.2227
2008-03-10,7.2043
2008-03-07,7.1883
2008-03-06,7.1790
2008-03-05,7.1714
2008-03-04,7.1640
2008-03-03,7.1551
2008-02-29,7.1478
2008-02-28,7.1478
2008-02-27,7.1483
2008-02-26,7.1521
2008-02-25,7.1566
2008-02-22,7.1599
2008-02-21,7.1595
2008-02-20,7.1596
2008-02-19,7.1611
2008-02-15,7.1663
2008-02-14,7.1685
2008-02-13,7.1718
2008-02-12,7.1759
2008-02-11,7.1776
2008-02-08,7.1736
2008-02-07,7.1659
2008-02-06,7.1597
2008-02-05,7.1534
2008-02-04,7.1501
2008-02-01,7.1477
2008-01-31,7.1453
2008-01-30,7.1437
2008-01-29,7.1478
2008-01-28,7.1459
2008-01-25,7.1381
2008-01-24,7.1313
2008-01-23,7.1217
2008-01-22,7.1096
2008-01-18,7.0976
2008-01-17,7.0903
2008-01-16,7.0848
2008-01-15,7.0779
2008-01-14,7.0734
2008-01-11,7.0731
2008-01-10,7.0709
2008-01-09,7.0688
2008-01-08,7.0601
2008-01-07,7.0540
2008-01-04,7.0512
2008-01-03,7.0543
2008-01-02,7.0589
2007-12-31,7.0625
2007-12-28,7.0678
2007-12-27,7.0735
2007-12-26,7.0805
2007-12-24,7.0902
2007-12-21,7.0987
2007-12-20,7.1054
2007-12-19,7.1121
2007-12-18,7.1196
2007-12-17,7.1274
2007-12-14,7.1388
2007-12-13,7.1516
2007-12-12,7.1614
2007-12-11,7.1712
2007-12-10,7.1856
2007-12-07,7.2055
2007-12-06,7.2195
2007-12-05,7.2287
2007-12-04,7.2369
2007-12-03,7.2445
2007-11-30,7.2555
2007-11-29,7.2648
2007-11-28,7.2760
2007-11-27,7.2893
2007-11-26,7.3019
2007-11-23,7.3134
2007-11-21,7.3199
2007-11-20,7.3244
2007-11-19,7.3269
2007-11-16,7.3322
2007-11-15,7.3387
2007-11-14,7.3476
2007-11-13,7.3589
2007-11-12,7.3742
2007-11-09,7.3963
2007-11-08,7.4218
2007-11-07,7.4487
2007-11-06,7.4750
2007-11-05,7.5011
2007-11-02,7.5274
2007-11-01,7.5532
2007-10-31,7.5734
2007-10-30,7.5950
2007-10-29,7.6165
2007-10-26,7.6384
2007-10-25,7.6583
2007-10-24,7.6766
2007-10-23,7.6902
2007-10-22,7.7057
2007-10-19,7.7202
2007-10-18,7.7348
2007-10-17,7.7514
2007-10-16,7.7650
2007-10-15,7.7789
2007-10-12,7.7956
2007-10-11,7.8133
2007-10-10,7.8319
2007-10-09,7.8539
2007-10-08,7.8723
2007-10-05,7.8901
2007-10-04,7.9065
2007-10-03,7.9164
2007-10-02,7.9247
2007-10-01,7.9327
2007-09-28,7.9403
2007-09-27,7.9489
2007-09-26,7.9585
2007-09-25,7.9683
2007-09-24,7.9793
2007-09-21,7.9904
2007-09-20,8.0037
2007-09-19,8.0210
2007-09-18,8.0404
2007-09-17,8.0620
2007-09-14,8.0814
2007-09-13,8.1023
2007-09-12,8.1228
2007-09-11,8.1401
2007-09-10,8.1568
2007-09-07,8.1703
2007-09-06,8.1896
2007-09-05,8.2090
2007-09-04,8.2289
2007-08-31,8.2496
2007-08-30,8.2760
2007-08-29,8.3000
2007-08-28,8.3235
2007-08-27,8.3480
2007-08-24,8.3766
2007-08-23,8.4069
2007-08-22,8.4448
2007-08-21,8.4852
2007-08-20,8.5231
2007-08-17,8.5599
2007-08-16,8.5973
2007-08-15,8.6291
2007-08-14,8.6685
2007-08-13,8.7042
2007-08-10,8.7313
2007-08-09,8.7585
2007-08-08,8.7801
2007-08-07,8.7961
2007-08-06,8.8095
2007-08-03,8.8227
2007-08-02,8.8333
2007-08-01,8.8444
2007-07-31,8.8572
2007-07-30,8.8688
2007-07-27,8.8824
2007-07-26,8.8944
2007-07-25,8.9051
2007-07-24,8.9057
2007-07-23,8.9105
2007-07-20,8.9175
2007-07-19,8.9282
2007-07-18,8.9452
2007-07-17,8.9635
2007-07-16,8.9798
2007-07-13,8.9980
2007-07-12,9.0175
2007-07-11,9.0414
2007-07-10,9.0650
2007-07-09,9.0880
2007-07-06,9.1095
2007-07-05,9.1331
2007-07-03,9.1593
2007-07-02,9.1865
2007-06-29,9.2150
2007-06-28,9.2449
2007-06-27,9.2722
2007-06-26,9.3005
2007-06-25,9.3252
2007-06-22,9.3511
2007-06-21,9.3783
2007-06-20,9.4071
2007-06-19,9.4337
2007-06-18,9.4586
2007-06-15,9.4815
2007-06-14,9.5032
2007-06-13,9.5214
2007-06-12,9.5423
2007-06-11,9.5678
2007-06-08,9.5926
2007-06-07,9.6190
2007-06-06,9.6441
2007-06-05,9.6687
2007-06-04,9.6922
2007-06-01,9.7135
2007-05-31,9.7306
2007-05-30,9.7454
2007-05-29,9.7619
2007-05-25,9.7810
2007-05-24,9.8044
2007-05-23,9.8286
2007-05-22,9.8565
2007-05-21,9.8833
2007-05-18,9.9086
2007-05-17,9.9364
2007-05-16,9.9622
2007-05-15,9.9929
2007-05-14,10.0233
2007-05-11,10.0563
2007-05-10,10.0865
2007-05-09,10.1140
2007-05-08,10.1450
2007-05-07,10.1785
2007-05-04,10.2079
2007-05-03,10.2394
2007-05-02,10.2725
2007-05-01,10.3048
2007-04-30,10.3383
2007-04-27,10.3713
2007-04-26,10.4016
2007-04-25,10.4308
2007-04-24,10.4591
2007-04-23,10.4862
2007-04-20,10.5138
2007-04-19,10.5418
2007-04-18,10.5625
2007-04-17,10.5829
2007-04-16,10.6091
2007-04-13,10.6369
2007-04-12,10.6624
2007-04-11,10.6860
2007-04-10,10.7084
2007-04-09,10.7287
2007-04-05,10.7466
2007-04-04,10.7661
2007-04-03,10.7854
2007-04-02,10.8044
2007-03-30,10.8272
2007-03-29,10.8551
2007-03-28,10.8868
2007-03-27,10.9163
2007-03-26,10.9380
2007-03-23,10.9603
2007-03-22,10.9795
2007-03-21,10.9997
2007-03-20,11.0135
2007-03-19,11.0234
2007-03-16,11.0351
2007-03-15,11.0474
2007-03-14,11.0588
2007-03-13,11.0678
2007-03-12,11.0750
2007-03-09,11.0823
2007-03-08,11.0833
2007-03-07,11.0864
2007-03-06,11.0916
2007-03-05,11.0977
2007-03-02,11.1018
2007-03-01,11.0989
2007-02-28,11.0970
2007-02-27,11.0887
2007-02-26,11.0776
2007-02-23,11.0599
2007-02-22,11.0429
2007-02-21,11.0244
2007-02-20,11.0073
2007-02-16,10.9933
2007-02-15,10.9797
2007-02-14,10.9667
2007-02-13,10.9600
2007-02-12,10.9541
2007-02-09,10.9470
2007-02-08,10.9391
2007-02-07,10.9259
2007-02-06,10.9067
2007-02-05,10.8897
2007-02-02,10.8724
2007-02-01,10.8576
2007-01-31,10.8460
2007-01-30,10.8374
2007-01-29,10.8329
2007-01-26,10.8295
2007-01-25,10.8335
2007-01-24,10.8347
2007-01-23,10.8362
2007-01-22,10.8361
2007-01-19,10.8386
2007-01-18,10.8360
2007-01-17,10.8318
2007-01-16,10.8280
2007-01-12,10.8253
2007-01-11,10.8222
2007-01-10,10.8185
2007-01-09,10.8134
2007-01-08,10.8075
2007-01-05,10.8032
2007-01-04,10.7955
2007-01-03,10.7873
2006-12-29,10.7768
2006-12-28,10.7695
2006-12-27,10.7648
2006-12-26,10.7611
2006-12-22,10.7597
2006-12-21,10.7582
2006-12-20,10.7568
2006-12-19,10.7568
2006-12-18,10.7604
2006-12-15,10.7616
2006-12-14,10.7614
2006-12-13,10.7618
2006-12-12,10.7640
2006-12-11,10.7662
2006-12-08,10.7689
2006-12-07,10.7667
2006-12-06,10.7647
2006-12-05,10.7593
2006-12-04,10.7550
2006-12-01,10.7544
2006-11-30,10.7556
2006-11-29,10.7581
2006-11-28,10.7594
2006-11-27,10.7618
2006-11-24,10.7648
2006-11-22,10.7629
2006-11-21,10.7596
2006-11-20,10.7583
2006-11-17,10.7621
2006-11-16,10.7669
2006-11-15,10.7704
2006-11-14,10.7758
2006-11-13,10.7842
2006-11-10,10.7988
2006-11-09,10.8133
2006-11-08,10.8286
2006-11-07,10.8464
2006-11-06,10.8684
2006-11-03,10.8973
2006-11-02,10.9287
2006-11-01,10.9586
2006-10-31,10.9838
2006-10-30,11.0084
2006-10-27,11.0300
2006-10-26,11.0524
2006-10-25,11.0727
2006-10-24,11.0880
2006-10-23,11.1017
2006-10-20,11.1171
2006-10-19,11.1310
2006-10-18,11.1432
2006-10-17,11.1543
2006-10-16,11.1688
2006-10-13,11.1806
2006-10-12,11.1890
2006-10-11,11.1979
2006-10-10,11.2102
2006-10-09,11.2178
2006-10-06,11.2256
2006-10-05,11.2321
2006-10-04,11.2401
2006-10-03,11.2492
2006-10-02,11.2591
2006-09-29,11.2717
2006-09-28,11.2850
2006-09-27,11.2999
2006-09-26,11.3173
2006-09-25,11.3362
2006-09-22,11.3566
2006-09-21,11.3773
2006-09-20,11.3960
2006-09-19,11.4140
2006-09-18,11.4283
2006-09-15,11.4444
2006-09-14,11.4611
2006-09-13,11.4746
2006-09-12,11.4894
2006-09-11,11.4987
2006-09-08,11.5074
2006-09-07,11.5169
2006-09-06,11.5276
2006-09-05,11.5442
2006-09-01,11.5602
2006-08-31,11.5757
2006-08-30,11.5929
2006-08-29,11.6108
2006-08-28,11.6304
2006-08-25,11.6482
2006-08-24,11.6689
2006-08-23,11.6928
2006-08-22,11.7172
2006-08-21,11.7421
2006-08-18,11.7679
2006-08-17,11.7966
2006-08-16,11.8253
2006-08-15,11.8533
2006-08-14,11.8790
2006-08-11,11.9064
2006-08-10,11.9340
2006-08-09,11.9548
2006-08-08,11.9789
2006-08-07,12.0044
2006-08-04,12.0249
2006-08-03,12.0479
2006-08-02,12.0719
2006-08-01,12.0978
2006-07-31,12.1208
2006-07-28,12.1459
2006-07-27,12.1691
2006-07-26,12.1927
2006-07-25,12.2131
2006-07-24,12.2321
2006-07-21,12.2540
2006-07-20,12.2791
2006-07-19,12.2984
2006-07-18,12.3198
2006-07-17,12.3434
2006-07-14,12.3683
2006-07-13,12.3930
2006-07-12,12.4191
2006-07-11,12.4453
2006-07-10,12.4780
2006-07-07,12.5100
2006-07-06,12.5422
2006-07-05,12.5694
2006-07-03,12.5967
2006-06-30,12.6123
2006-06-29,12.6271
2006-06-28,12.6419
2006-06-27,12.6548
2006-06-26,12.6661
2006-06-23,12.6751
2006-06-22,12.6850
2006-06-21,12.6935
2006-06-20,12.6989
2006-06-19,12.7067
2006-06-16,12.7078
2006-06-15,12.7073
2006-06-14,12.7069
2006-06-13,12.7126
2006-06-12,12.7241
2006-06-09,12.7301
2006-06-08,12.7300
2006-06-07,12.7299
2006-06-06,12.7261
2006-06-05,12.7244
2006-06-02,12.7169
2006-06-01,12.7059
2006-05-31,12.6966
2006-05-30,12.6875
2006-05-26,12.6779
2006-05-25,12.6648
2006-05-24,12.6516
2006-05-23,12.6380
2006-05-22,12.6171
2006-05-19,12.5963
2006-05-18,12.5767
2006-05-17,12.5558
2006-05-16,12.5335
2006-05-15,12.5052
2006-05-12,12.4766
2006-05-11,12.4409
2006-05-10,12.3992
2006-05-09,12.3591
2006-05-08,12.3230
2006-05-05,12.2871
2006-05-04,12.2512
2006-05-03,12.2178
2006-05-02,12.1882
2006-05-01,12.1603
2006-04-28,12.1358
2006-04-27,12.1101
2006-04-26,12.0847
2006-04-25,12.0590
2006-04-24,12.0260
2006-04-21,11.9897
2006-04-20,11.9547
2006-04-19,11.9178
2006-04-18,11.8848
2006-04-17,11.8541
2006-04-13,11.8231
2006-04-12,11.7989
2006-04-11,11.7751
2006-04-10,11.7601
2006-04-07,11.7426
2006-04-06,11.7221
2006-04-05,11.6987
2006-04-04,11.6757
2006-04-03,11.6504
2006-03-31,11.6230
2006-03-30,11.5971
2006-03-29,11.5703
2006-03-28,11.5435
2006-03-27,11.5140
2006-03-24,11.4837
2006-03-23,11.4526
2006-03-22,11.4217
2006-03-21,11.3857
2006-03-20,11.3495
2006-03-17,11.3156
2006-03-16,11.2844
2006-03-15,11.2565
2006-03-14,11.2303
2006-03-13,11.2072
2006-03-10,11.1849
2006-03-09,11.1677
2006-03-08,11.1515
2006-03-07,11.1395
2006-03-06,11.1261
2006-03-03,11.1126
2006-03-02,11.0983
2006-03-01,11.0902
2006-02-28,11.0838
2006-02-27,11.0770
2006-02-24,11.0600
2006-02-23,11.0436
2006-02-22,11.0234
2006-02-21,11.0067
2006-02-17,10.9927
2006-02-16,10.9817
2006-02-15,10.9707
2006-02-14,10.9602
2006-02-13,10.9509
2006-02-10,10.9428
2006-02-09,10.9330
2006-02-08,10.9231
2006-02-07,10.9153
2006-02-06,10.9058
2006-02-03,10.8995
2006-02-02,10.8899
2006-02-01,10.8808
2006-01-31,10.8719
2006-01-30,10.8729
2006-01-27,10.8714
2006-01-26,10.8664
2006-01-25,10.8614
2006-01-24,10.8585
2006-01-23,10.8517
2006-01-20,10.8482
2006-01-19,10.8428
2006-01-18,10.8347
2006-01-17,10.8256
2006-01-13,10.8163
2006-01-12,10.8057
2006-01-11,10.7935
2006-01-10,10.7817
2006-01-09,10.7738
2006-01-06,10.7648
2006-01-05,10.7567
2006-01-04,10.7470
2006-01-03,10.7353
2005-12-30,10.7264
2005-12-29,10.7149
2005-12-28,10.6999
2005-12-27,10.6857
2005-12-23,10.6686
2005-12-22,10.6506
2005-12-21,10.6341
2005-12-20,10.6160
2005-12-19,10.5995
2005-12-16,10.5826
2005-12-15,10.5634
2005-12-14,10.5434
2005-12-13,10.5246
2005-12-12,10.5146
2005-12-09,10.5044
2005-12-08,10.4943
2005-12-07,10.4841
2005-12-06,10.4773
2005-12-05,10.4715
2005-12-02,10.4680
2005-12-01,10.4610
2005-11-30,10.4513
2005-11-29,10.4412
2005-11-28,10.4280
2005-11-25,10.4171
2005-11-23,10.4049
2005-11-22,10.3916
2005-11-21,10.3807
2005-11-18,10.3718
2005-11-17,10.3684
2005-11-16,10.3626
2005-11-15,10.3569
2005-11-14,10.3537
2005-11-11,10.3560
2005-11-10,10.3614
2005-11-09,10.3668
2005-11-08,10.3742
2005-11-07,10.3837
2005-11-04,10.3920
2005-11-03,10.4004
2005-11-02,10.4076
2005-11-01,10.4138
2005-10-31,10.4173
2005-10-28,10.4209
2005-10-27,10.4289
2005-10-26,10.4371
2005-10-25,10.4434
2005-10-24,10.4450
2005-10-21,10.4467
2005-10-20,10.4501
2005-10-19,10.4487
2005-10-18,10.4485
2005-10-17,10.4499
2005-10-14,10.4482
2005-10-13,10.4437
2005-10-12,10.4395
2005-10-11,10.4335
2005-10-10,10.4239
2005-10-07,10.4139
2005-10-06,10.4034
2005-10-05,10.3898
2005-10-04,10.3790
2005-10-03,10.3652
2005-09-30,10.3533
2005-09-29,10.3437
2005-09-28,10.3345
2005-09-27,10.3248
2005-09-26,10.3164
2005-09-23,10.3133
2005-09-22,10.3163
2005-09-21,10.3202
2005-09-20,10.3201
2005-09-19,10.3134
2005-09-16,10.3066
2005-09-15,10.2921
2005-09-14,10.2785
2005-09-13,10.2665
2005-09-12,10.2507
2005-09-09,10.2334
2005-09-08,10.2159
2005-09-07,10.2005
2005-09-06,10.1861
2005-09-02,10.1692
2005-09-01,10.1506
2005-08-31,10.1264
2005-08-30,10.1041
2005-08-29,10.0804
2005-08-26,10.0565
2005-08-25,10.0338
2005-08-24,10.0100
2005-08-23,9.9874
2005-08-22,9.9659
2005-08-19,9.9465
2005-08-18,9.9303
2005-08-17,9.9122
2005-08-16,9.8975
2005-08-15,9.8837
2005-08-12,9.8691
2005-08-11,9.8548
2005-08-10,9.8401
2005-08-09,9.8281
2005-08-08,9.8179
2005-08-05,9.8069
2005-08-04,9.7951
2005-08-03,9.7842
2005-08-02,9.7719
2005-08-01,9.7558
2005-07-29,9.7397
2005-07-28,9.7231
2005-07-27,9.7065
2005-07-26,9.6882
2005-07-25,9.6711
2005-07-22,9.6547
2005-07-21,9.6348
2005-07-20,9.6138
2005-07-19,9.5935
2005-07-18,9.5749
2005-07-15,9.5559
2005-07-14,9.5381
2005-07-13,9.5212
2005-07-12,9.5010
2005-07-11,9.4789
2005-07-08,9.4531
2005-07-07,9.4282
2005-07-06,9.4005
2005-07-05,9.3667
2005-07-01,9.3342
2005-06-30,9.3002
2005-06-29,9.2678
2005-06-28,9.2456
2005-06-27,9.2225
2005-06-24,9.2006
2005-06-23,9.1777
2005-06-22,9.1487
2005-06-21,9.1170
2005-06-20,9.0843
2005-06-17,9.0487
2005-06-16,9.0132
2005-06-15,8.9814
2005-06-14,8.9504
2005-06-13,8.9188
2005-06-10,8.8834
2005-06-09,8.8483
2005-06-08,8.8130
2005-06-07,8.7814
2005-06-06,8.7469
2005-06-03,8.7134
2005-06-02,8.6815
2005-06-01,8.6508
2005-05-31,8.6205
2005-05-27,8.5907
2005-05-26,8.5657
2005-05-25,8.5418
2005-05-24,8.5205
2005-05-23,8.4997
2005-05-20,8.4817
2005-05-19,8.4636
2005-05-18,8.4399
2005-05-17,8.4152
2005-05-16,8.3930
2005-05-13,8.3729
2005-05-12,8.3527
2005-05-11,8.3305
2005-05-10,8.3086
2005-05-09,8.2879
2005-05-06,8.2732
2005-05-05,8.2585
2005-05-04,8.2459
2005-05-03,8.2289
2005-05-02,8.2102
2005-04-29,8.1920
2005-04-28,8.1728
2005-04-27,8.1527
2005-04-26,8.1299
2005-04-25,8.1046
2005-04-22,8.0774
2005-04-21,8.0519
2005-04-20,8.0247
2005-04-19,8.0002
2005-04-18,7.9756
2005-04-15,7.9545
2005-04-14,7.9285
2005-04-13,7.8959
2005-04-12,7.8634
2005-04-11,7.8299
2005-04-08,7.7919
2005-04-07,7.7571
2005-04-06,7.7221
2005-04-05,7.6903
2005-04-04,7.6578
2005-04-01,7.6269
2005-03-31,7.5956
2005-03-30,7.5649
2005-03-29,7.5343
2005-03-28,7.5074
2005-03-24,7.4799
2005-03-23,7.4544
2005-03-22,7.4305
2005-03-21,7.4055
2005-03-18,7.3849
2005-03-17,7.3653
2005-03-16,7.3452
2005-03-15,7.3273
2005-03-14,7.3064
2005-03-11,7.2877
2005-03-10,7.2731
2005-03-09,7.2566
2005-03-08,7.2416
2005-03-07,7.2284
2005-03-04,7.2164
2005-03-03,7.2034
2005-03-02,7.1950
2005-03-01,7.1931
2005-02-28,7.1879
2005-02-25,7.1820
2005-02-24,7.1768
2005-02-23,7.1749
2005-02-22,7.1754
2005-02-18,7.1743
2005-02-17,7.1711
2005-02-16,7.1652
2005-02-15,7.1598
2005-02-14,7.1531
2005-02-11,7.1495
2005-02-10,7.1445
2005-02-09,7.1373
2005-02-08,7.1330
2005-02-07,7.1321
2005-02-04,7.1356
2005-02-03,7.1395
2005-02-02,7.1471
2005-02-01,7.1542
2005-01-31,7.1633
2005-01-28,7.1738
2005-01-27,7.1850
2005-01-26,7.1954
2005-01-25,7.2067
2005-01-24,7.2196
2005-01-21,7.2325
2005-01-20,7.2432
2005-01-19,7.2495
2005-01-18,7.2546
2005-01-14,7.2611
2005-01-13,7.2724
2005-01-12,7.2822
2005-01-11,7.2935
2005-01-10,7.3082
2005-01-07,7.3237
2005-01-06,7.3405
2005-01-05,7.3585
2005-01-04,7.3748
2005-01-03,7.3931
2004-12-31,7.4044
2004-12-30,7.4138
2004-12-29,7.4227
2004-12-28,7.4321
2004-12-27,7.4365
2004-12-23,7.4411
2004-12-22,7.4410
2004-12-21,7.4379
2004-12-20,7.4343
2004-12-17,7.4265
2004-12-16,7.4196
2004-12-15,7.4147
2004-12-14,7.4059
2004-12-13,7.3964
2004-12-10,7.3868
2004-12-09,7.3814
2004-12-08,7.3759
2004-12-07,7.3663
2004-12-06,7.3536
2004-12-03,7.3376
2004-12-02,7.3178
2004-12-01,7.2943
2004-11-30,7.2711
2004-11-29,7.2504
2004-11-26,7.2298
2004-11-24,7.2075
2004-11-23,7.1852
2004-11-22,7.1654
2004-11-19,7.1456
2004-11-18,7.1233
2004-11-17,7.0996
2004-11-16,7.0768
2004-11-15,7.0585
2004-11-12,7.0410
2004-11-11,7.0260
2004-11-10,7.0095
2004-11-09,6.9953
2004-11-08,6.9820
2004-11-05,6.9703
2004-11-04,6.9612
2004-11-03,6.9496
2004-11-02,6.9355
2004-11-01,6.9250
2004-10-29,6.9172
2004-10-28,6.9105
2004-10-27,6.9039
2004-10-26,6.8987
2004-10-25,6.8949
2004-10-22,6.8919
2004-10-21,6.8895
2004-10-20,6.8887
2004-10-19,6.8907
2004-10-18,6.8896
2004-10-15,6.8843
2004-10-14,6.8784
2004-10-13,6.8724
2004-10-12,6.8699
2004-10-11,6.8698
2004-10-08,6.8691
2004-10-07,6.8674
2004-10-06,6.8614
2004-10-05,6.8558
2004-10-04,6.8524
2004-10-01,6.8497
2004-09-30,6.8482
2004-09-29,6.8484
2004-09-28,6.8510
2004-09-27,6.8496
2004-09-24,6.8481
2004-09-23,6.8450
2004-09-22,6.8422
2004-09-21,6.8372
2004-09-20,6.8271
2004-09-17,6.8184
2004-09-16,6.8097
2004-09-15,6.8026
2004-09-14,6.7945
2004-09-13,6.7860
2004-09-10,6.7755
2004-09-09,6.7667
2004-09-08,6.7545
2004-09-07,6.7399
2004-09-03,6.7259
2004-09-02,6.7120
2004-09-01,6.6976
2004-08-31,6.6857
2004-08-30,6.6745
2004-08-27,6.6650
2004-08-26,6.6570
2004-08-25,6.6479
2004-08-24,6.6379
2004-08-23,6.6328
2004-08-20,6.6284
2004-08-19,6.6239
2004-08-18,6.6193
2004-08-17,6.6156
2004-08-16,6.6095
2004-08-13,6.6048
2004-08-12,6.6098
2004-08-11,6.6133
2004-08-10,6.6173
2004-08-09,6.6227
2004-08-06,6.6286
2004-08-05,6.6336
2004-08-04,6.6316
2004-08-03,6.6278
2004-08-02,6.6233
2004-07-30,6.6212
2004-07-29,6.6186
2004-07-28,6.6190
2004-07-27,6.6200
2004-07-26,6.6246
2004-07-23,6.6338
2004-07-22,6.6436
2004-07-21,6.6544
2004-07-20,6.6602
2004-07-19,6.6650
2004-07-16,6.6690
2004-07-15,6.6694
2004-07-14,6.6713
2004-07-13,6.6692
2004-07-12,6.6647
2004-07-09,6.6613
2004-07-08,6.6580
2004-07-07,6.6558
2004-07-06,6.6530
2004-07-02,6.6508
2004-07-01,6.6509
2004-06-30,6.6485
2004-06-29,6.6432
2004-06-28,6.6393
2004-06-25,6.6344
2004-06-24,6.6280
2004-06-23,6.6206
2004-06-22,6.6120
2004-06-21,6.6056
2004-06-18,6.5961
2004-06-17,6.5865
2004-06-16,6.5803
2004-06-15,6.5749
2004-06-14,6.5707
2004-06-10,6.5705
2004-06-09,6.5708
2004-06-08,6.5711
2004-06-07,6.5737
2004-06-04,6.5739
2004-06-03,6.5759
2004-06-02,6.5782
2004-06-01,6.5788
2004-05-28,6.5803
2004-05-27,6.5816
2004-05-26,6.5821
2004-05-25,6.5861
2004-05-24,6.5896
2004-05-21,6.5945
2004-05-20,6.6009
2004-05-19,6.6081
2004-05-18,6.6149
2004-05-17,6.6265
2004-05-14,6.6392
2004-05-13,6.6511
2004-05-12,6.6603
2004-05-11,6.6702
2004-05-10,6.6819
2004-05-07,6.6934
2004-05-06,6.7043
2004-05-05,6.7147
2004-05-04,6.7244
2004-05-03,6.7353
2004-04-30,6.7466
2004-04-29,6.7599
2004-04-28,6.7741
2004-04-27,6.7869
2004-04-26,6.8058
2004-04-23,6.8255
2004-04-22,6.8472
2004-04-21,6.8697
2004-04-20,6.8953
2004-04-19,6.9211
2004-04-16,6.9433
2004-04-15,6.9655
2004-04-14,6.9881
2004-04-13,7.0101
2004-04-12,7.0319
2004-04-08,7.0548
2004-04-07,7.0782
2004-04-06,7.1010
2004-04-05,7.1222
2004-04-02,7.1444
2004-04-01,7.1684
2004-03-31,7.1942
2004-03-30,7.2195
2004-03-29,7.2479
2004-03-26,7.2764
2004-03-25,7.3057
2004-03-24,7.3339
2004-03-23,7.3637
2004-03-22,7.3906
2004-03-19,7.4230
2004-03-18,7.4488
2004-03-17,7.4744
2004-03-16,7.4959
2004-03-15,7.5184
2004-03-12,7.5358
2004-03-11,7.5534
2004-03-10,7.5671
2004-03-09,7.5773
2004-03-08,7.5855
2004-03-05,7.5873
2004-03-04,7.5892
2004-03-03,7.5909
2004-03-02,7.5911
2004-03-01,7.5937
2004-02-27,7.5950
2004-02-26,7.5961
2004-02-25,7.5965
2004-02-24,7.5936
2004-02-23,7.5893
2004-02-20,7.5827
2004-02-19,7.5725
2004-02-18,7.5601
2004-02-17,7.5477
2004-02-13,7.5362
2004-02-12,7.5213
2004-02-11,7.5071
2004-02-10,7.4932
2004-02-09,7.4805
2004-02-06,7.4685
2004-02-05,7.4562
2004-02-04,7.4457
2004-02-03,7.4334
2004-02-02,7.4213
2004-01-30,7.4091
2004-01-29,7.4004
2004-01-28,7.3898
2004-01-27,7.3792
2004-01-26,7.3677
2004-01-23,7.3578
2004-01-22,7.3496
2004-01-21,7.3368
2004-01-20,7.3243
2004-01-16,7.3091
2004-01-15,7.2963
2004-01-14,7.2841
2004-01-13,7.2702
2004-01-12,7.2573
2004-01-09,7.2453
2004-01-08,7.2317
2004-01-07,7.2223
2004-01-06,7.2154
2004-01-05,7.2103
2004-01-02,7.2040
2003-12-31,7.1984
2003-12-30,7.1925
2003-12-29,7.1858
2003-12-26,7.1794
2003-12-24,7.1718
2003-12-23,7.1623
2003-12-22,7.1515
2003-12-19,7.1417
2003-12-18,7.1324
2003-12-17,7.1240
2003-12-16,7.1175
2003-12-15,7.1149
2003-12-12,7.1133
2003-12-11,7.1130
2003-12-10,7.1130
2003-12-09,7.1156
2003-12-08,7.1181
2003-12-05,7.1213
2003-12-04,7.1259
2003-12-03,7.1291
2003-12-02,7.1338
2003-12-01,7.1417
2003-11-28,7.1502
2003-11-26,7.1563
2003-11-25,7.1618
2003-11-24,7.1665
2003-11-21,7.1717
2003-11-20,7.1762
2003-11-19,7.1796
2003-11-18,7.1839
2003-11-17,7.1885
2003-11-14,7.1913
2003-11-13,7.1939
2003-11-12,7.1976
2003-11-11,7.2015
2003-11-10,7.2079
2003-11-07,7.2134
2003-11-06,7.2174
2003-11-05,7.2227
2003-11-04,7.2295
2003-11-03,7.2358
2003-10-31,7.2430
2003-10-30,7.2524
2003-10-29,7.2607
2003-10-28,7.2698
2003-10-27,7.2866
2003-10-24,7.3018
2003-10-23,7.3166
2003-10-22,7.3317
2003-10-21,7.3445
2003-10-20,7.3564
2003-10-17,7.3684
2003-10-16,7.3796
2003-10-15,7.3898
2003-10-14,7.3999
2003-10-13,7.4092
2003-10-10,7.4183
2003-10-09,7.4283
2003-10-08,7.4380
2003-10-07,7.4495
2003-10-06,7.4614
2003-10-03,7.4734
2003-10-02,7.4846
2003-10-01,7.4974
2003-09-30,7.5087
2003-09-29,7.5183
2003-09-26,7.5297
2003-09-25,7.5400
2003-09-24,7.5507
2003-09-23,7.5632
2003-09-22,7.5761
2003-09-19,7.5906
2003-09-18,7.6054
2003-09-17,7.6214
2003-09-16,7.6387
2003-09-15,7.6561
2003-09-12,7.6736
2003-09-11,7.6892
2003-09-10,7.7048
2003-09-09,7.7199
2003-09-08,7.7299
2003-09-05,7.7372
2003-09-04,7.7431
2003-09-03,7.7469
2003-09-02,7.7509
2003-08-29,7.7578
2003-08-28,7.7652
2003-08-27,7.7729
2003-08-26,7.7825
2003-08-25,7.7946
2003-08-22,7.8068
2003-08-21,7.8196
2003-08-20,7.8251
2003-08-19,7.8268
2003-08-18,7.8273
2003-08-15,7.8258
2003-08-14,7.8226
2003-08-13,7.8182
2003-08-12,7.8132
2003-08-11,7.8084
2003-08-08,7.8040
2003-08-07,7.7990
2003-08-06,7.7917
2003-08-05,7.7844
2003-08-04,7.7755
2003-08-01,7.7696
2003-07-31,7.7659
2003-07-30,7.7642
2003-07-29,7.7582
2003-07-28,7.7538
2003-07-25,7.7486
2003-07-24,7.7429
2003-07-23,7.7415
2003-07-22,7.7407
2003-07-21,7.7393
2003-07-18,7.7413
2003-07-17,7.7442
2003-07-16,7.7474
2003-07-15,7.7504
2003-07-14,7.7557
2003-07-11,7.7661
2003-07-10,7.7738
2003-07-09,7.7816
2003-07-08,7.7901
2003-07-07,7.7991
2003-07-03,7.8088
2003-07-02,7.8181
2003-07-01,7.8276
2003-06-30,7.8364
2003-06-27,7.8430
2003-06-26,7.8522
2003-06-25,7.8623
2003-06-24,7.8728
2003-06-23,7.8834
2003-06-20,7.8940
2003-06-19,7.9041
2003-06-18,7.9145
2003-06-17,7.9242
2003-06-16,7.9356
2003-06-13,7.9475
2003-06-12,7.9584
2003-06-11,7.9696
2003-06-10,7.9788
2003-06-09,7.9894
2003-06-06,7.9993
2003-06-05,8.0114
2003-06-04,8.0219
2003-06-03,8.0317
2003-06-02,8.0376
2003-05-30,8.0428
2003-05-29,8.0420
2003-05-28,8.0455
2003-05-27,8.0525
2003-05-23,8.0593
2003-05-22,8.0660
2003-05-21,8.0685
2003-05-20,8.0700
2003-05-19,8.0711
2003-05-16,8.0738
2003-05-15,8.0809
2003-05-14,8.0869
2003-05-13,8.0923
2003-05-12,8.0982
2003-05-09,8.1033
2003-05-08,8.1066
2003-05-07,8.1052
2003-05-06,8.1012
2003-05-05,8.0954
2003-05-02,8.0928
2003-05-01,8.0930
2003-04-30,8.0911
2003-04-29,8.0870
2003-04-28,8.0795
2003-04-25,8.0741
2003-04-24,8.0708
2003-04-23,8.0698
2003-04-22,8.0735
2003-04-21,8.0764
2003-04-17,8.0779
2003-04-16,8.0770
2003-04-15,8.0784
2003-04-14,8.0805
2003-04-11,8.0823
2003-04-10,8.0832
2003-04-09,8.0822
2003-04-08,8.0847
2003-04-07,8.0855
2003-04-04,8.0888
2003-04-03,8.0903
2003-04-02,8.0916
2003-04-01,8.0927
2003-03-31,8.0917
2003-03-28,8.0873
2003-03-27,8.0861
2003-03-26,8.0853
2003-03-25,8.0848
2003-03-24,8.0863
2003-03-21,8.0877
2003-03-20,8.0882
2003-03-19,8.0895
2003-03-18,8.0904
2003-03-17,8.0920
2003-03-14,8.0917
2003-03-13,8.0893
2003-03-12,8.0838
2003-03-11,8.0777
2003-03-10,8.0729
2003-03-07,8.0692
2003-03-06,8.0649
2003-03-05,8.0631
2003-03-04,8.0635
2003-03-03,8.0639
2003-02-28,8.0638
2003-02-27,8.0640
2003-02-26,8.0651
2003-02-25,8.0642
2003-02-24,8.0640
2003-02-21,8.0660
2003-02-20,8.0673
2003-02-19,8.0670
2003-02-18,8.0701
2003-02-14,8.0747
2003-02-13,8.0796
2003-02-12,8.0830
2003-02-11,8.0872
2003-02-10,8.0888
2003-02-07,8.0883
2003-02-06,8.0877
2003-02-05,8.0902
2003-02-04,8.0931
2003-02-03,8.0957
2003-01-31,8.0989
2003-01-30,8.1034
2003-01-29,8.1108
2003-01-28,8.1242
2003-01-27,8.1368
2003-01-24,8.1499
2003-01-23,8.1645
2003-01-22,8.1800
2003-01-21,8.1946
2003-01-17,8.2102
2003-01-16,8.2273
2003-01-15,8.2470
2003-01-14,8.2667
2003-01-13,8.2870
2003-01-10,8.3061
2003-01-09,8.3242
2003-01-08,8.3406
2003-01-07,8.3540
2003-01-06,8.3675
2003-01-03,8.3842
2003-01-02,8.4006
2002-12-31,8.4174
2002-12-30,8.4330
2002-12-27,8.4484
2002-12-26,8.4632
2002-12-24,8.4802
2002-12-23,8.4992
2002-12-20,8.5170
2002-12-19,8.5348
2002-12-18,8.5520
2002-12-17,8.5693
2002-12-16,8.5879
2002-12-13,8.6038
2002-12-12,8.6209
2002-12-11,8.6360
2002-12-10,8.6505
2002-12-09,8.6645
2002-12-06,8.6768
2002-12-05,8.6883
2002-12-04,8.7002
2002-12-03,8.7141
2002-12-02,8.7266
2002-11-29,8.7405
2002-11-27,8.7561
2002-11-26,8.7716
2002-11-25,8.7849
2002-11-22,8.7955
2002-11-21,8.8059
2002-11-20,8.8113
2002-11-19,8.8143
2002-11-18,8.8162
2002-11-15,8.8182
2002-11-14,8.8208
2002-11-13,8.8233
2002-11-12,8.8243
2002-11-11,8.8237
2002-11-08,8.8247
2002-11-07,8.8276
2002-11-06,8.8297
2002-11-05,8.8314
2002-11-04,8.8281
2002-11-01,8.8244
2002-10-31,8.8198
2002-10-30,8.8132
2002-10-29,8.8069
2002-10-28,8.8002
2002-10-25,8.7923
2002-10-24,8.7862
2002-10-23,8.7822
2002-10-22,8.7771
2002-10-21,8.7719
2002-10-18,8.7679
2002-10-17,8.7594
2002-10-16,8.7499
2002-10-15,8.7410
2002-10-14,8.7348
2002-10-11,8.7259
2002-10-10,8.7182
2002-10-09,8.7085
2002-10-08,8.6989
2002-10-07,8.6911
2002-10-04,8.6839
2002-10-03,8.6751
2002-10-02,8.6690
2002-10-01,8.6640
2002-09-30,8.6590
2002-09-27,8.6517
2002-09-26,8.6475
2002-09-25,8.6447
2002-09-24,8.6399
2002-09-23,8.6340
2002-09-20,8.6279
2002-09-19,8.6214
2002-09-18,8.6135
2002-09-17,8.6059
2002-09-16,8.5991
2002-09-13,8.5920
2002-09-12,8.5822
2002-09-11,8.5762
2002-09-10,8.5716
2002-09-09,8.5662
2002-09-06,8.5596
2002-09-05,8.5534
2002-09-04,8.5459
2002-09-03,8.5376
2002-08-30,8.5281
2002-08-29,8.5204
2002-08-28,8.5120
2002-08-27,8.5025
2002-08-26,8.4949
2002-08-23,8.4888
2002-08-22,8.4839
2002-08-21,8.4795
2002-08-20,8.4752
2002-08-19,8.4705
2002-08-16,8.4642
2002-08-15,8.4576
2002-08-14,8.4510
2002-08-13,8.4428
2002-08-12,8.4423
2002-08-09,8.4424
2002-08-08,8.4424
2002-08-07,8.4415
2002-08-06,8.4398
2002-08-05,8.4358
2002-08-02,8.4311
2002-08-01,8.4286
2002-07-31,8.4298
2002-07-30,8.4310
2002-07-29,8.4328
2002-07-26,8.4371
2002-07-25,8.4403
2002-07-24,8.4440
2002-07-23,8.4453
2002-07-22,8.4430
2002-07-19,8.4410
2002-07-18,8.4421
2002-07-17,8.4413
2002-07-16,8.4417
2002-07-15,8.4405
2002-07-12,8.4357
2002-07-11,8.4355
2002-07-10,8.4358
2002-07-09,8.4360
2002-07-08,8.4358
2002-07-05,8.4397
2002-07-03,8.4467
2002-07-02,8.4524
2002-07-01,8.4637
2002-06-28,8.4874
2002-06-27,8.5128
2002-06-26,8.5433
2002-06-25,8.5728
2002-06-24,8.6041
2002-06-21,8.6344
2002-06-20,8.6671
2002-06-19,8.6999
2002-06-18,8.7306
2002-06-17,8.7597
2002-06-14,8.7889
2002-06-13,8.8179
2002-06-12,8.8481
2002-06-11,8.8785
2002-06-10,8.9075
2002-06-07,8.9365
2002-06-06,8.9647
2002-06-05,8.9912
2002-06-04,9.0158
2002-06-03,9.0394
2002-05-31,9.0641
2002-05-30,9.0904
2002-05-29,9.1161
2002-05-28,9.1404
2002-05-24,9.1617
2002-05-23,9.1844
2002-05-22,9.2078
2002-05-21,9.2319
2002-05-20,9.2582
2002-05-17,9.2855
2002-05-16,9.3114
2002-05-15,9.3376
2002-05-14,9.3658
2002-05-13,9.3945
2002-05-10,9.4201
2002-05-09,9.4454
2002-05-08,9.4725
2002-05-07,9.4992
2002-05-06,9.5257
2002-05-03,9.5551
2002-05-02,9.5857
2002-05-01,9.6181
2002-04-30,9.6514
2002-04-29,9.6845
2002-04-26,9.7156
2002-04-25,9.7423
2002-04-24,9.7670
2002-04-23,9.7926
2002-04-22,9.8181
2002-04-19,9.8444
2002-04-18,9.8694
2002-04-17,9.8950
2002-04-16,9.9259
2002-04-15,9.9617
2002-04-12,9.9969
2002-04-11,10.0315
2002-04-10,10.0614
2002-04-09,10.0891
2002-04-08,10.1114
2002-04-05,10.1344
2002-04-04,10.1575
2002-04-03,10.1794
2002-04-02,10.2019
2002-04-01,10.2257
2002-03-28,10.2476
2002-03-27,10.2680
2002-03-26,10.2858
2002-03-25,10.3003
2002-03-22,10.3159
