Dates,T3 Values
2023-07-20,174.1476
2023-07-19,173.8425
2023-07-18,173.5379
2023-07-17,173.2339
2023-07-14,172.9305
2023-07-13,172.6278
2023-07-12,172.3259
2023-07-11,172.0246
2023-07-10,171.7242
2023-07-07,171.4246
2023-07-06,171.1257
2023-07-05,170.8277
2023-07-03,170.5305
2023-06-30,170.2343
2023-06-29,169.9390
2023-06-28,169.6447
2023-06-27,169.3514
2023-06-26,169.0591
2023-06-23,168.7680
2023-06-22,168.4781
2023-06-21,168.1893
2023-06-20,167.9019
2023-06-16,167.6159
2023-06-15,167.3312
2023-06-14,167.0481
2023-06-13,166.7664
2023-06-12,166.4861
2023-06-09,166.2073
2023-06-08,165.9301
2023-06-07,165.6542
2023-06-06,165.3799
2023-06-05,165.1070
2023-06-02,164.8356
2023-06-01,164.5657
2023-05-31,164.2974
2023-05-30,164.0308
2023-05-26,163.7658
2023-05-25,163.5025
2023-05-24,163.2410
2023-05-23,162.9813
2023-05-22,162.7236
2023-05-19,162.4679
2023-05-18,162.2143
2023-05-17,161.9628
2023-05-16,161.7136
2023-05-15,161.4666
2023-05-12,161.2220
2023-05-11,160.9799
2023-05-10,160.7402
2023-05-09,160.5032
2023-05-08,160.2688
2023-05-05,160.0372
2023-05-04,159.8085
2023-05-03,159.5828
2023-05-02,159.3602
2023-05-01,159.1408
2023-04-28,158.9247
2023-04-27,158.7121
2023-04-26,158.5029
2023-04-25,158.2973
2023-04-24,158.0954
2023-04-21,157.8973
2023-04-20,157.7030
2023-04-19,157.5126
2023-04-18,157.3262
2023-04-17,157.1440
2023-04-14,156.9659
2023-04-13,156.7921
2023-04-12,156.6226
2023-04-11,156.4576
2023-04-10,156.2970
2023-04-06,156.1410
2023-04-05,155.9896
2023-04-04,155.8428
2023-04-03,155.7007
2023-03-31,155.5634
2023-03-30,155.4308
2023-03-29,155.3031
2023-03-28,155.1802
2023-03-27,155.0623
2023-03-24,154.9493
2023-03-23,154.8414
2023-03-22,154.7386
2023-03-21,154.6410
2023-03-20,154.5488
2023-03-17,154.4621
2023-03-16,154.3809
2023-03-15,154.3054
2023-03-14,154.2356
2023-03-13,154.1716
2023-03-10,154.1135
2023-03-09,154.0614
2023-03-08,154.0154
2023-03-07,153.9756
2023-03-06,153.9420
2023-03-03,153.9147
2023-03-02,153.8937
2023-03-01,153.8792
2023-02-28,153.8712
2023-02-27,153.8695
2023-02-24,153.8745
2023-02-23,153.8860
2023-02-22,153.9042
2023-02-21,153.9293
2023-02-17,153.9611
2023-02-16,153.9999
2023-02-15,154.0456
2023-02-14,154.0982
2023-02-13,154.1578
2023-02-10,154.2245
2023-02-09,154.2980
2023-02-08,154.3785
2023-02-07,154.4659
2023-02-06,154.5602
2023-02-03,154.6614
2023-02-02,154.7694
2023-02-01,154.8844
2023-01-31,155.0062
2023-01-30,155.1348
2023-01-27,155.2703
2023-01-26,155.4126
2023-01-25,155.5616
2023-01-24,155.7173
2023-01-23,155.8796
2023-01-20,156.0485
2023-01-19,156.2239
2023-01-18,156.4057
2023-01-17,156.5939
2023-01-13,156.7885
2023-01-12,156.9893
2023-01-11,157.1963
2023-01-10,157.4093
2023-01-09,157.6282
2023-01-06,157.8529
2023-01-05,158.0833
2023-01-04,158.3194
2023-01-03,158.5609
2022-12-30,158.8077
2022-12-29,159.0597
2022-12-28,159.3169
2022-12-27,159.5791
2022-12-23,159.8464
2022-12-22,160.1185
2022-12-21,160.3956
2022-12-20,160.6774
2022-12-19,160.9639
2022-12-16,161.2551
2022-12-15,161.5507
2022-12-14,161.8508
2022-12-13,162.1552
2022-12-12,162.4638
2022-12-09,162.7766
2022-12-08,163.0934
2022-12-07,163.4141
2022-12-06,163.7386
2022-12-05,164.0669
2022-12-02,164.3988
2022-12-01,164.7343
2022-11-30,165.0733
2022-11-29,165.4155
2022-11-28,165.7610
2022-11-25,166.1095
2022-11-23,166.4610
2022-11-22,166.8154
2022-11-21,167.1726
2022-11-18,167.5324
2022-11-17,167.8947
2022-11-16,168.2594
2022-11-15,168.6264
2022-11-14,168.9955
2022-11-11,169.3667
2022-11-10,169.7396
2022-11-09,170.1143
2022-11-08,170.4905
2022-11-07,170.8681
2022-11-04,171.2468
2022-11-03,171.6266
2022-11-02,172.0073
2022-11-01,172.3887
2022-10-31,172.7708
2022-10-28,173.1535
2022-10-27,173.5368
2022-10-26,173.9206
2022-10-25,174.3049
2022-10-24,174.6895
2022-10-21,175.0747
2022-10-20,175.4601
2022-10-19,175.8460
2022-10-18,176.2321
2022-10-17,176.6185
2022-10-14,177.0051
2022-10-13,177.3919
2022-10-12,177.7790
2022-10-11,178.1663
2022-10-10,178.5538
2022-10-07,178.9415
2022-10-06,179.3296
2022-10-05,179.7179
2022-10-04,180.1066
2022-10-03,180.4956
2022-09-30,180.8850
2022-09-29,181.2748
2022-09-28,181.6651
2022-09-27,182.0560
2022-09-26,182.4474
2022-09-23,182.8396
2022-09-22,183.2325
2022-09-21,183.6262
2022-09-20,184.0208
2022-09-19,184.4163
2022-09-16,184.8128
2022-09-15,185.2101
2022-09-14,185.6084
2022-09-13,186.0076
2022-09-12,186.4078
2022-09-09,186.8088
2022-09-08,187.2107
2022-09-07,187.6135
2022-09-06,188.0170
2022-09-02,188.4213
2022-09-01,188.8262
2022-08-31,189.2318
2022-08-30,189.6379
2022-08-29,190.0446
2022-08-26,190.4518
2022-08-25,190.8593
2022-08-24,191.2672
2022-08-23,191.6753
2022-08-22,192.0834
2022-08-19,192.4914
2022-08-18,192.8993
2022-08-17,193.3070
2022-08-16,193.7144
2022-08-15,194.1213
2022-08-12,194.5275
2022-08-11,194.9330
2022-08-10,195.3376
2022-08-09,195.7411
2022-08-08,196.1433
2022-08-05,196.5441
2022-08-04,196.9433
2022-08-03,197.3407
2022-08-02,197.7363
2022-08-01,198.1298
2022-07-29,198.5210
2022-07-28,198.9099
2022-07-27,199.2961
2022-07-26,199.6796
2022-07-25,200.0601
2022-07-22,200.4376
2022-07-21,200.8118
2022-07-20,201.1828
2022-07-19,201.5501
2022-07-18,201.9138
2022-07-15,202.2736
2022-07-14,202.6294
2022-07-13,202.9810
2022-07-12,203.3283
2022-07-11,203.6712
2022-07-08,204.0096
2022-07-07,204.3433
2022-07-06,204.6723
2022-07-05,204.9965
2022-07-01,205.3158
2022-06-30,205.6302
2022-06-29,205.9395
2022-06-28,206.2438
2022-06-27,206.5428
2022-06-24,206.8366
2022-06-23,207.1251
2022-06-22,207.4081
2022-06-21,207.6857
2022-06-17,207.9578
2022-06-16,208.2243
2022-06-15,208.4852
2022-06-14,208.7404
2022-06-13,208.9898
2022-06-10,209.2335
2022-06-09,209.4716
2022-06-08,209.7039
2022-06-07,209.9307
2022-06-06,210.1518
2022-06-03,210.3673
2022-06-02,210.5771
2022-06-01,210.7812
2022-05-31,210.9795
2022-05-27,211.1721
2022-05-26,211.3590
2022-05-25,211.5401
2022-05-24,211.7157
2022-05-23,211.8856
2022-05-20,212.0501
2022-05-19,212.2092
2022-05-18,212.3630
2022-05-17,212.5117
2022-05-16,212.6554
2022-05-13,212.7942
2022-05-12,212.9282
2022-05-11,213.0576
2022-05-10,213.1825
2022-05-09,213.3031
2022-05-06,213.4195
2022-05-05,213.5320
2022-05-04,213.6406
2022-05-03,213.7454
2022-05-02,213.8466
2022-04-29,213.9441
2022-04-28,214.0382
2022-04-27,214.1288
2022-04-26,214.2162
2022-04-25,214.3004
2022-04-22,214.3815
2022-04-21,214.4596
2022-04-20,214.5347
2022-04-19,214.6068
2022-04-18,214.6759
2022-04-14,214.7420
2022-04-13,214.8051
2022-04-12,214.8651
2022-04-11,214.9221
2022-04-08,214.9760
2022-04-07,215.0269
2022-04-06,215.0749
2022-04-05,215.1199
2022-04-04,215.1620
2022-04-01,215.2012
2022-03-31,215.2376
2022-03-30,215.2711
2022-03-29,215.3017
2022-03-28,215.3294
2022-03-25,215.3541
2022-03-24,215.3758
2022-03-23,215.3945
2022-03-22,215.4102
2022-03-21,215.4228
2022-03-18,215.4325
2022-03-17,215.4391
2022-03-16,215.4428
2022-03-15,215.4434
2022-03-14,215.4410
2022-03-11,215.4356
2022-03-10,215.4273
2022-03-09,215.4160
2022-03-08,215.4020
2022-03-07,215.3853
2022-03-04,215.3659
2022-03-03,215.3439
2022-03-02,215.3196
2022-03-01,215.2930
2022-02-28,215.2642
2022-02-25,215.2331
2022-02-24,215.1997
2022-02-23,215.1642
2022-02-22,215.1265
2022-02-18,215.0865
2022-02-17,215.0443
2022-02-16,215.0000
2022-02-15,214.9535
2022-02-14,214.9047
2022-02-11,214.8536
2022-02-10,214.8002
2022-02-09,214.7442
2022-02-08,214.6858
2022-02-07,214.6248
2022-02-04,214.5611
2022-02-03,214.4947
2022-02-02,214.4256
2022-02-01,214.3536
2022-01-31,214.2788
2022-01-28,214.2012
2022-01-27,214.1207
2022-01-26,214.0372
2022-01-25,213.9509
2022-01-24,213.8619
2022-01-21,213.7701
2022-01-20,213.6755
2022-01-19,213.5782
2022-01-18,213.4782
2022-01-14,213.3753
2022-01-13,213.2696
2022-01-12,213.1609
2022-01-11,213.0491
2022-01-10,212.9341
2022-01-07,212.8158
2022-01-06,212.6942
2022-01-05,212.5692
2022-01-04,212.4408
2022-01-03,212.3088
2021-12-31,212.1733
2021-12-30,212.0342
2021-12-29,211.8914
2021-12-28,211.7449
2021-12-27,211.5947
2021-12-23,211.4409
2021-12-22,211.2833
2021-12-21,211.1221
2021-12-20,210.9571
2021-12-17,210.7884
2021-12-16,210.6159
2021-12-15,210.4399
2021-12-14,210.2603
2021-12-13,210.0772
2021-12-10,209.8906
2021-12-09,209.7007
2021-12-08,209.5074
2021-12-07,209.3108
2021-12-06,209.1109
2021-12-03,208.9077
2021-12-02,208.7011
2021-12-01,208.4913
2021-11-30,208.2782
2021-11-29,208.0620
2021-11-26,207.8427
2021-11-24,207.6204
2021-11-23,207.3951
2021-11-22,207.1670
2021-11-19,206.9361
2021-11-18,206.7025
2021-11-17,206.4661
2021-11-16,206.2269
2021-11-15,205.9850
2021-11-12,205.7402
2021-11-11,205.4926
2021-11-10,205.2421
2021-11-09,204.9885
2021-11-08,204.7320
2021-11-05,204.4724
2021-11-04,204.2099
2021-11-03,203.9443
2021-11-02,203.6756
2021-11-01,203.4039
2021-10-29,203.1290
2021-10-28,202.8512
2021-10-27,202.5703
2021-10-26,202.2865
2021-10-25,201.9998
2021-10-22,201.7102
2021-10-21,201.4178
2021-10-20,201.1227
2021-10-19,200.8248
2021-10-18,200.5242
2021-10-15,200.2210
2021-10-14,199.9152
2021-10-13,199.6068
2021-10-12,199.2958
2021-10-11,198.9822
2021-10-08,198.6662
2021-10-07,198.3476
2021-10-06,198.0264
2021-10-05,197.7027
2021-10-04,197.3765
2021-10-01,197.0477
2021-09-30,196.7163
2021-09-29,196.3823
2021-09-28,196.0458
2021-09-27,195.7067
2021-09-24,195.3651
2021-09-23,195.0209
2021-09-22,194.6742
2021-09-21,194.3250
2021-09-20,193.9733
2021-09-17,193.6192
2021-09-16,193.2628
2021-09-15,192.9040
2021-09-14,192.5431
2021-09-13,192.1801
2021-09-10,191.8150
2021-09-09,191.4480
2021-09-08,191.0791
2021-09-07,190.7084
2021-09-03,190.3360
2021-09-02,189.9621
2021-09-01,189.5867
2021-08-31,189.2099
2021-08-30,188.8318
2021-08-27,188.4525
2021-08-26,188.0720
2021-08-25,187.6904
2021-08-24,187.3079
2021-08-23,186.9245
2021-08-20,186.5403
2021-08-19,186.1554
2021-08-18,185.7699
2021-08-17,185.3840
2021-08-16,184.9978
2021-08-13,184.6114
2021-08-12,184.2249
2021-08-11,183.8385
2021-08-10,183.4521
2021-08-09,183.0657
2021-08-06,182.6795
2021-08-05,182.2934
2021-08-04,181.9076
2021-08-03,181.5220
2021-08-02,181.1368
2021-07-30,180.7521
2021-07-29,180.3679
2021-07-28,179.9844
2021-07-27,179.6016
2021-07-26,179.2197
2021-07-23,178.8387
2021-07-22,178.4587
2021-07-21,178.0799
2021-07-20,177.7024
2021-07-19,177.3264
2021-07-16,176.9520
2021-07-15,176.5793
2021-07-14,176.2087
2021-07-13,175.8402
2021-07-12,175.4741
2021-07-09,175.1106
2021-07-08,174.7497
2021-07-07,174.3915
2021-07-06,174.0363
2021-07-02,173.6840
2021-07-01,173.3348
2021-06-30,172.9888
2021-06-29,172.6461
2021-06-28,172.3070
2021-06-25,171.9713
2021-06-24,171.6393
2021-06-23,171.3111
2021-06-22,170.9868
2021-06-21,170.6663
2021-06-18,170.3498
2021-06-17,170.0374
2021-06-16,169.7292
2021-06-15,169.4252
2021-06-14,169.1255
2021-06-11,168.8304
2021-06-10,168.5398
2021-06-09,168.2538
2021-06-08,167.9725
2021-06-07,167.6960
2021-06-04,167.4243
2021-06-03,167.1574
2021-06-02,166.8955
2021-06-01,166.6385
2021-05-28,166.3865
2021-05-27,166.1395
2021-05-26,165.8975
2021-05-25,165.6607
2021-05-24,165.4289
2021-05-21,165.2024
2021-05-20,164.9811
2021-05-19,164.7651
2021-05-18,164.5547
2021-05-17,164.3499
2021-05-14,164.1509
2021-05-13,163.9578
2021-05-12,163.7708
2021-05-11,163.5900
2021-05-10,163.4157
2021-05-07,163.2479
2021-05-06,163.0870
2021-05-05,162.9329
2021-05-04,162.7859
2021-05-03,162.6461
2021-04-30,162.5137
2021-04-29,162.3887
2021-04-28,162.2714
2021-04-27,162.1619
2021-04-26,162.0603
2021-04-23,161.9667
2021-04-22,161.8813
2021-04-21,161.8041
2021-04-20,161.7354
2021-04-19,161.6751
2021-04-16,161.6235
2021-04-15,161.5807
2021-04-14,161.5467
2021-04-13,161.5217
2021-04-12,161.5058
2021-04-09,161.4988
2021-04-08,161.5010
2021-04-07,161.5123
2021-04-06,161.5328
2021-04-05,161.5624
2021-04-01,161.6013
2021-03-31,161.6494
2021-03-30,161.7067
2021-03-29,161.7732
2021-03-26,161.8489
2021-03-25,161.9337
2021-03-24,162.0278
2021-03-23,162.1311
2021-03-22,162.2436
2021-03-19,162.3654
2021-03-18,162.4965
2021-03-17,162.6368
2021-03-16,162.7864
2021-03-15,162.9452
2021-03-12,163.1130
2021-03-11,163.2898
2021-03-10,163.4754
2021-03-09,163.6697
2021-03-08,163.8726
2021-03-05,164.0841
2021-03-04,164.3041
2021-03-03,164.5326
2021-03-02,164.7698
2021-03-01,165.0156
2021-02-26,165.2700
2021-02-25,165.5331
2021-02-24,165.8048
2021-02-23,166.0853
2021-02-22,166.3745
2021-02-19,166.6725
2021-02-18,166.9794
2021-02-17,167.2951
2021-02-16,167.6198
2021-02-12,167.9535
2021-02-11,168.2962
2021-02-10,168.6480
2021-02-09,169.0089
2021-02-08,169.3790
2021-02-05,169.7584
2021-02-04,170.1470
2021-02-03,170.5449
2021-02-02,170.9522
2021-02-01,171.3690
2021-01-29,171.7952
2021-01-28,172.2310
2021-01-27,172.6765
2021-01-26,173.1319
2021-01-25,173.5971
2021-01-22,174.0725
2021-01-21,174.5580
2021-01-20,175.0538
2021-01-19,175.5599
2021-01-15,176.0763
2021-01-14,176.6032
2021-01-13,177.1406
2021-01-12,177.6885
2021-01-11,178.2470
2021-01-08,178.8162
2021-01-07,179.3960
2021-01-06,179.9866
2021-01-05,180.5879
2021-01-04,181.2000
2020-12-31,181.8230
2020-12-30,182.4567
2020-12-29,183.1014
2020-12-28,183.7569
2020-12-24,184.4233
2020-12-23,185.1006
2020-12-22,185.7887
2020-12-21,186.4876
2020-12-18,187.1972
2020-12-17,187.9175
2020-12-16,188.6484
2020-12-15,189.3899
2020-12-14,190.1418
2020-12-11,190.9041
2020-12-10,191.6766
2020-12-09,192.4591
2020-12-08,193.2516
2020-12-07,194.0537
2020-12-04,194.8654
2020-12-03,195.6863
2020-12-02,196.5163
2020-12-01,197.3550
2020-11-30,198.2023
2020-11-27,199.0579
2020-11-25,199.9216
2020-11-24,200.7933
2020-11-23,201.6727
2020-11-20,202.5597
2020-11-19,203.4540
2020-11-18,204.3554
2020-11-17,205.2637
2020-11-16,206.1788
2020-11-13,207.1003
2020-11-12,208.0282
2020-11-11,208.9621
2020-11-10,209.9019
2020-11-09,210.8476
2020-11-06,211.7989
2020-11-05,212.7557
2020-11-04,213.7180
2020-11-03,214.6856
2020-11-02,215.6585
2020-10-30,216.6368
2020-10-29,217.6204
2020-10-28,218.6094
2020-10-27,219.6037
2020-10-26,220.6035
2020-10-23,221.6087
2020-10-22,222.6194
2020-10-21,223.6355
2020-10-20,224.6569
2020-10-19,225.6836
2020-10-16,226.7155
2020-10-15,227.7526
2020-10-14,228.7947
2020-10-13,229.8418
2020-10-12,230.8939
2020-10-09,231.9508
2020-10-08,233.0126
2020-10-07,234.0791
2020-10-06,235.1503
2020-10-05,236.2261
2020-10-02,237.3064
2020-10-01,238.3911
2020-09-30,239.4803
2020-09-29,240.5736
2020-09-28,241.6712
2020-09-25,242.7728
2020-09-24,243.8784
2020-09-23,244.9880
2020-09-22,246.1014
2020-09-21,247.2187
2020-09-18,248.3399
2020-09-17,249.4649
2020-09-16,250.5937
2020-09-15,251.7262
2020-09-14,252.8624
2020-09-11,254.0021
2020-09-10,255.1453
2020-09-09,256.2918
2020-09-08,257.4417
2020-09-04,258.5948
2020-09-03,259.7512
2020-09-02,260.9107
2020-09-01,262.0732
2020-08-31,263.2386
2020-08-28,264.4069
2020-08-27,265.5777
2020-08-26,266.7511
2020-08-25,267.9269
2020-08-24,269.1050
2020-08-21,270.2851
2020-08-20,271.4672
2020-08-19,272.6510
2020-08-18,273.8366
2020-08-17,275.0236
2020-08-14,276.2120
2020-08-13,277.4017
2020-08-12,278.5925
2020-08-11,279.7842
2020-08-10,280.9767
2020-08-07,282.1697
2020-08-06,283.3631
2020-08-05,284.5567
2020-08-04,285.7502
2020-08-03,286.9436
2020-07-31,288.1366
2020-07-30,289.3292
2020-07-29,290.5211
2020-07-28,291.7123
2020-07-27,292.9026
2020-07-24,294.0919
2020-07-23,295.2801
2020-07-22,296.4668
2020-07-21,297.6521
2020-07-20,298.8356
2020-07-17,300.0171
2020-07-16,301.1964
2020-07-15,302.3734
2020-07-14,303.5477
2020-07-13,304.7192
2020-07-10,305.8875
2020-07-09,307.0525
2020-07-08,308.2139
2020-07-07,309.3715
2020-07-06,310.5250
2020-07-02,311.6742
2020-07-01,312.8188
2020-06-30,313.9585
2020-06-29,315.0930
2020-06-26,316.2222
2020-06-25,317.3456
2020-06-24,318.4630
2020-06-23,319.5740
2020-06-22,320.6785
2020-06-19,321.7761
2020-06-18,322.8665
2020-06-17,323.9494
2020-06-16,325.0244
2020-06-15,326.0912
2020-06-12,327.1494
2020-06-11,328.1986
2020-06-10,329.2383
2020-06-09,330.2682
2020-06-08,331.2881
2020-06-05,332.2974
2020-06-04,333.2956
2020-06-03,334.2821
2020-06-02,335.2565
2020-06-01,336.2181
2020-05-29,337.1669
2020-05-28,338.1023
2020-05-27,339.0243
2020-05-26,339.9326
2020-05-22,340.8269
2020-05-21,341.7069
2020-05-20,342.5726
2020-05-19,343.4237
2020-05-18,344.2601
2020-05-15,345.0815
2020-05-14,345.8879
2020-05-13,346.6792
2020-05-12,347.4553
2020-05-11,348.2162
2020-05-08,348.9618
2020-05-07,349.6920
2020-05-06,350.4069
2020-05-05,351.1063
2020-05-04,351.7903
2020-05-01,352.4589
2020-04-30,353.1120
2020-04-29,353.7498
2020-04-28,354.3721
2020-04-27,354.9789
2020-04-24,355.5703
2020-04-23,356.1463
2020-04-22,356.7070
2020-04-21,357.2525
2020-04-20,357.7828
2020-04-17,358.2980
2020-04-16,358.7982
2020-04-15,359.2836
2020-04-14,359.7541
2020-04-13,360.2099
2020-04-09,360.6512
2020-04-08,361.0780
2020-04-07,361.4906
2020-04-06,361.8890
2020-04-03,362.2735
2020-04-02,362.6443
2020-04-01,363.0016
2020-03-31,363.3457
2020-03-30,363.6770
2020-03-27,363.9959
2020-03-26,364.3027
2020-03-25,364.5977
2020-03-24,364.8813
2020-03-23,365.1535
2020-03-20,365.4148
2020-03-19,365.6656
2020-03-18,365.9066
2020-03-17,366.1387
2020-03-16,366.3625
2020-03-13,366.5788
2020-03-12,366.7883
2020-03-11,366.9919
2020-03-10,367.1900
2020-03-09,367.3833
2020-03-06,367.5724
2020-03-05,367.7576
2020-03-04,367.9392
2020-03-03,368.1176
2020-03-02,368.2930
2020-02-28,368.4654
2020-02-27,368.6351
2020-02-26,368.8023
2020-02-25,368.9672
2020-02-24,369.1298
2020-02-21,369.2904
2020-02-20,369.4489
2020-02-19,369.6055
2020-02-18,369.7602
2020-02-14,369.9128
2020-02-13,370.0633
2020-02-12,370.2117
2020-02-11,370.3578
2020-02-10,370.5017
2020-02-07,370.6432
2020-02-06,370.7822
2020-02-05,370.9186
2020-02-04,371.0524
2020-02-03,371.1835
2020-01-31,371.3119
2020-01-30,371.4376
2020-01-29,371.5607
2020-01-28,371.6812
2020-01-27,371.7992
2020-01-24,371.9147
2020-01-23,372.0277
2020-01-22,372.1384
2020-01-21,372.2468
2020-01-17,372.3529
2020-01-16,372.4570
2020-01-15,372.5590
2020-01-14,372.6591
2020-01-13,372.7573
2020-01-10,372.8536
2020-01-09,372.9481
2020-01-08,373.0408
2020-01-07,373.1318
2020-01-06,373.2210
2020-01-03,373.3086
2020-01-02,373.3945
2019-12-31,373.4789
2019-12-30,373.5617
2019-12-27,373.6430
2019-12-26,373.7229
2019-12-24,373.8015
2019-12-23,373.8789
2019-12-20,373.9551
2019-12-19,374.0303
2019-12-18,374.1045
2019-12-17,374.1778
2019-12-16,374.2503
2019-12-13,374.3221
2019-12-12,374.3934
2019-12-11,374.4642
2019-12-10,374.5346
2019-12-09,374.6047
2019-12-06,374.6745
2019-12-05,374.7441
2019-12-04,374.8135
2019-12-03,374.8827
2019-12-02,374.9518
2019-11-29,375.0207
2019-11-27,375.0897
2019-11-26,375.1586
2019-11-25,375.2274
2019-11-22,375.2962
2019-11-21,375.3647
2019-11-20,375.4330
2019-11-19,375.5010
2019-11-18,375.5687
2019-11-15,375.6358
2019-11-14,375.7025
2019-11-13,375.7687
2019-11-12,375.8342
2019-11-11,375.8990
2019-11-08,375.9630
2019-11-07,376.0263
2019-11-06,376.0887
2019-11-05,376.1503
2019-11-04,376.2110
2019-11-01,376.2708
2019-10-31,376.3298
2019-10-30,376.3879
2019-10-29,376.4453
2019-10-28,376.5019
2019-10-25,376.5579
2019-10-24,376.6133
2019-10-23,376.6681
2019-10-22,376.7226
2019-10-21,376.7766
2019-10-18,376.8304
2019-10-17,376.8841
2019-10-16,376.9378
2019-10-15,376.9917
2019-10-14,377.0456
2019-10-11,377.0996
2019-10-10,377.1537
2019-10-09,377.2078
2019-10-08,377.2617
2019-10-07,377.3156
2019-10-04,377.3693
2019-10-03,377.4229
2019-10-02,377.4761
2019-10-01,377.5290
2019-09-30,377.5814
2019-09-27,377.6334
2019-09-26,377.6849
2019-09-25,377.7358
2019-09-24,377.7859
2019-09-23,377.8351
2019-09-20,377.8833
2019-09-19,377.9304
2019-09-18,377.9762
2019-09-17,378.0205
2019-09-16,378.0634
2019-09-13,378.1045
2019-09-12,378.1437
2019-09-11,378.1809
2019-09-10,378.2158
2019-09-09,378.2485
2019-09-06,378.2786
2019-09-05,378.3061
2019-09-04,378.3308
2019-09-03,378.3528
2019-08-30,378.3718
2019-08-29,378.3879
2019-08-28,378.4010
2019-08-27,378.4109
2019-08-26,378.4176
2019-08-23,378.4210
2019-08-22,378.4210
2019-08-21,378.4175
2019-08-20,378.4104
2019-08-19,378.3997
2019-08-16,378.3853
2019-08-15,378.3674
2019-08-14,378.3459
2019-08-13,378.3208
2019-08-12,378.2924
2019-08-09,378.2606
2019-08-08,378.2256
2019-08-07,378.1873
2019-08-06,378.1459
2019-08-05,378.1014
2019-08-02,378.0539
2019-08-01,378.0035
2019-07-31,377.9503
2019-07-30,377.8943
2019-07-29,377.8356
2019-07-26,377.7744
2019-07-25,377.7107
2019-07-24,377.6445
2019-07-23,377.5759
2019-07-22,377.5050
2019-07-19,377.4318
2019-07-18,377.3561
2019-07-17,377.2780
2019-07-16,377.1973
2019-07-15,377.1140
2019-07-12,377.0281
2019-07-11,376.9395
2019-07-10,376.8482
2019-07-09,376.7542
2019-07-08,376.6575
2019-07-05,376.5581
2019-07-03,376.4560
2019-07-02,376.3513
2019-07-01,376.2440
2019-06-28,376.1341
2019-06-27,376.0217
2019-06-26,375.9067
2019-06-25,375.7892
2019-06-24,375.6692
2019-06-21,375.5465
2019-06-20,375.4211
2019-06-19,375.2930
2019-06-18,375.1622
2019-06-17,375.0284
2019-06-14,374.8918
2019-06-13,374.7522
2019-06-12,374.6096
2019-06-11,374.4642
2019-06-10,374.3159
2019-06-07,374.1648
2019-06-06,374.0110
2019-06-05,373.8546
2019-06-04,373.6955
2019-06-03,373.5339
2019-05-31,373.3698
2019-05-30,373.2033
2019-05-29,373.0345
2019-05-28,372.8637
2019-05-24,372.6907
2019-05-23,372.5159
2019-05-22,372.3391
2019-05-21,372.1606
2019-05-20,371.9804
2019-05-17,371.7987
2019-05-16,371.6154
2019-05-15,371.4306
2019-05-14,371.2446
2019-05-13,371.0574
2019-05-10,370.8691
2019-05-09,370.6799
2019-05-08,370.4900
2019-05-07,370.2996
2019-05-06,370.1087
2019-05-03,369.9175
2019-05-02,369.7262
2019-05-01,369.5348
2019-04-30,369.3434
2019-04-29,369.1520
2019-04-26,368.9606
2019-04-25,368.7694
2019-04-24,368.5783
2019-04-23,368.3875
2019-04-22,368.1969
2019-04-18,368.0066
2019-04-17,367.8166
2019-04-16,367.6271
2019-04-15,367.4381
2019-04-12,367.2496
2019-04-11,367.0617
2019-04-10,366.8744
2019-04-09,366.6879
2019-04-08,366.5021
2019-04-05,366.3172
2019-04-04,366.1334
2019-04-03,365.9507
2019-04-02,365.7690
2019-04-01,365.5885
2019-03-29,365.4091
2019-03-28,365.2309
2019-03-27,365.0537
2019-03-26,364.8778
2019-03-25,364.7030
2019-03-22,364.5296
2019-03-21,364.3577
2019-03-20,364.1872
2019-03-19,364.0185
2019-03-18,363.8515
2019-03-15,363.6863
2019-03-14,363.5232
2019-03-13,363.3621
2019-03-12,363.2031
2019-03-11,363.0464
2019-03-08,362.8920
2019-03-07,362.7400
2019-03-06,362.5904
2019-03-05,362.4431
2019-03-04,362.2979
2019-03-01,362.1547
2019-02-28,362.0132
2019-02-27,361.8733
2019-02-26,361.7347
2019-02-25,361.5970
2019-02-22,361.4601
2019-02-21,361.3236
2019-02-20,361.1874
2019-02-19,361.0511
2019-02-15,360.9145
2019-02-14,360.7774
2019-02-13,360.6394
2019-02-12,360.5004
2019-02-11,360.3601
2019-02-08,360.2182
2019-02-07,360.0745
2019-02-06,359.9286
2019-02-05,359.7804
2019-02-04,359.6296
2019-02-01,359.4758
2019-01-31,359.3188
2019-01-30,359.1582
2019-01-29,358.9938
2019-01-28,358.8255
2019-01-25,358.6530
2019-01-24,358.4761
2019-01-23,358.2946
2019-01-22,358.1085
2019-01-18,357.9177
2019-01-17,357.7219
2019-01-16,357.5210
2019-01-15,357.3150
2019-01-14,357.1036
2019-01-11,356.8867
2019-01-10,356.6642
2019-01-09,356.4360
2019-01-08,356.2020
2019-01-07,355.9620
2019-01-04,355.7160
2019-01-03,355.4638
2019-01-02,355.2055
2018-12-31,354.9411
2018-12-28,354.6706
2018-12-27,354.3940
2018-12-26,354.1114
2018-12-24,353.8228
2018-12-21,353.5283
2018-12-20,353.2280
2018-12-19,352.9220
2018-12-18,352.6105
2018-12-17,352.2936
2018-12-14,351.9714
2018-12-13,351.6439
2018-12-12,351.3113
2018-12-11,350.9736
2018-12-10,350.6309
2018-12-07,350.2833
2018-12-06,349.9309
2018-12-04,349.5737
2018-12-03,349.2120
2018-11-30,348.8457
2018-11-29,348.4748
2018-11-28,348.0994
2018-11-27,347.7194
2018-11-26,347.3349
2018-11-23,346.9458
2018-11-21,346.5524
2018-11-20,346.1549
2018-11-19,345.7534
2018-11-16,345.3480
2018-11-15,344.9391
2018-11-14,344.5267
2018-11-13,344.1109
2018-11-12,343.6919
2018-11-09,343.2698
2018-11-08,342.8445
2018-11-07,342.4161
2018-11-06,341.9846
2018-11-05,341.5499
2018-11-02,341.1120
2018-11-01,340.6709
2018-10-31,340.2265
2018-10-30,339.7789
2018-10-29,339.3281
2018-10-26,338.8741
2018-10-25,338.4169
2018-10-24,337.9567
2018-10-23,337.4936
2018-10-22,337.0275
2018-10-19,336.5585
2018-10-18,336.0866
2018-10-17,335.6118
2018-10-16,335.1343
2018-10-15,334.6541
2018-10-12,334.1711
2018-10-11,333.6853
2018-10-10,333.1968
2018-10-09,332.7056
2018-10-08,332.2117
2018-10-05,331.7151
2018-10-04,331.2158
2018-10-03,330.7136
2018-10-02,330.2083
2018-10-01,329.7000
2018-09-28,329.1883
2018-09-27,328.6732
2018-09-26,328.1546
2018-09-25,327.6324
2018-09-24,327.1066
2018-09-21,326.5770
2018-09-20,326.0437
2018-09-19,325.5066
2018-09-18,324.9655
2018-09-17,324.4205
2018-09-14,323.8714
2018-09-13,323.3183
2018-09-12,322.7610
2018-09-11,322.1996
2018-09-10,321.6340
2018-09-07,321.0642
2018-09-06,320.4903
2018-09-05,319.9122
2018-09-04,319.3301
2018-08-31,318.7438
2018-08-30,318.1535
2018-08-29,317.5592
2018-08-28,316.9608
2018-08-27,316.3585
2018-08-24,315.7522
2018-08-23,315.1419
2018-08-22,314.5277
2018-08-21,313.9095
2018-08-20,313.2874
2018-08-17,312.6615
2018-08-16,312.0315
2018-08-15,311.3977
2018-08-14,310.7600
2018-08-13,310.1185
2018-08-10,309.4732
2018-08-09,308.8243
2018-08-08,308.1718
2018-08-07,307.5157
2018-08-06,306.8562
2018-08-03,306.1933
2018-08-02,305.5270
2018-08-01,304.8574
2018-07-31,304.1844
2018-07-30,303.5083
2018-07-27,302.8289
2018-07-26,302.1463
2018-07-25,301.4606
2018-07-24,300.7716
2018-07-23,300.0795
2018-07-20,299.3842
2018-07-19,298.6857
2018-07-18,297.9841
2018-07-17,297.2793
2018-07-16,296.5714
2018-07-13,295.8603
2018-07-12,295.1460
2018-07-11,294.4286
2018-07-10,293.7081
2018-07-09,292.9845
2018-07-06,292.2578
2018-07-05,291.5282
2018-07-03,290.7957
2018-07-02,290.0604
2018-06-29,289.3224
2018-06-28,288.5819
2018-06-27,287.8389
2018-06-26,287.0937
2018-06-25,286.3462
2018-06-22,285.5966
2018-06-21,284.8452
2018-06-20,284.0920
2018-06-19,283.3371
2018-06-18,282.5808
2018-06-15,281.8230
2018-06-14,281.0640
2018-06-13,280.3037
2018-06-12,279.5423
2018-06-11,278.7796
2018-06-08,278.0158
2018-06-07,277.2508
2018-06-06,276.4845
2018-06-05,275.7170
2018-06-04,274.9481
2018-06-01,274.1779
2018-05-31,273.4064
2018-05-30,272.6335
2018-05-29,271.8592
2018-05-25,271.0837
2018-05-24,270.3068
2018-05-23,269.5286
2018-05-22,268.7491
2018-05-21,267.9683
2018-05-18,267.1862
2018-05-17,266.4027
2018-05-16,265.6178
2018-05-15,264.8316
2018-05-14,264.0441
2018-05-11,263.2553
2018-05-10,262.4654
2018-05-09,261.6742
2018-05-08,260.8820
2018-05-07,260.0886
2018-05-04,259.2943
2018-05-03,258.4990
2018-05-02,257.7028
2018-05-01,256.9058
2018-04-30,256.1081
2018-04-27,255.3099
2018-04-26,254.5114
2018-04-25,253.7125
2018-04-24,252.9133
2018-04-23,252.1140
2018-04-20,251.3146
2018-04-19,250.5153
2018-04-18,249.7160
2018-04-17,248.9169
2018-04-16,248.1181
2018-04-13,247.3196
2018-04-12,246.5215
2018-04-11,245.7240
2018-04-10,244.9271
2018-04-09,244.1310
2018-04-06,243.3358
2018-04-05,242.5416
2018-04-04,241.7485
2018-04-03,240.9568
2018-04-02,240.1664
2018-03-29,239.3776
2018-03-28,238.5905
2018-03-27,237.8052
2018-03-26,237.0220
2018-03-23,236.2409
2018-03-22,235.4622
2018-03-21,234.6860
2018-03-20,233.9126
2018-03-19,233.1420
2018-03-16,232.3745
2018-03-15,231.6101
2018-03-14,230.8491
2018-03-13,230.0914
2018-03-12,229.3374
2018-03-09,228.5871
2018-03-08,227.8406
2018-03-07,227.0981
2018-03-06,226.3596
2018-03-05,225.6251
2018-03-02,224.8947
2018-03-01,224.1685
2018-02-28,223.4465
2018-02-27,222.7287
2018-02-26,222.0151
2018-02-23,221.3058
2018-02-22,220.6008
2018-02-21,219.8998
2018-02-20,219.2030
2018-02-16,218.5103
2018-02-15,217.8217
2018-02-14,217.1371
2018-02-13,216.4564
2018-02-12,215.7798
2018-02-09,215.1070
2018-02-08,214.4382
2018-02-07,213.7732
2018-02-06,213.1122
2018-02-05,212.4551
2018-02-02,211.8019
2018-02-01,211.1526
2018-01-31,210.5072
2018-01-30,209.8657
2018-01-29,209.2279
2018-01-26,208.5937
2018-01-25,207.9630
2018-01-24,207.3359
2018-01-23,206.7122
2018-01-22,206.0918
2018-01-19,205.4746
2018-01-18,204.8607
2018-01-17,204.2498
2018-01-16,203.6419
2018-01-12,203.0369
2018-01-11,202.4345
2018-01-10,201.8348
2018-01-09,201.2374
2018-01-08,200.6423
2018-01-05,200.0495
2018-01-04,199.4588
2018-01-03,198.8702
2018-01-02,198.2837
2017-12-29,197.6992
2017-12-28,197.1168
2017-12-27,196.5365
2017-12-26,195.9582
2017-12-22,195.3820
2017-12-21,194.8078
2017-12-20,194.2357
2017-12-19,193.6656
2017-12-18,193.0974
2017-12-15,192.5312
2017-12-14,191.9670
2017-12-13,191.4046
2017-12-12,190.8440
2017-12-11,190.2853
2017-12-08,189.7283
2017-12-07,189.1730
2017-12-06,188.6195
2017-12-05,188.0677
2017-12-04,187.5175
2017-12-01,186.9691
2017-11-30,186.4223
2017-11-29,185.8773
2017-11-28,185.3341
2017-11-27,184.7925
2017-11-24,184.2528
2017-11-22,183.7148
2017-11-21,183.1788
2017-11-20,182.6446
2017-11-17,182.1124
2017-11-16,181.5821
2017-11-15,181.0539
2017-11-14,180.5278
2017-11-13,180.0038
2017-11-10,179.4819
2017-11-09,178.9623
2017-11-08,178.4450
2017-11-07,177.9299
2017-11-06,177.4173
2017-11-03,176.9070
2017-11-02,176.3991
2017-11-01,175.8937
2017-10-31,175.3908
2017-10-30,174.8905
2017-10-27,174.3927
2017-10-26,173.8976
2017-10-25,173.4051
2017-10-24,172.9154
2017-10-23,172.4285
2017-10-20,171.9445
2017-10-19,171.4633
2017-10-18,170.9849
2017-10-17,170.5095
2017-10-16,170.0369
2017-10-13,169.5673
2017-10-12,169.1006
2017-10-11,168.6370
2017-10-10,168.1763
2017-10-09,167.7186
2017-10-06,167.2639
2017-10-05,166.8121
2017-10-04,166.3634
2017-10-03,165.9177
2017-10-02,165.4750
2017-09-29,165.0353
2017-09-28,164.5985
2017-09-27,164.1648
2017-09-26,163.7342
2017-09-25,163.3065
2017-09-22,162.8818
2017-09-21,162.4601
2017-09-20,162.0415
2017-09-19,161.6257
2017-09-18,161.2129
2017-09-15,160.8030
2017-09-14,160.3960
2017-09-13,159.9918
2017-09-12,159.5905
2017-09-11,159.1920
2017-09-08,158.7963
2017-09-07,158.4034
2017-09-06,158.0135
2017-09-05,157.6263
2017-09-01,157.2421
2017-08-31,156.8608
2017-08-30,156.4825
2017-08-29,156.1070
2017-08-28,155.7345
2017-08-25,155.3649
2017-08-24,154.9983
2017-08-23,154.6345
2017-08-22,154.2736
2017-08-21,153.9156
2017-08-18,153.5604
2017-08-17,153.2081
2017-08-16,152.8586
2017-08-15,152.5118
2017-08-14,152.1678
2017-08-11,151.8265
2017-08-10,151.4879
2017-08-09,151.1519
2017-08-08,150.8185
2017-08-07,150.4876
2017-08-04,150.1592
2017-08-03,149.8332
2017-08-02,149.5095
2017-08-01,149.1881
2017-07-31,148.8689
2017-07-28,148.5517
2017-07-27,148.2364
2017-07-26,147.9231
2017-07-25,147.6114
2017-07-24,147.3013
2017-07-21,146.9927
2017-07-20,146.6855
2017-07-19,146.3798
2017-07-18,146.0755
2017-07-17,145.7726
2017-07-14,145.4710
2017-07-13,145.1708
2017-07-12,144.8720
2017-07-11,144.5745
2017-07-10,144.2783
2017-07-07,143.9834
2017-07-06,143.6898
2017-07-05,143.3974
2017-07-03,143.1063
2017-06-30,142.8165
2017-06-29,142.5280
2017-06-28,142.2407
2017-06-27,141.9547
2017-06-26,141.6700
2017-06-23,141.3865
2017-06-22,141.1044
2017-06-21,140.8235
2017-06-20,140.5438
2017-06-19,140.2654
2017-06-16,139.9883
2017-06-15,139.7123
2017-06-14,139.4375
2017-06-13,139.1640
2017-06-12,138.8916
2017-06-09,138.6203
2017-06-08,138.3503
2017-06-07,138.0815
2017-06-06,137.8139
2017-06-05,137.5476
2017-06-02,137.2825
2017-06-01,137.0187
2017-05-31,136.7562
2017-05-30,136.4950
2017-05-26,136.2351
2017-05-25,135.9765
2017-05-24,135.7193
2017-05-23,135.4635
2017-05-22,135.2090
2017-05-19,134.9559
2017-05-18,134.7043
2017-05-17,134.4541
2017-05-16,134.2055
2017-05-15,133.9583
2017-05-12,133.7128
2017-05-11,133.4689
2017-05-10,133.2267
2017-05-09,132.9861
2017-05-08,132.7473
2017-05-05,132.5101
2017-05-04,132.2748
2017-05-03,132.0412
2017-05-02,131.8093
2017-05-01,131.5793
2017-04-28,131.3511
2017-04-27,131.1247
2017-04-26,130.9003
2017-04-25,130.6777
2017-04-24,130.4570
2017-04-21,130.2382
2017-04-20,130.0214
2017-04-19,129.8065
2017-04-18,129.5937
2017-04-17,129.3828
2017-04-13,129.1740
2017-04-12,128.9673
2017-04-11,128.7628
2017-04-10,128.5603
2017-04-07,128.3601
2017-04-06,128.1622
2017-04-05,127.9665
2017-04-04,127.7731
2017-04-03,127.5820
2017-03-31,127.3933
2017-03-30,127.2070
2017-03-29,127.0231
2017-03-28,126.8416
2017-03-27,126.6626
2017-03-24,126.4862
2017-03-23,126.3122
2017-03-22,126.1408
2017-03-21,125.9720
2017-03-20,125.8057
2017-03-17,125.6421
2017-03-16,125.4812
2017-03-15,125.3229
2017-03-14,125.1673
2017-03-13,125.0143
2017-03-10,124.8640
2017-03-09,124.7163
2017-03-08,124.5714
2017-03-07,124.4291
2017-03-06,124.2894
2017-03-03,124.1524
2017-03-02,124.0180
2017-03-01,123.8861
2017-02-28,123.7568
2017-02-27,123.6300
2017-02-24,123.5056
2017-02-23,123.3837
2017-02-22,123.2641
2017-02-21,123.1468
2017-02-17,123.0319
2017-02-16,122.9192
2017-02-15,122.8088
2017-02-14,122.7006
2017-02-13,122.5946
2017-02-10,122.4908
2017-02-09,122.3891
2017-02-08,122.2896
2017-02-07,122.1923
2017-02-06,122.0971
2017-02-03,122.0041
2017-02-02,121.9132
2017-02-01,121.8245
2017-01-31,121.7379
2017-01-30,121.6535
2017-01-27,121.5713
2017-01-26,121.4912
2017-01-25,121.4133
2017-01-24,121.3376
2017-01-23,121.2639
2017-01-20,121.1923
2017-01-19,121.1227
2017-01-18,121.0552
2017-01-17,120.9898
2017-01-13,120.9265
2017-01-12,120.8652
2017-01-11,120.8061
2017-01-10,120.7490
2017-01-09,120.6940
2017-01-06,120.6411
2017-01-05,120.5903
2017-01-04,120.5415
2017-01-03,120.4947
2016-12-30,120.4500
2016-12-29,120.4074
2016-12-28,120.3667
2016-12-27,120.3281
2016-12-23,120.2914
2016-12-22,120.2568
2016-12-21,120.2241
2016-12-20,120.1934
2016-12-19,120.1647
2016-12-16,120.1378
2016-12-15,120.1129
2016-12-14,120.0898
2016-12-13,120.0685
2016-12-12,120.0491
2016-12-09,120.0315
2016-12-08,120.0157
2016-12-07,120.0016
2016-12-06,119.9892
2016-12-05,119.9784
2016-12-02,119.9693
2016-12-01,119.9618
2016-11-30,119.9559
2016-11-29,119.9515
2016-11-28,119.9486
2016-11-25,119.9472
2016-11-23,119.9472
2016-11-22,119.9486
2016-11-21,119.9514
2016-11-18,119.9555
2016-11-17,119.9610
2016-11-16,119.9677
2016-11-15,119.9756
2016-11-14,119.9848
2016-11-11,119.9952
2016-11-10,120.0068
2016-11-09,120.0194
2016-11-08,120.0331
2016-11-07,120.0478
2016-11-04,120.0635
2016-11-03,120.0802
2016-11-02,120.0978
2016-11-01,120.1163
2016-10-31,120.1357
2016-10-28,120.1559
2016-10-27,120.1771
2016-10-26,120.1990
2016-10-25,120.2218
2016-10-24,120.2453
2016-10-21,120.2695
2016-10-20,120.2944
2016-10-19,120.3199
2016-10-18,120.3461
2016-10-17,120.3730
2016-10-14,120.4005
2016-10-13,120.4286
2016-10-12,120.4573
2016-10-11,120.4867
2016-10-10,120.5166
2016-10-07,120.5472
2016-10-06,120.5784
2016-10-05,120.6102
2016-10-04,120.6426
2016-10-03,120.6755
2016-09-30,120.7090
2016-09-29,120.7431
2016-09-28,120.7777
2016-09-27,120.8129
2016-09-26,120.8487
2016-09-23,120.8850
2016-09-22,120.9219
2016-09-21,120.9593
2016-09-20,120.9973
2016-09-19,121.0359
2016-09-16,121.0751
2016-09-15,121.1148
2016-09-14,121.1552
2016-09-13,121.1962
2016-09-12,121.2378
2016-09-09,121.2801
2016-09-08,121.3231
2016-09-07,121.3668
2016-09-06,121.4112
2016-09-02,121.4563
2016-09-01,121.5021
2016-08-31,121.5487
2016-08-30,121.5959
2016-08-29,121.6439
2016-08-26,121.6925
2016-08-25,121.7420
2016-08-24,121.7921
2016-08-23,121.8430
2016-08-22,121.8946
2016-08-19,121.9470
2016-08-18,122.0000
2016-08-17,122.0538
2016-08-16,122.1082
2016-08-15,122.1633
2016-08-12,122.2191
2016-08-11,122.2755
2016-08-10,122.3325
2016-08-09,122.3901
2016-08-08,122.4482
2016-08-05,122.5070
2016-08-04,122.5663
2016-08-03,122.6262
2016-08-02,122.6867
2016-08-01,122.7477
2016-07-29,122.8093
2016-07-28,122.8714
2016-07-27,122.9340
2016-07-26,122.9972
2016-07-25,123.0609
2016-07-22,123.1251
2016-07-21,123.1897
2016-07-20,123.2548
2016-07-19,123.3203
2016-07-18,123.3862
2016-07-15,123.4525
2016-07-14,123.5192
2016-07-13,123.5862
2016-07-12,123.6535
2016-07-11,123.7211
2016-07-08,123.7890
2016-07-07,123.8572
2016-07-06,123.9257
2016-07-05,123.9944
2016-07-01,124.0634
2016-06-30,124.1327
2016-06-29,124.2022
2016-06-28,124.2720
2016-06-27,124.3420
2016-06-24,124.4123
2016-06-23,124.4828
2016-06-22,124.5537
2016-06-21,124.6248
2016-06-20,124.6963
2016-06-17,124.7680
2016-06-16,124.8399
2016-06-15,124.9121
2016-06-14,124.9845
2016-06-13,125.0571
2016-06-10,125.1300
2016-06-09,125.2030
2016-06-08,125.2762
2016-06-07,125.3495
2016-06-06,125.4230
2016-06-03,125.4966
2016-06-02,125.5703
2016-06-01,125.6440
2016-05-31,125.7179
2016-05-27,125.7917
2016-05-26,125.8656
2016-05-25,125.9396
2016-05-24,126.0137
2016-05-23,126.0878
2016-05-20,126.1619
2016-05-19,126.2360
2016-05-18,126.3102
2016-05-17,126.3844
2016-05-16,126.4586
2016-05-13,126.5328
2016-05-12,126.6070
2016-05-11,126.6811
2016-05-10,126.7551
2016-05-09,126.8289
2016-05-06,126.9026
2016-05-05,126.9761
2016-05-04,127.0494
2016-05-03,127.1224
2016-05-02,127.1951
2016-04-29,127.2675
2016-04-28,127.3396
2016-04-27,127.4113
2016-04-26,127.4825
2016-04-25,127.5533
2016-04-22,127.6236
2016-04-21,127.6933
2016-04-20,127.7623
2016-04-19,127.8308
2016-04-18,127.8985
2016-04-15,127.9656
2016-04-14,128.0320
2016-04-13,128.0975
2016-04-12,128.1622
2016-04-11,128.2261
2016-04-08,128.2891
2016-04-07,128.3511
2016-04-06,128.4122
2016-04-05,128.4723
2016-04-04,128.5313
2016-04-01,128.5894
2016-03-31,128.6464
2016-03-30,128.7023
2016-03-29,128.7570
2016-03-28,128.8107
2016-03-24,128.8632
2016-03-23,128.9145
2016-03-22,128.9646
2016-03-21,129.0133
2016-03-18,129.0608
2016-03-17,129.1068
2016-03-16,129.1513
2016-03-15,129.1942
2016-03-14,129.2356
2016-03-11,129.2753
2016-03-10,129.3134
2016-03-09,129.3498
2016-03-08,129.3844
2016-03-07,129.4173
2016-03-04,129.4484
2016-03-03,129.4778
2016-03-02,129.5053
2016-03-01,129.5311
2016-02-29,129.5551
2016-02-26,129.5773
2016-02-25,129.5976
2016-02-24,129.6163
2016-02-23,129.6331
2016-02-22,129.6482
2016-02-19,129.6616
2016-02-18,129.6733
2016-02-17,129.6834
2016-02-16,129.6918
2016-02-12,129.6986
2016-02-11,129.7038
2016-02-10,129.7076
2016-02-09,129.7099
2016-02-08,129.7108
2016-02-05,129.7105
2016-02-04,129.7090
2016-02-03,129.7062
2016-02-02,129.7023
2016-02-01,129.6972
2016-01-29,129.6911
2016-01-28,129.6840
2016-01-27,129.6759
2016-01-26,129.6669
2016-01-25,129.6571
2016-01-22,129.6466
2016-01-21,129.6353
2016-01-20,129.6234
2016-01-19,129.6109
2016-01-15,129.5979
2016-01-14,129.5845
2016-01-13,129.5707
2016-01-12,129.5565
2016-01-11,129.5421
2016-01-08,129.5275
2016-01-07,129.5127
2016-01-06,129.4978
2016-01-05,129.4828
2016-01-04,129.4679
2015-12-31,129.4529
2015-12-30,129.4380
2015-12-29,129.4231
2015-12-28,129.4082
2015-12-24,129.3934
2015-12-23,129.3786
2015-12-22,129.3638
2015-12-21,129.3491
2015-12-18,129.3343
2015-12-17,129.3196
2015-12-16,129.3048
2015-12-15,129.2902
2015-12-14,129.2755
2015-12-11,129.2609
2015-12-10,129.2463
2015-12-09,129.2317
2015-12-08,129.2172
2015-12-07,129.2026
2015-12-04,129.1880
2015-12-03,129.1733
2015-12-02,129.1587
2015-12-01,129.1439
2015-11-30,129.1291
2015-11-27,129.1142
2015-11-25,129.0991
2015-11-24,129.0839
2015-11-23,129.0686
2015-11-20,129.0530
2015-11-19,129.0372
2015-11-18,129.0212
2015-11-17,129.0048
2015-11-16,128.9881
2015-11-13,128.9711
2015-11-12,128.9536
2015-11-11,128.9357
2015-11-10,128.9173
2015-11-09,128.8985
2015-11-06,128.8793
2015-11-05,128.8594
2015-11-04,128.8391
2015-11-03,128.8181
2015-11-02,128.7966
2015-10-30,128.7743
2015-10-29,128.7513
2015-10-28,128.7275
2015-10-27,128.7029
2015-10-26,128.6774
2015-10-23,128.6510
2015-10-22,128.6236
2015-10-21,128.5952
2015-10-20,128.5657
2015-10-19,128.5351
2015-10-16,128.5033
2015-10-15,128.4703
2015-10-14,128.4361
2015-10-13,128.4007
2015-10-12,128.3641
2015-10-09,128.3262
2015-10-08,128.2871
2015-10-07,128.2466
2015-10-06,128.2049
2015-10-05,128.1619
2015-10-02,128.1174
2015-10-01,128.0717
2015-09-30,128.0245
2015-09-29,127.9761
2015-09-28,127.9263
2015-09-25,127.8752
2015-09-24,127.8227
2015-09-23,127.7691
2015-09-22,127.7142
2015-09-21,127.6581
2015-09-18,127.6008
2015-09-17,127.5423
2015-09-16,127.4826
2015-09-15,127.4218
2015-09-14,127.3598
2015-09-11,127.2967
2015-09-10,127.2324
2015-09-09,127.1669
2015-09-08,127.1003
2015-09-04,127.0326
2015-09-03,126.9638
2015-09-02,126.8939
2015-09-01,126.8230
2015-08-31,126.7511
2015-08-28,126.6782
2015-08-27,126.6045
2015-08-26,126.5299
2015-08-25,126.4545
2015-08-24,126.3783
2015-08-21,126.3014
2015-08-20,126.2238
2015-08-19,126.1457
2015-08-18,126.0671
2015-08-17,125.9881
2015-08-14,125.9085
2015-08-13,125.8285
2015-08-12,125.7480
2015-08-11,125.6671
2015-08-10,125.5857
2015-08-07,125.5039
2015-08-06,125.4216
2015-08-05,125.3389
2015-08-04,125.2558
2015-08-03,125.1722
2015-07-31,125.0882
2015-07-30,125.0038
2015-07-29,124.9190
2015-07-28,124.8338
2015-07-27,124.7482
2015-07-24,124.6623
2015-07-23,124.5760
2015-07-22,124.4894
2015-07-21,124.4025
2015-07-20,124.3153
2015-07-17,124.2277
2015-07-16,124.1399
2015-07-15,124.0518
2015-07-14,123.9634
2015-07-13,123.8748
2015-07-10,123.7858
2015-07-09,123.6965
2015-07-08,123.6069
2015-07-07,123.5170
2015-07-06,123.4268
2015-07-02,123.3364
2015-07-01,123.2458
2015-06-30,123.1549
2015-06-29,123.0638
2015-06-26,122.9726
2015-06-25,122.8813
2015-06-24,122.7900
2015-06-23,122.6985
2015-06-22,122.6071
2015-06-19,122.5156
2015-06-18,122.4242
2015-06-17,122.3328
2015-06-16,122.2415
2015-06-15,122.1502
2015-06-12,122.0590
2015-06-11,121.9680
2015-06-10,121.8771
2015-06-09,121.7864
2015-06-08,121.6959
2015-06-05,121.6056
2015-06-04,121.5156
2015-06-03,121.4260
2015-06-02,121.3367
2015-06-01,121.2478
2015-05-29,121.1594
2015-05-28,121.0714
2015-05-27,120.9840
2015-05-26,120.8971
2015-05-22,120.8109
2015-05-21,120.7253
2015-05-20,120.6404
2015-05-19,120.5562
2015-05-18,120.4728
2015-05-15,120.3902
2015-05-14,120.3083
2015-05-13,120.2273
2015-05-12,120.1471
2015-05-11,120.0678
2015-05-08,119.9895
2015-05-07,119.9120
2015-05-06,119.8355
2015-05-05,119.7600
2015-05-04,119.6856
2015-05-01,119.6122
2015-04-30,119.5400
2015-04-29,119.4691
2015-04-28,119.3993
2015-04-27,119.3309
2015-04-24,119.2638
2015-04-23,119.1980
2015-04-22,119.1337
2015-04-21,119.0708
2015-04-20,119.0094
2015-04-17,118.9495
2015-04-16,118.8910
2015-04-15,118.8341
2015-04-14,118.7786
2015-04-13,118.7247
2015-04-10,118.6724
2015-04-09,118.6216
2015-04-08,118.5724
2015-04-07,118.5247
2015-04-06,118.4786
2015-04-02,118.4341
2015-04-01,118.3911
2015-03-31,118.3497
2015-03-30,118.3099
2015-03-27,118.2717
2015-03-26,118.2351
2015-03-25,118.2002
2015-03-24,118.1668
2015-03-23,118.1351
2015-03-20,118.1051
2015-03-19,118.0767
2015-03-18,118.0500
2015-03-17,118.0249
2015-03-16,118.0015
2015-03-13,117.9796
2015-03-12,117.9594
2015-03-11,117.9406
2015-03-10,117.9235
2015-03-09,117.9078
2015-03-06,117.8936
2015-03-05,117.8810
2015-03-04,117.8698
2015-03-03,117.8600
2015-03-02,117.8516
2015-02-27,117.8445
2015-02-26,117.8388
2015-02-25,117.8343
2015-02-24,117.8310
2015-02-23,117.8289
2015-02-20,117.8279
2015-02-19,117.8280
2015-02-18,117.8291
2015-02-17,117.8311
2015-02-13,117.8340
2015-02-12,117.8376
2015-02-11,117.8421
2015-02-10,117.8472
2015-02-09,117.8530
2015-02-06,117.8593
2015-02-05,117.8662
2015-02-04,117.8736
2015-02-03,117.8813
2015-02-02,117.8895
2015-01-30,117.8979
2015-01-29,117.9065
2015-01-28,117.9153
2015-01-27,117.9242
2015-01-26,117.9331
2015-01-23,117.9419
2015-01-22,117.9507
2015-01-21,117.9595
2015-01-20,117.9682
2015-01-16,117.9767
2015-01-15,117.9851
2015-01-14,117.9933
2015-01-13,118.0014
2015-01-12,118.0093
2015-01-09,118.0169
2015-01-08,118.0244
2015-01-07,118.0316
2015-01-06,118.0386
2015-01-05,118.0454
2015-01-02,118.0518
2014-12-31,118.0579
2014-12-30,118.0638
2014-12-29,118.0693
2014-12-26,118.0746
2014-12-24,118.0794
2014-12-23,118.0839
2014-12-22,118.0880
2014-12-19,118.0916
2014-12-18,118.0948
2014-12-17,118.0976
2014-12-16,118.0999
2014-12-15,118.1017
2014-12-12,118.1030
2014-12-11,118.1039
2014-12-10,118.1044
2014-12-09,118.1044
2014-12-08,118.1040
2014-12-05,118.1032
2014-12-04,118.1019
2014-12-03,118.1003
2014-12-02,118.0981
2014-12-01,118.0955
2014-11-28,118.0923
2014-11-26,118.0886
2014-11-25,118.0843
2014-11-24,118.0794
2014-11-21,118.0738
2014-11-20,118.0674
2014-11-19,118.0603
2014-11-18,118.0524
2014-11-17,118.0437
2014-11-14,118.0340
2014-11-13,118.0234
2014-11-12,118.0119
2014-11-11,117.9994
2014-11-10,117.9858
2014-11-07,117.9713
2014-11-06,117.9556
2014-11-05,117.9390
2014-11-04,117.9212
2014-11-03,117.9023
2014-10-31,117.8824
2014-10-30,117.8613
2014-10-29,117.8390
2014-10-28,117.8157
2014-10-27,117.7911
2014-10-24,117.7654
2014-10-23,117.7385
2014-10-22,117.7105
2014-10-21,117.6812
2014-10-20,117.6508
2014-10-17,117.6193
2014-10-16,117.5865
2014-10-15,117.5526
2014-10-14,117.5174
2014-10-13,117.4811
2014-10-10,117.4436
2014-10-09,117.4049
2014-10-08,117.3651
2014-10-07,117.3241
2014-10-06,117.2820
2014-10-03,117.2388
2014-10-02,117.1943
2014-10-01,117.1488
2014-09-30,117.1021
2014-09-29,117.0542
2014-09-26,117.0051
2014-09-25,116.9549
2014-09-24,116.9035
2014-09-23,116.8509
2014-09-22,116.7970
2014-09-19,116.7419
2014-09-18,116.6855
2014-09-17,116.6279
2014-09-16,116.5689
2014-09-15,116.5087
2014-09-12,116.4470
2014-09-11,116.3841
2014-09-10,116.3197
2014-09-09,116.2540
2014-09-08,116.1869
2014-09-05,116.1184
2014-09-04,116.0484
2014-09-03,115.9769
2014-09-02,115.9041
2014-08-29,115.8297
2014-08-28,115.7538
2014-08-27,115.6765
2014-08-26,115.5977
2014-08-25,115.5173
2014-08-22,115.4354
2014-08-21,115.3519
2014-08-20,115.2669
2014-08-19,115.1803
2014-08-18,115.0920
2014-08-15,115.0021
2014-08-14,114.9106
2014-08-13,114.8174
2014-08-12,114.7225
2014-08-11,114.6260
2014-08-08,114.5279
2014-08-07,114.4281
2014-08-06,114.3267
2014-08-05,114.2237
2014-08-04,114.1191
2014-08-01,114.0130
2014-07-31,113.9053
2014-07-30,113.7961
2014-07-29,113.6855
2014-07-28,113.5734
2014-07-25,113.4598
2014-07-24,113.3449
2014-07-23,113.2286
2014-07-22,113.1109
2014-07-21,112.9919
2014-07-18,112.8715
2014-07-17,112.7498
2014-07-16,112.6268
2014-07-15,112.5025
2014-07-14,112.3768
2014-07-11,112.2499
2014-07-10,112.1217
2014-07-09,111.9922
2014-07-08,111.8613
2014-07-07,111.7293
2014-07-03,111.5959
2014-07-02,111.4613
2014-07-01,111.3255
2014-06-30,111.1885
2014-06-27,111.0502
2014-06-26,110.9108
2014-06-25,110.7701
2014-06-24,110.6283
2014-06-23,110.4854
2014-06-20,110.3413
2014-06-19,110.1960
2014-06-18,110.0497
2014-06-17,109.9022
2014-06-16,109.7536
2014-06-13,109.6039
2014-06-12,109.4530
2014-06-11,109.3010
2014-06-10,109.1479
2014-06-09,108.9936
2014-06-06,108.8382
2014-06-05,108.6816
2014-06-04,108.5239
2014-06-03,108.3648
2014-06-02,108.2046
2014-05-30,108.0430
2014-05-29,107.8802
2014-05-28,107.7160
2014-05-27,107.5505
2014-05-23,107.3837
2014-05-22,107.2154
2014-05-21,107.0458
2014-05-20,106.8747
2014-05-19,106.7022
2014-05-16,106.5282
2014-05-15,106.3528
2014-05-14,106.1759
2014-05-13,105.9976
2014-05-12,105.8179
2014-05-09,105.6366
2014-05-08,105.4538
2014-05-07,105.2695
2014-05-06,105.0837
2014-05-05,104.8963
2014-05-02,104.7073
2014-05-01,104.5168
2014-04-30,104.3247
2014-04-29,104.1310
2014-04-28,103.9358
2014-04-25,103.7390
2014-04-24,103.5405
2014-04-23,103.3405
2014-04-22,103.1390
2014-04-21,102.9358
2014-04-17,102.7311
2014-04-16,102.5248
2014-04-15,102.3170
2014-04-14,102.1075
2014-04-11,101.8965
2014-04-10,101.6840
2014-04-09,101.4700
2014-04-08,101.2545
2014-04-07,101.0376
2014-04-04,100.8192
2014-04-03,100.5994
2014-04-02,100.3783
2014-04-01,100.1558
2014-03-31,99.9319
2014-03-28,99.7067
2014-03-27,99.4801
2014-03-26,99.2523
2014-03-25,99.0232
2014-03-24,98.7929
2014-03-21,98.5613
2014-03-20,98.3286
2014-03-19,98.0948
2014-03-18,97.8599
2014-03-17,97.6240
2014-03-14,97.3870
2014-03-13,97.1492
2014-03-12,96.9104
2014-03-11,96.6708
2014-03-10,96.4304
2014-03-07,96.1893
2014-03-06,95.9474
2014-03-05,95.7049
2014-03-04,95.4618
2014-03-03,95.2181
2014-02-28,94.9738
2014-02-27,94.7290
2014-02-26,94.4837
2014-02-25,94.2380
2014-02-24,93.9919
2014-02-21,93.7454
2014-02-20,93.4985
2014-02-19,93.2515
2014-02-18,93.0041
2014-02-14,92.7566
2014-02-13,92.5090
2014-02-12,92.2612
2014-02-11,92.0134
2014-02-10,91.7656
2014-02-07,91.5177
2014-02-06,91.2700
2014-02-05,91.0224
2014-02-04,90.7750
2014-02-03,90.5278
2014-01-31,90.2810
2014-01-30,90.0347
2014-01-29,89.7889
2014-01-28,89.5437
2014-01-27,89.2992
2014-01-24,89.0555
2014-01-23,88.8126
2014-01-22,88.5705
2014-01-21,88.3292
2014-01-17,88.0888
2014-01-16,87.8493
2014-01-15,87.6107
2014-01-14,87.3730
2014-01-13,87.1362
2014-01-10,86.9003
2014-01-09,86.6654
2014-01-08,86.4314
2014-01-07,86.1984
2014-01-06,85.9663
2014-01-03,85.7352
2014-01-02,85.5051
2013-12-31,85.2760
2013-12-30,85.0479
2013-12-27,84.8207
2013-12-26,84.5947
2013-12-24,84.3696
2013-12-23,84.1457
2013-12-20,83.9228
2013-12-19,83.7010
2013-12-18,83.4803
2013-12-17,83.2608
2013-12-16,83.0423
2013-12-13,82.8251
2013-12-12,82.6089
2013-12-11,82.3939
2013-12-10,82.1802
2013-12-09,81.9676
2013-12-06,81.7562
2013-12-05,81.5461
2013-12-04,81.3373
2013-12-03,81.1297
2013-12-02,80.9234
2013-11-29,80.7184
2013-11-27,80.5147
2013-11-26,80.3123
2013-11-25,80.1112
2013-11-22,79.9114
2013-11-21,79.7130
2013-11-20,79.5159
2013-11-19,79.3201
2013-11-18,79.1257
2013-11-15,78.9325
2013-11-14,78.7407
2013-11-13,78.5501
2013-11-12,78.3608
2013-11-11,78.1727
2013-11-08,77.9858
2013-11-07,77.8002
2013-11-06,77.6157
2013-11-05,77.4324
2013-11-04,77.2503
2013-11-01,77.0692
2013-10-31,76.8893
2013-10-30,76.7105
2013-10-29,76.5327
2013-10-28,76.3560
2013-10-25,76.1802
2013-10-24,76.0055
2013-10-23,75.8316
2013-10-22,75.6587
2013-10-21,75.4867
2013-10-18,75.3156
2013-10-17,75.1453
2013-10-16,74.9759
2013-10-15,74.8073
2013-10-14,74.6396
2013-10-11,74.4726
2013-10-10,74.3065
2013-10-09,74.1413
2013-10-08,73.9769
2013-10-07,73.8133
2013-10-04,73.6506
2013-10-03,73.4887
2013-10-02,73.3277
2013-10-01,73.1676
2013-09-30,73.0083
2013-09-27,72.8499
2013-09-26,72.6924
2013-09-25,72.5358
2013-09-24,72.3800
2013-09-23,72.2250
2013-09-20,72.0709
2013-09-19,71.9175
2013-09-18,71.7650
2013-09-17,71.6132
2013-09-16,71.4622
2013-09-13,71.3120
2013-09-12,71.1624
2013-09-11,71.0135
2013-09-10,70.8654
2013-09-09,70.7179
2013-09-06,70.5712
2013-09-05,70.4251
2013-09-04,70.2799
2013-09-03,70.1353
2013-08-30,69.9916
2013-08-29,69.8487
2013-08-28,69.7065
2013-08-27,69.5652
2013-08-26,69.4248
2013-08-23,69.2853
2013-08-22,69.1467
2013-08-21,69.0091
2013-08-20,68.8724
2013-08-19,68.7367
2013-08-16,68.6021
2013-08-15,68.4685
2013-08-14,68.3359
2013-08-13,68.2045
2013-08-12,68.0742
2013-08-09,67.9450
2013-08-08,67.8170
2013-08-07,67.6902
2013-08-06,67.5646
2013-08-05,67.4402
2013-08-02,67.3170
2013-08-01,67.1952
2013-07-31,67.0745
2013-07-30,66.9552
2013-07-29,66.8371
2013-07-26,66.7203
2013-07-25,66.6048
2013-07-24,66.4906
2013-07-23,66.3778
2013-07-22,66.2663
2013-07-19,66.1562
2013-07-18,66.0474
2013-07-17,65.9399
2013-07-16,65.8338
2013-07-15,65.7290
2013-07-12,65.6256
2013-07-11,65.5236
2013-07-10,65.4229
2013-07-09,65.3235
2013-07-08,65.2256
2013-07-05,65.1290
2013-07-03,65.0338
2013-07-02,64.9399
2013-07-01,64.8474
2013-06-28,64.7563
2013-06-27,64.6666
2013-06-26,64.5782
2013-06-25,64.4913
2013-06-24,64.4057
2013-06-21,64.3215
2013-06-20,64.2387
2013-06-19,64.1573
2013-06-18,64.0774
2013-06-17,63.9988
2013-06-14,63.9218
2013-06-13,63.8461
2013-06-12,63.7719
2013-06-11,63.6991
2013-06-10,63.6277
2013-06-07,63.5576
2013-06-06,63.4890
2013-06-05,63.4217
2013-06-04,63.3558
2013-06-03,63.2912
2013-05-31,63.2279
2013-05-30,63.1660
2013-05-29,63.1054
2013-05-28,63.0461
2013-05-24,62.9881
2013-05-23,62.9314
2013-05-22,62.8759
2013-05-21,62.8216
2013-05-20,62.7685
2013-05-17,62.7167
2013-05-16,62.6660
2013-05-15,62.6164
2013-05-14,62.5679
2013-05-13,62.5206
2013-05-10,62.4743
2013-05-09,62.4291
2013-05-08,62.3849
2013-05-07,62.3417
2013-05-06,62.2995
2013-05-03,62.2583
2013-05-02,62.2181
2013-05-01,62.1787
2013-04-30,62.1403
2013-04-29,62.1028
2013-04-26,62.0662
2013-04-25,62.0305
2013-04-24,61.9956
2013-04-23,61.9615
2013-04-22,61.9283
2013-04-19,61.8958
2013-04-18,61.8641
2013-04-17,61.8332
2013-04-16,61.8030
2013-04-15,61.7736
2013-04-12,61.7450
2013-04-11,61.7171
2013-04-10,61.6899
2013-04-09,61.6634
2013-04-08,61.6376
2013-04-05,61.6125
2013-04-04,61.5881
2013-04-03,61.5642
2013-04-02,61.5411
2013-04-01,61.5185
2013-03-28,61.4965
2013-03-27,61.4752
2013-03-26,61.4544
2013-03-25,61.4341
2013-03-22,61.4145
2013-03-21,61.3953
2013-03-20,61.3766
2013-03-19,61.3585
2013-03-18,61.3407
2013-03-15,61.3235
2013-03-14,61.3066
2013-03-13,61.2901
2013-03-12,61.2740
2013-03-11,61.2581
2013-03-08,61.2426
2013-03-07,61.2274
2013-03-06,61.2124
2013-03-05,61.1976
2013-03-04,61.1830
2013-03-01,61.1686
2013-02-28,61.1544
2013-02-27,61.1403
2013-02-26,61.1265
2013-02-25,61.1128
2013-02-22,61.0992
2013-02-21,61.0858
2013-02-20,61.0726
2013-02-19,61.0595
2013-02-15,61.0466
2013-02-14,61.0338
2013-02-13,61.0212
2013-02-12,61.0088
2013-02-11,60.9965
2013-02-08,60.9844
2013-02-07,60.9724
2013-02-06,60.9606
2013-02-05,60.9489
2013-02-04,60.9374
2013-02-01,60.9260
2013-01-31,60.9148
2013-01-30,60.9037
2013-01-29,60.8927
2013-01-28,60.8819
2013-01-25,60.8713
2013-01-24,60.8608
2013-01-23,60.8504
2013-01-22,60.8402
2013-01-18,60.8302
2013-01-17,60.8204
2013-01-16,60.8107
2013-01-15,60.8012
2013-01-14,60.7918
2013-01-11,60.7826
2013-01-10,60.7736
2013-01-09,60.7648
2013-01-08,60.7561
2013-01-07,60.7475
2013-01-04,60.7391
2013-01-03,60.7308
2013-01-02,60.7227
2012-12-31,60.7146
2012-12-28,60.7067
2012-12-27,60.6989
2012-12-26,60.6911
2012-12-24,60.6835
2012-12-21,60.6759
2012-12-20,60.6683
2012-12-19,60.6609
2012-12-18,60.6534
2012-12-17,60.6460
2012-12-14,60.6387
2012-12-13,60.6313
2012-12-12,60.6239
2012-12-11,60.6165
2012-12-10,60.6092
2012-12-07,60.6018
2012-12-06,60.5943
2012-12-05,60.5868
2012-12-04,60.5793
2012-12-03,60.5717
2012-11-30,60.5640
2012-11-29,60.5562
2012-11-28,60.5484
2012-11-27,60.5404
2012-11-26,60.5323
2012-11-23,60.5241
2012-11-21,60.5158
2012-11-20,60.5073
2012-11-19,60.4987
2012-11-16,60.4899
2012-11-15,60.4809
2012-11-14,60.4718
2012-11-13,60.4624
2012-11-12,60.4529
2012-11-09,60.4433
2012-11-08,60.4334
2012-11-07,60.4234
2012-11-06,60.4131
2012-11-05,60.4026
2012-11-02,60.3920
2012-11-01,60.3811
2012-10-31,60.3700
2012-10-26,60.3587
2012-10-25,60.3472
2012-10-24,60.3356
2012-10-23,60.3237
2012-10-22,60.3117
2012-10-19,60.2994
2012-10-18,60.2870
2012-10-17,60.2744
2012-10-16,60.2615
2012-10-15,60.2484
2012-10-12,60.2351
2012-10-11,60.2215
2012-10-10,60.2076
2012-10-09,60.1935
2012-10-08,60.1791
2012-10-05,60.1645
2012-10-04,60.1496
2012-10-03,60.1345
2012-10-02,60.1191
2012-10-01,60.1035
2012-09-28,60.0877
2012-09-27,60.0716
2012-09-26,60.0552
2012-09-25,60.0387
2012-09-24,60.0220
2012-09-21,60.0050
2012-09-20,59.9879
2012-09-19,59.9705
2012-09-18,59.9530
2012-09-17,59.9353
2012-09-14,59.9175
2012-09-13,59.8995
2012-09-12,59.8814
2012-09-11,59.8631
2012-09-10,59.8447
2012-09-07,59.8262
2012-09-06,59.8075
2012-09-05,59.7888
2012-09-04,59.7699
2012-08-31,59.7509
2012-08-30,59.7318
2012-08-29,59.7126
2012-08-28,59.6933
2012-08-27,59.6740
2012-08-24,59.6545
2012-08-23,59.6350
2012-08-22,59.6154
2012-08-21,59.5957
2012-08-20,59.5760
2012-08-17,59.5563
2012-08-16,59.5365
2012-08-15,59.5167
2012-08-14,59.4968
2012-08-13,59.4769
2012-08-10,59.4570
2012-08-09,59.4370
2012-08-08,59.4169
2012-08-07,59.3968
2012-08-06,59.3766
2012-08-03,59.3564
2012-08-02,59.3361
2012-08-01,59.3158
2012-07-31,59.2954
2012-07-30,59.2750
2012-07-27,59.2545
2012-07-26,59.2340
2012-07-25,59.2134
2012-07-24,59.1927
2012-07-23,59.1720
2012-07-20,59.1512
2012-07-19,59.1304
2012-07-18,59.1095
2012-07-17,59.0885
2012-07-16,59.0674
2012-07-13,59.0463
2012-07-12,59.0251
2012-07-11,59.0038
2012-07-10,58.9825
2012-07-09,58.9610
2012-07-06,58.9395
2012-07-05,58.9180
2012-07-03,58.8964
2012-07-02,58.8747
2012-06-29,58.8529
2012-06-28,58.8310
2012-06-27,58.8091
2012-06-26,58.7871
2012-06-25,58.7650
2012-06-22,58.7428
2012-06-21,58.7205
2012-06-20,58.6982
2012-06-19,58.6758
2012-06-18,58.6534
2012-06-15,58.6309
2012-06-14,58.6084
2012-06-13,58.5858
2012-06-12,58.5632
2012-06-11,58.5405
2012-06-08,58.5178
2012-06-07,58.4951
2012-06-06,58.4724
2012-06-05,58.4497
2012-06-04,58.4270
2012-06-01,58.4043
2012-05-31,58.3817
2012-05-30,58.3591
2012-05-29,58.3367
2012-05-25,58.3144
2012-05-24,58.2923
2012-05-23,58.2704
2012-05-22,58.2486
2012-05-21,58.2271
2012-05-18,58.2057
2012-05-17,58.1847
2012-05-16,58.1639
2012-05-15,58.1433
2012-05-14,58.1231
2012-05-11,58.1032
2012-05-10,58.0837
2012-05-09,58.0645
2012-05-08,58.0456
2012-05-07,58.0271
2012-05-04,58.0090
2012-05-03,57.9913
2012-05-02,57.9740
2012-05-01,57.9571
2012-04-30,57.9405
2012-04-27,57.9244
2012-04-26,57.9086
2012-04-25,57.8932
2012-04-24,57.8782
2012-04-23,57.8636
2012-04-20,57.8493
2012-04-19,57.8354
2012-04-18,57.8219
2012-04-17,57.8088
2012-04-16,57.7961
2012-04-13,57.7838
2012-04-12,57.7719
2012-04-11,57.7605
2012-04-10,57.7495
2012-04-09,57.7390
2012-04-05,57.7289
2012-04-04,57.7194
2012-04-03,57.7104
2012-04-02,57.7019
2012-03-30,57.6939
2012-03-29,57.6865
2012-03-28,57.6796
2012-03-27,57.6733
2012-03-26,57.6675
2012-03-23,57.6623
2012-03-22,57.6577
2012-03-21,57.6537
2012-03-20,57.6502
2012-03-19,57.6474
2012-03-16,57.6451
2012-03-15,57.6435
2012-03-14,57.6424
2012-03-13,57.6420
2012-03-12,57.6422
2012-03-09,57.6429
2012-03-08,57.6443
2012-03-07,57.6464
2012-03-06,57.6490
2012-03-05,57.6523
2012-03-02,57.6563
2012-03-01,57.6609
2012-02-29,57.6661
2012-02-28,57.6720
2012-02-27,57.6786
2012-02-24,57.6859
2012-02-23,57.6938
2012-02-22,57.7024
2012-02-21,57.7116
2012-02-17,57.7215
2012-02-16,57.7321
2012-02-15,57.7433
2012-02-14,57.7551
2012-02-13,57.7675
2012-02-10,57.7806
2012-02-09,57.7943
2012-02-08,57.8087
2012-02-07,57.8236
2012-02-06,57.8391
2012-02-03,57.8552
2012-02-02,57.8719
2012-02-01,57.8892
2012-01-31,57.9070
2012-01-30,57.9254
2012-01-27,57.9443
2012-01-26,57.9638
2012-01-25,57.9838
2012-01-24,58.0042
2012-01-23,58.0252
2012-01-20,58.0467
2012-01-19,58.0686
2012-01-18,58.0910
2012-01-17,58.1138
2012-01-13,58.1370
2012-01-12,58.1606
2012-01-11,58.1846
2012-01-10,58.2090
2012-01-09,58.2336
2012-01-06,58.2586
2012-01-05,58.2839
2012-01-04,58.3094
2012-01-03,58.3352
2011-12-30,58.3611
2011-12-29,58.3873
2011-12-28,58.4137
2011-12-27,58.4402
2011-12-23,58.4668
2011-12-22,58.4935
2011-12-21,58.5203
2011-12-20,58.5471
2011-12-19,58.5739
2011-12-16,58.6006
2011-12-15,58.6273
2011-12-14,58.6540
2011-12-13,58.6805
2011-12-12,58.7069
2011-12-09,58.7332
2011-12-08,58.7593
2011-12-07,58.7852
2011-12-06,58.8108
2011-12-05,58.8362
2011-12-02,58.8613
2011-12-01,58.8861
2011-11-30,58.9106
2011-11-29,58.9346
2011-11-28,58.9583
2011-11-25,58.9814
2011-11-23,59.0042
2011-11-22,59.0265
2011-11-21,59.0483
2011-11-18,59.0696
2011-11-17,59.0904
2011-11-16,59.1107
2011-11-15,59.1306
2011-11-14,59.1498
2011-11-11,59.1686
2011-11-10,59.1867
2011-11-09,59.2043
2011-11-08,59.2212
2011-11-07,59.2374
2011-11-04,59.2530
2011-11-03,59.2680
2011-11-02,59.2822
2011-11-01,59.2957
2011-10-31,59.3085
2011-10-28,59.3205
2011-10-27,59.3318
2011-10-26,59.3423
2011-10-25,59.3519
2011-10-24,59.3608
2011-10-21,59.3688
2011-10-20,59.3759
2011-10-19,59.3822
2011-10-18,59.3875
2011-10-17,59.3920
2011-10-14,59.3955
2011-10-13,59.3981
2011-10-12,59.3998
2011-10-11,59.4005
2011-10-10,59.4003
2011-10-07,59.3992
2011-10-06,59.3970
2011-10-05,59.3939
2011-10-04,59.3897
2011-10-03,59.3846
2011-09-30,59.3785
2011-09-29,59.3714
2011-09-28,59.3633
2011-09-27,59.3543
2011-09-26,59.3443
2011-09-23,59.3334
2011-09-22,59.3215
2011-09-21,59.3087
2011-09-20,59.2949
2011-09-19,59.2802
2011-09-16,59.2646
2011-09-15,59.2480
2011-09-14,59.2306
2011-09-13,59.2122
2011-09-12,59.1929
2011-09-09,59.1727
2011-09-08,59.1516
2011-09-07,59.1296
2011-09-06,59.1067
2011-09-02,59.0829
2011-09-01,59.0582
2011-08-31,59.0327
2011-08-30,59.0063
2011-08-29,58.9790
2011-08-26,58.9508
2011-08-25,58.9218
2011-08-24,58.8919
2011-08-23,58.8611
2011-08-22,58.8295
2011-08-19,58.7970
2011-08-18,58.7638
2011-08-17,58.7298
2011-08-16,58.6951
2011-08-15,58.6597
2011-08-12,58.6237
2011-08-11,58.5870
2011-08-10,58.5498
2011-08-09,58.5119
2011-08-08,58.4735
2011-08-05,58.4347
2011-08-04,58.3954
2011-08-03,58.3557
2011-08-02,58.3157
2011-08-01,58.2754
2011-07-29,58.2348
2011-07-28,58.1940
2011-07-27,58.1529
2011-07-26,58.1115
2011-07-25,58.0700
2011-07-22,58.0283
2011-07-21,57.9864
2011-07-20,57.9443
2011-07-19,57.9021
2011-07-18,57.8597
2011-07-15,57.8172
2011-07-14,57.7745
2011-07-13,57.7318
2011-07-12,57.6890
2011-07-11,57.6461
2011-07-08,57.6032
2011-07-07,57.5602
2011-07-06,57.5172
2011-07-05,57.4742
2011-07-01,57.4311
2011-06-30,57.3881
2011-06-29,57.3450
2011-06-28,57.3020
2011-06-27,57.2589
2011-06-24,57.2159
2011-06-23,57.1728
2011-06-22,57.1299
2011-06-21,57.0870
2011-06-20,57.0442
2011-06-17,57.0015
2011-06-16,56.9589
2011-06-15,56.9165
2011-06-14,56.8742
2011-06-13,56.8321
2011-06-10,56.7901
2011-06-09,56.7483
2011-06-08,56.7066
2011-06-07,56.6652
2011-06-06,56.6240
2011-06-03,56.5830
2011-06-02,56.5423
2011-06-01,56.5018
2011-05-31,56.4616
2011-05-27,56.4217
2011-05-26,56.3820
2011-05-25,56.3426
2011-05-24,56.3035
2011-05-23,56.2647
2011-05-20,56.2261
2011-05-19,56.1878
2011-05-18,56.1498
2011-05-17,56.1121
2011-05-16,56.0746
2011-05-13,56.0375
2011-05-12,56.0006
2011-05-11,55.9639
2011-05-10,55.9276
2011-05-09,55.8914
2011-05-06,55.8555
2011-05-05,55.8198
2011-05-04,55.7843
2011-05-03,55.7489
2011-05-02,55.7137
2011-04-29,55.6787
2011-04-28,55.6438
2011-04-27,55.6089
2011-04-26,55.5742
2011-04-25,55.5395
2011-04-21,55.5049
2011-04-20,55.4703
2011-04-19,55.4358
2011-04-18,55.4013
2011-04-15,55.3668
2011-04-14,55.3322
2011-04-13,55.2978
2011-04-12,55.2633
2011-04-11,55.2288
2011-04-08,55.1943
2011-04-07,55.1599
2011-04-06,55.1255
2011-04-05,55.0910
2011-04-04,55.0565
2011-04-01,55.0221
2011-03-31,54.9876
2011-03-30,54.9530
2011-03-29,54.9184
2011-03-28,54.8838
2011-03-25,54.8491
2011-03-24,54.8143
2011-03-23,54.7795
2011-03-22,54.7446
2011-03-21,54.7095
2011-03-18,54.6744
2011-03-17,54.6391
2011-03-16,54.6037
2011-03-15,54.5682
2011-03-14,54.5326
2011-03-11,54.4969
2011-03-10,54.4612
2011-03-09,54.4253
2011-03-08,54.3893
2011-03-07,54.3533
2011-03-04,54.3171
2011-03-03,54.2808
2011-03-02,54.2444
2011-03-01,54.2079
2011-02-28,54.1712
2011-02-25,54.1345
2011-02-24,54.0976
2011-02-23,54.0605
2011-02-22,54.0233
2011-02-18,53.9860
2011-02-17,53.9485
2011-02-16,53.9108
2011-02-15,53.8730
2011-02-14,53.8349
2011-02-11,53.7967
2011-02-10,53.7583
2011-02-09,53.7196
2011-02-08,53.6807
2011-02-07,53.6415
2011-02-04,53.6020
2011-02-03,53.5623
2011-02-02,53.5222
2011-02-01,53.4819
2011-01-31,53.4412
2011-01-28,53.4001
2011-01-27,53.3587
2011-01-26,53.3169
2011-01-25,53.2748
2011-01-24,53.2322
2011-01-21,53.1893
2011-01-20,53.1459
2011-01-19,53.1021
2011-01-18,53.0579
2011-01-14,53.0132
2011-01-13,52.9679
2011-01-12,52.9222
2011-01-11,52.8759
2011-01-10,52.8291
2011-01-07,52.7817
2011-01-06,52.7337
2011-01-05,52.6851
2011-01-04,52.6358
2011-01-03,52.5860
2010-12-31,52.5355
2010-12-30,52.4843
2010-12-29,52.4325
2010-12-28,52.3800
2010-12-27,52.3269
2010-12-23,52.2731
2010-12-22,52.2186
2010-12-21,52.1635
2010-12-20,52.1077
2010-12-17,52.0513
2010-12-16,51.9942
2010-12-15,51.9365
2010-12-14,51.8781
2010-12-13,51.8191
2010-12-10,51.7595
2010-12-09,51.6992
2010-12-08,51.6383
2010-12-07,51.5768
2010-12-06,51.5146
2010-12-03,51.4519
2010-12-02,51.3886
2010-12-01,51.3246
2010-11-30,51.2600
2010-11-29,51.1949
2010-11-26,51.1291
2010-11-24,51.0627
2010-11-23,50.9957
2010-11-22,50.9281
2010-11-19,50.8599
2010-11-18,50.7912
2010-11-17,50.7219
2010-11-16,50.6520
2010-11-15,50.5816
2010-11-12,50.5107
2010-11-11,50.4393
2010-11-10,50.3674
2010-11-09,50.2950
2010-11-08,50.2221
2010-11-05,50.1488
2010-11-04,50.0750
2010-11-03,50.0008
2010-11-02,49.9260
2010-11-01,49.8508
2010-10-29,49.7750
2010-10-28,49.6988
2010-10-27,49.6220
2010-10-26,49.5447
2010-10-25,49.4668
2010-10-22,49.3883
2010-10-21,49.3093
2010-10-20,49.2297
2010-10-19,49.1494
2010-10-18,49.0685
2010-10-15,48.9870
2010-10-14,48.9047
2010-10-13,48.8218
2010-10-12,48.7382
2010-10-11,48.6539
2010-10-08,48.5688
2010-10-07,48.4830
2010-10-06,48.3963
2010-10-05,48.3089
2010-10-04,48.2206
2010-10-01,48.1315
2010-09-30,48.0416
2010-09-29,47.9508
2010-09-28,47.8592
2010-09-27,47.7666
2010-09-24,47.6732
2010-09-23,47.5789
2010-09-22,47.4838
2010-09-21,47.3877
2010-09-20,47.2908
2010-09-17,47.1930
2010-09-16,47.0944
2010-09-15,46.9949
2010-09-14,46.8945
2010-09-13,46.7933
2010-09-10,46.6912
2010-09-09,46.5884
2010-09-08,46.4847
2010-09-07,46.3801
2010-09-03,46.2748
2010-09-02,46.1687
2010-09-01,46.0617
2010-08-31,45.9540
2010-08-30,45.8455
2010-08-27,45.7362
2010-08-26,45.6262
2010-08-25,45.5154
2010-08-24,45.4039
2010-08-23,45.2918
2010-08-20,45.1789
2010-08-19,45.0654
2010-08-18,44.9513
2010-08-17,44.8365
2010-08-16,44.7211
2010-08-13,44.6052
2010-08-12,44.4886
2010-08-11,44.3714
2010-08-10,44.2537
2010-08-09,44.1355
2010-08-06,44.0166
2010-08-05,43.8973
2010-08-04,43.7773
2010-08-03,43.6569
2010-08-02,43.5359
2010-07-30,43.4143
2010-07-29,43.2921
2010-07-28,43.1694
2010-07-27,43.0461
2010-07-26,42.9223
2010-07-23,42.7979
2010-07-22,42.6729
2010-07-21,42.5473
2010-07-20,42.4212
2010-07-19,42.2946
2010-07-16,42.1674
2010-07-15,42.0396
2010-07-14,41.9114
2010-07-13,41.7827
2010-07-12,41.6535
2010-07-09,41.5239
2010-07-08,41.3938
2010-07-07,41.2634
2010-07-06,41.1325
2010-07-02,41.0013
2010-07-01,40.8698
2010-06-30,40.7379
2010-06-29,40.6057
2010-06-28,40.4733
2010-06-25,40.3407
2010-06-24,40.2079
2010-06-23,40.0749
2010-06-22,39.9418
2010-06-21,39.8085
2010-06-18,39.6750
2010-06-17,39.5415
2010-06-16,39.4078
2010-06-15,39.2741
2010-06-14,39.1402
2010-06-11,39.0064
2010-06-10,38.8724
2010-06-09,38.7385
2010-06-08,38.6045
2010-06-07,38.4706
2010-06-04,38.3368
2010-06-03,38.2031
2010-06-02,38.0695
2010-06-01,37.9362
2010-05-28,37.8031
2010-05-27,37.6703
2010-05-26,37.5379
2010-05-25,37.4058
2010-05-24,37.2741
2010-05-21,37.1428
2010-05-20,37.0121
2010-05-19,36.8818
2010-05-18,36.7522
2010-05-17,36.6232
2010-05-14,36.4948
2010-05-13,36.3671
2010-05-12,36.2402
2010-05-11,36.1140
2010-05-10,35.9886
2010-05-07,35.8639
2010-05-06,35.7401
2010-05-05,35.6170
2010-05-04,35.4948
2010-05-03,35.3734
2010-04-30,35.2530
2010-04-29,35.1335
2010-04-28,35.0148
2010-04-27,34.8971
2010-04-26,34.7804
2010-04-23,34.6645
2010-04-22,34.5496
2010-04-21,34.4357
2010-04-20,34.3228
2010-04-19,34.2107
2010-04-16,34.0997
2010-04-15,33.9896
2010-04-14,33.8805
2010-04-13,33.7724
2010-04-12,33.6653
2010-04-09,33.5591
2010-04-08,33.4540
2010-04-07,33.3500
2010-04-06,33.2469
2010-04-05,33.1449
2010-04-01,33.0438
2010-03-31,32.9438
2010-03-30,32.8449
2010-03-29,32.7469
2010-03-26,32.6500
2010-03-25,32.5541
2010-03-24,32.4591
2010-03-23,32.3652
2010-03-22,32.2722
2010-03-19,32.1802
2010-03-18,32.0891
2010-03-17,31.9990
2010-03-16,31.9098
2010-03-15,31.8215
2010-03-12,31.7341
2010-03-11,31.6477
2010-03-10,31.5621
2010-03-09,31.4774
2010-03-08,31.3936
2010-03-05,31.3107
2010-03-04,31.2286
2010-03-03,31.1473
2010-03-02,31.0669
2010-03-01,30.9873
2010-02-26,30.9086
2010-02-25,30.8306
2010-02-24,30.7535
2010-02-23,30.6773
2010-02-22,30.6018
2010-02-19,30.5273
2010-02-18,30.4535
2010-02-17,30.3806
2010-02-16,30.3085
2010-02-12,30.2373
2010-02-11,30.1668
2010-02-10,30.0973
2010-02-09,30.0285
2010-02-08,29.9607
2010-02-05,29.8937
2010-02-04,29.8276
2010-02-03,29.7623
2010-02-02,29.6980
2010-02-01,29.6346
2010-01-29,29.5721
2010-01-28,29.5105
2010-01-27,29.4498
2010-01-26,29.3900
2010-01-25,29.3312
2010-01-22,29.2732
2010-01-21,29.2162
2010-01-20,29.1601
2010-01-19,29.1049
2010-01-15,29.0507
2010-01-14,28.9974
2010-01-13,28.9451
2010-01-12,28.8937
2010-01-11,28.8433
2010-01-08,28.7938
2010-01-07,28.7451
2010-01-06,28.6975
2010-01-05,28.6507
2010-01-04,28.6048
2009-12-31,28.5597
2009-12-30,28.5156
2009-12-29,28.4723
2009-12-28,28.4300
2009-12-24,28.3885
2009-12-23,28.3479
2009-12-22,28.3083
2009-12-21,28.2696
2009-12-18,28.2318
2009-12-17,28.1950
2009-12-16,28.1591
2009-12-15,28.1242
2009-12-14,28.0902
2009-12-11,28.0572
2009-12-10,28.0252
2009-12-09,27.9942
2009-12-08,27.9642
2009-12-07,27.9351
2009-12-04,27.9070
2009-12-03,27.8799
2009-12-02,27.8538
2009-12-01,27.8287
2009-11-30,27.8046
2009-11-27,27.7815
2009-11-25,27.7593
2009-11-24,27.7382
2009-11-23,27.7181
2009-11-20,27.6990
2009-11-19,27.6809
2009-11-18,27.6639
2009-11-17,27.6479
2009-11-16,27.6330
2009-11-13,27.6192
2009-11-12,27.6064
2009-11-11,27.5947
2009-11-10,27.5841
2009-11-09,27.5746
2009-11-06,27.5662
2009-11-05,27.5589
2009-11-04,27.5528
2009-11-03,27.5479
2009-11-02,27.5441
2009-10-30,27.5414
2009-10-29,27.5400
2009-10-28,27.5399
2009-10-27,27.5410
2009-10-26,27.5433
2009-10-23,27.5470
2009-10-22,27.5520
2009-10-21,27.5584
2009-10-20,27.5661
2009-10-19,27.5752
2009-10-16,27.5858
2009-10-15,27.5977
2009-10-14,27.6110
2009-10-13,27.6258
2009-10-12,27.6420
2009-10-09,27.6596
2009-10-08,27.6787
2009-10-07,27.6992
2009-10-06,27.7212
2009-10-05,27.7446
2009-10-02,27.7695
2009-10-01,27.7959
2009-09-30,27.8237
2009-09-29,27.8530
2009-09-28,27.8837
2009-09-25,27.9159
2009-09-24,27.9496
2009-09-23,27.9847
2009-09-22,28.0213
2009-09-21,28.0593
2009-09-18,28.0988
2009-09-17,28.1397
2009-09-16,28.1821
2009-09-15,28.2258
2009-09-14,28.2710
2009-09-11,28.3175
2009-09-10,28.3655
2009-09-09,28.4148
2009-09-08,28.4655
2009-09-04,28.5176
2009-09-03,28.5710
2009-09-02,28.6258
2009-09-01,28.6819
2009-08-31,28.7393
2009-08-28,28.7981
2009-08-27,28.8583
2009-08-26,28.9198
2009-08-25,28.9826
2009-08-24,29.0466
2009-08-21,29.1120
2009-08-20,29.1787
2009-08-19,29.2466
2009-08-18,29.3158
2009-08-17,29.3863
2009-08-14,29.4581
2009-08-13,29.5311
2009-08-12,29.6055
2009-08-11,29.6812
2009-08-10,29.7581
2009-08-07,29.8364
2009-08-06,29.9160
2009-08-05,29.9968
2009-08-04,30.0790
2009-08-03,30.1624
2009-07-31,30.2471
2009-07-30,30.3330
2009-07-29,30.4203
2009-07-28,30.5089
2009-07-27,30.5987
2009-07-24,30.6899
2009-07-23,30.7824
2009-07-22,30.8762
2009-07-21,30.9713
2009-07-20,31.0677
2009-07-17,31.1655
2009-07-16,31.2647
2009-07-15,31.3652
2009-07-14,31.4671
2009-07-13,31.5703
2009-07-10,31.6750
2009-07-09,31.7810
2009-07-08,31.8885
2009-07-07,31.9974
2009-07-06,32.1078
2009-07-02,32.2196
2009-07-01,32.3330
2009-06-30,32.4478
2009-06-29,32.5642
2009-06-26,32.6822
2009-06-25,32.8017
2009-06-24,32.9228
2009-06-23,33.0454
2009-06-22,33.1697
2009-06-19,33.2955
2009-06-18,33.4230
2009-06-17,33.5520
2009-06-16,33.6826
2009-06-15,33.8149
2009-06-12,33.9486
2009-06-11,34.0839
2009-06-10,34.2208
2009-06-09,34.3591
2009-06-08,34.4988
2009-06-05,34.6400
2009-06-04,34.7826
2009-06-03,34.9265
2009-06-02,35.0717
2009-06-01,35.2181
2009-05-29,35.3658
2009-05-28,35.5147
2009-05-27,35.6647
2009-05-26,35.8159
2009-05-22,35.9681
2009-05-21,36.1215
2009-05-20,36.2759
2009-05-19,36.4314
2009-05-18,36.5878
2009-05-15,36.7453
2009-05-14,36.9038
2009-05-13,37.0632
2009-05-12,37.2235
2009-05-11,37.3847
2009-05-08,37.5467
2009-05-07,37.7096
2009-05-06,37.8733
2009-05-05,38.0377
2009-05-04,38.2029
2009-05-01,38.3687
2009-04-30,38.5351
2009-04-29,38.7022
2009-04-28,38.8699
2009-04-27,39.0381
2009-04-24,39.2068
2009-04-23,39.3761
2009-04-22,39.5459
2009-04-21,39.7161
2009-04-20,39.8867
2009-04-17,40.0578
2009-04-16,40.2293
2009-04-15,40.4012
2009-04-14,40.5734
2009-04-13,40.7460
2009-04-09,40.9190
2009-04-08,41.0922
2009-04-07,41.2657
2009-04-06,41.4395
2009-04-03,41.6136
2009-04-02,41.7878
2009-04-01,41.9622
2009-03-31,42.1369
2009-03-30,42.3116
2009-03-27,42.4865
2009-03-26,42.6616
2009-03-25,42.8367
2009-03-24,43.0119
2009-03-23,43.1872
2009-03-20,43.3625
2009-03-19,43.5378
2009-03-18,43.7131
2009-03-17,43.8884
2009-03-16,44.0636
2009-03-13,44.2389
2009-03-12,44.4141
2009-03-11,44.5892
2009-03-10,44.7644
2009-03-09,44.9394
2009-03-06,45.1144
2009-03-05,45.2893
2009-03-04,45.4641
2009-03-03,45.6389
2009-03-02,45.8136
2009-02-27,45.9883
2009-02-26,46.1630
2009-02-25,46.3377
2009-02-24,46.5124
2009-02-23,46.6871
2009-02-20,46.8619
2009-02-19,47.0366
2009-02-18,47.2114
2009-02-17,47.3862
2009-02-13,47.5610
2009-02-12,47.7359
2009-02-11,47.9107
2009-02-10,48.0855
2009-02-09,48.2603
2009-02-06,48.4350
2009-02-05,48.6096
2009-02-04,48.7842
2009-02-03,48.9586
2009-02-02,49.1329
2009-01-30,49.3071
2009-01-29,49.4810
2009-01-28,49.6548
2009-01-27,49.8283
2009-01-26,50.0016
2009-01-23,50.1746
2009-01-22,50.3474
2009-01-21,50.5198
2009-01-20,50.6918
2009-01-16,50.8636
2009-01-15,51.0349
2009-01-14,51.2058
2009-01-13,51.3763
2009-01-12,51.5464
2009-01-09,51.7160
2009-01-08,51.8851
2009-01-07,52.0538
2009-01-06,52.2219
2009-01-05,52.3894
2009-01-02,52.5563
2008-12-31,52.7226
2008-12-30,52.8882
2008-12-29,53.0531
2008-12-26,53.2173
2008-12-24,53.3807
2008-12-23,53.5434
2008-12-22,53.7053
2008-12-19,53.8664
2008-12-18,54.0267
2008-12-17,54.1861
2008-12-16,54.3448
2008-12-15,54.5025
2008-12-12,54.6594
2008-12-11,54.8154
2008-12-10,54.9705
2008-12-09,55.1247
2008-12-08,55.2780
2008-12-05,55.4304
2008-12-04,55.5819
2008-12-03,55.7324
2008-12-02,55.8820
2008-12-01,56.0307
2008-11-28,56.1783
2008-11-26,56.3251
2008-11-25,56.4709
2008-11-24,56.6157
2008-11-21,56.7596
2008-11-20,56.9025
2008-11-19,57.0445
2008-11-18,57.1855
2008-11-17,57.3256
2008-11-14,57.4648
2008-11-13,57.6030
2008-11-12,57.7404
2008-11-11,57.8770
2008-11-10,58.0127
2008-11-07,58.1475
2008-11-06,58.2814
2008-11-05,58.4145
2008-11-04,58.5468
2008-11-03,58.6782
2008-10-31,58.8087
2008-10-30,58.9384
2008-10-29,59.0671
2008-10-28,59.1949
2008-10-27,59.3218
2008-10-24,59.4477
2008-10-23,59.5727
2008-10-22,59.6968
2008-10-21,59.8199
2008-10-20,59.9421
2008-10-17,60.0634
2008-10-16,60.1839
2008-10-15,60.3035
2008-10-14,60.4223
2008-10-13,60.5403
2008-10-10,60.6575
2008-10-09,60.7739
2008-10-08,60.8896
2008-10-07,61.0047
2008-10-06,61.1191
2008-10-03,61.2329
2008-10-02,61.3462
2008-10-01,61.4588
2008-09-30,61.5709
2008-09-29,61.6825
2008-09-26,61.7935
2008-09-25,61.9040
2008-09-24,62.0140
2008-09-23,62.1234
2008-09-22,62.2324
2008-09-19,62.3408
2008-09-18,62.4487
2008-09-17,62.5561
2008-09-16,62.6630
2008-09-15,62.7694
2008-09-12,62.8753
2008-09-11,62.9808
2008-09-10,63.0857
2008-09-09,63.1901
2008-09-08,63.2941
2008-09-05,63.3975
2008-09-04,63.5004
2008-09-03,63.6027
2008-09-02,63.7046
2008-08-29,63.8058
2008-08-28,63.9066
2008-08-27,64.0067
2008-08-26,64.1063
2008-08-25,64.2053
2008-08-22,64.3036
2008-08-21,64.4014
2008-08-20,64.4985
2008-08-19,64.5950
2008-08-18,64.6909
2008-08-15,64.7861
2008-08-14,64.8806
2008-08-13,64.9746
2008-08-12,65.0679
2008-08-11,65.1605
2008-08-08,65.2525
2008-08-07,65.3438
2008-08-06,65.4344
2008-08-05,65.5243
2008-08-04,65.6136
2008-08-01,65.7021
2008-07-31,65.7900
2008-07-30,65.8772
2008-07-29,65.9637
2008-07-28,66.0495
2008-07-25,66.1347
2008-07-24,66.2193
2008-07-23,66.3032
2008-07-22,66.3866
2008-07-21,66.4693
2008-07-18,66.5515
2008-07-17,66.6331
2008-07-16,66.7141
2008-07-15,66.7944
2008-07-14,66.8743
2008-07-11,66.9535
2008-07-10,67.0322
2008-07-09,67.1104
2008-07-08,67.1881
2008-07-07,67.2652
2008-07-03,67.3420
2008-07-02,67.4182
2008-07-01,67.4941
2008-06-30,67.5696
2008-06-27,67.6447
2008-06-26,67.7195
2008-06-25,67.7940
2008-06-24,67.8682
2008-06-23,67.9422
2008-06-20,68.0160
2008-06-19,68.0895
2008-06-18,68.1628
2008-06-17,68.2359
2008-06-16,68.3087
2008-06-13,68.3813
2008-06-12,68.4538
2008-06-11,68.5259
2008-06-10,68.5979
2008-06-09,68.6697
2008-06-06,68.7413
2008-06-05,68.8127
2008-06-04,68.8839
2008-06-03,68.9550
2008-06-02,69.0259
2008-05-30,69.0967
2008-05-29,69.1673
2008-05-28,69.2378
2008-05-27,69.3081
2008-05-23,69.3782
2008-05-22,69.4480
2008-05-21,69.5177
2008-05-20,69.5871
2008-05-19,69.6562
2008-05-16,69.7251
2008-05-15,69.7937
2008-05-14,69.8619
2008-05-13,69.9297
2008-05-12,69.9972
2008-05-09,70.0642
2008-05-08,70.1308
2008-05-07,70.1968
2008-05-06,70.2623
2008-05-05,70.3273
2008-05-02,70.3917
2008-05-01,70.4554
2008-04-30,70.5184
2008-04-29,70.5807
2008-04-28,70.6423
2008-04-25,70.7031
2008-04-24,70.7630
2008-04-23,70.8221
2008-04-22,70.8802
2008-04-21,70.9374
2008-04-18,70.9936
2008-04-17,71.0488
2008-04-16,71.1029
2008-04-15,71.1560
2008-04-14,71.2081
2008-04-11,71.2590
2008-04-10,71.3089
2008-04-09,71.3576
2008-04-08,71.4053
2008-04-07,71.4518
2008-04-04,71.4971
2008-04-03,71.5413
2008-04-02,71.5843
2008-04-01,71.6261
2008-03-31,71.6667
2008-03-28,71.7062
2008-03-27,71.7444
2008-03-26,71.7815
2008-03-25,71.8173
2008-03-24,71.8519
2008-03-20,71.8854
2008-03-19,71.9176
2008-03-18,71.9487
2008-03-17,71.9785
2008-03-14,72.0072
2008-03-13,72.0346
2008-03-12,72.0609
2008-03-11,72.0860
2008-03-10,72.1099
2008-03-07,72.1326
2008-03-06,72.1542
2008-03-05,72.1747
2008-03-04,72.1941
2008-03-03,72.2123
2008-02-29,72.2294
2008-02-28,72.2454
2008-02-27,72.2603
2008-02-26,72.2740
2008-02-25,72.2866
2008-02-22,72.2980
2008-02-21,72.3082
2008-02-20,72.3172
2008-02-19,72.3250
2008-02-15,72.3315
2008-02-14,72.3368
2008-02-13,72.3409
2008-02-12,72.3436
2008-02-11,72.3451
2008-02-08,72.3453
2008-02-07,72.3441
2008-02-06,72.3416
2008-02-05,72.3377
2008-02-04,72.3325
2008-02-01,72.3260
2008-01-31,72.3182
2008-01-30,72.3091
2008-01-29,72.2986
2008-01-28,72.2868
2008-01-25,72.2736
2008-01-24,72.2592
2008-01-23,72.2434
2008-01-22,72.2263
2008-01-18,72.2080
2008-01-17,72.1884
2008-01-16,72.1676
2008-01-15,72.1456
2008-01-14,72.1225
2008-01-11,72.0982
2008-01-10,72.0728
2008-01-09,72.0463
2008-01-08,72.0187
2008-01-07,71.9901
2008-01-04,71.9605
2008-01-03,71.9299
2008-01-02,71.8983
2007-12-31,71.8658
2007-12-28,71.8324
2007-12-27,71.7980
2007-12-26,71.7627
2007-12-24,71.7266
2007-12-21,71.6895
2007-12-20,71.6515
2007-12-19,71.6127
2007-12-18,71.5729
2007-12-17,71.5324
2007-12-14,71.4909
2007-12-13,71.4487
2007-12-12,71.4056
2007-12-11,71.3618
2007-12-10,71.3172
2007-12-07,71.2718
2007-12-06,71.2258
2007-12-05,71.1790
2007-12-04,71.1314
2007-12-03,71.0832
2007-11-30,71.0343
2007-11-29,70.9847
2007-11-28,70.9344
2007-11-27,70.8835
2007-11-26,70.8320
2007-11-23,70.7798
2007-11-21,70.7270
2007-11-20,70.6735
2007-11-19,70.6195
2007-11-16,70.5650
2007-11-15,70.5099
2007-11-14,70.4544
2007-11-13,70.3984
2007-11-12,70.3419
2007-11-09,70.2851
2007-11-08,70.2279
2007-11-07,70.1703
2007-11-06,70.1124
2007-11-05,70.0541
2007-11-02,69.9955
2007-11-01,69.9365
2007-10-31,69.8773
2007-10-30,69.8177
2007-10-29,69.7579
2007-10-26,69.6977
2007-10-25,69.6373
2007-10-24,69.5766
2007-10-23,69.5157
2007-10-22,69.4545
2007-10-19,69.3931
2007-10-18,69.3315
2007-10-17,69.2697
2007-10-16,69.2078
2007-10-15,69.1458
2007-10-12,69.0837
2007-10-11,69.0215
2007-10-10,68.9592
2007-10-09,68.8969
2007-10-08,68.8346
2007-10-05,68.7723
2007-10-04,68.7100
2007-10-03,68.6477
2007-10-02,68.5854
2007-10-01,68.5232
2007-09-28,68.4609
2007-09-27,68.3986
2007-09-26,68.3363
2007-09-25,68.2740
2007-09-24,68.2116
2007-09-21,68.1492
2007-09-20,68.0866
2007-09-19,68.0240
2007-09-18,67.9613
2007-09-17,67.8985
2007-09-14,67.8356
2007-09-13,67.7726
2007-09-12,67.7095
2007-09-11,67.6464
2007-09-10,67.5831
2007-09-07,67.5199
2007-09-06,67.4566
2007-09-05,67.3932
2007-09-04,67.3298
2007-08-31,67.2665
2007-08-30,67.2032
2007-08-29,67.1399
2007-08-28,67.0767
2007-08-27,67.0136
2007-08-24,66.9505
2007-08-23,66.8876
2007-08-22,66.8249
2007-08-21,66.7622
2007-08-20,66.6997
2007-08-17,66.6375
2007-08-16,66.5754
2007-08-15,66.5135
2007-08-14,66.4518
2007-08-13,66.3904
2007-08-10,66.3294
2007-08-09,66.2686
2007-08-08,66.2082
2007-08-07,66.1481
2007-08-06,66.0883
2007-08-03,66.0290
2007-08-02,65.9700
2007-08-01,65.9113
2007-07-31,65.8530
2007-07-30,65.7950
2007-07-27,65.7374
2007-07-26,65.6801
2007-07-25,65.6231
2007-07-24,65.5664
2007-07-23,65.5101
2007-07-20,65.4540
2007-07-19,65.3981
2007-07-18,65.3426
2007-07-17,65.2872
2007-07-16,65.2321
2007-07-13,65.1773
2007-07-12,65.1226
2007-07-11,65.0682
2007-07-10,65.0140
2007-07-09,64.9599
2007-07-06,64.9060
2007-07-05,64.8524
2007-07-03,64.7989
2007-07-02,64.7456
2007-06-29,64.6924
2007-06-28,64.6395
2007-06-27,64.5867
2007-06-26,64.5341
2007-06-25,64.4817
2007-06-22,64.4295
2007-06-21,64.3775
2007-06-20,64.3258
2007-06-19,64.2743
2007-06-18,64.2230
2007-06-15,64.1720
2007-06-14,64.1213
2007-06-13,64.0708
2007-06-12,64.0205
2007-06-11,63.9705
2007-06-08,63.9207
2007-06-07,63.8712
2007-06-06,63.8219
2007-06-05,63.7729
2007-06-04,63.7240
2007-06-01,63.6755
2007-05-31,63.6271
2007-05-30,63.5789
2007-05-29,63.5310
2007-05-25,63.4832
2007-05-24,63.4356
2007-05-23,63.3881
2007-05-22,63.3408
2007-05-21,63.2935
2007-05-18,63.2464
2007-05-17,63.1994
2007-05-16,63.1526
2007-05-15,63.1058
2007-05-14,63.0591
2007-05-11,63.0124
2007-05-10,62.9659
2007-05-09,62.9194
2007-05-08,62.8729
2007-05-07,62.8266
2007-05-04,62.7803
2007-05-03,62.7341
2007-05-02,62.6879
2007-05-01,62.6418
2007-04-30,62.5958
2007-04-27,62.5498
2007-04-26,62.5038
2007-04-25,62.4580
2007-04-24,62.4121
2007-04-23,62.3663
2007-04-20,62.3205
2007-04-19,62.2747
2007-04-18,62.2290
2007-04-17,62.1832
2007-04-16,62.1375
2007-04-13,62.0918
2007-04-12,62.0460
2007-04-11,62.0003
2007-04-10,61.9545
2007-04-09,61.9088
2007-04-05,61.8631
2007-04-04,61.8174
2007-04-03,61.7717
2007-04-02,61.7260
2007-03-30,61.6804
2007-03-29,61.6347
2007-03-28,61.5892
2007-03-27,61.5436
2007-03-26,61.4981
2007-03-23,61.4526
2007-03-22,61.4072
2007-03-21,61.3619
2007-03-20,61.3166
2007-03-19,61.2714
2007-03-16,61.2262
2007-03-15,61.1811
2007-03-14,61.1360
2007-03-13,61.0910
2007-03-12,61.0460
2007-03-09,61.0012
2007-03-08,60.9563
2007-03-07,60.9116
2007-03-06,60.8669
2007-03-05,60.8223
2007-03-02,60.7777
2007-03-01,60.7333
2007-02-28,60.6889
2007-02-27,60.6446
2007-02-26,60.6005
2007-02-23,60.5565
2007-02-22,60.5126
2007-02-21,60.4689
2007-02-20,60.4253
2007-02-16,60.3819
2007-02-15,60.3386
2007-02-14,60.2955
2007-02-13,60.2525
2007-02-12,60.2096
2007-02-09,60.1669
2007-02-08,60.1243
2007-02-07,60.0818
2007-02-06,60.0395
2007-02-05,59.9973
2007-02-02,59.9552
2007-02-01,59.9133
2007-01-31,59.8714
2007-01-30,59.8297
2007-01-29,59.7881
2007-01-26,59.7467
2007-01-25,59.7053
2007-01-24,59.6641
2007-01-23,59.6230
2007-01-22,59.5821
2007-01-19,59.5414
2007-01-18,59.5008
2007-01-17,59.4604
2007-01-16,59.4202
2007-01-12,59.3802
2007-01-11,59.3403
2007-01-10,59.3007
2007-01-09,59.2613
2007-01-08,59.2221
2007-01-05,59.1830
2007-01-04,59.1442
2007-01-03,59.1056
2006-12-29,59.0672
2006-12-28,59.0289
2006-12-27,58.9909
2006-12-26,58.9530
2006-12-22,58.9154
2006-12-21,58.8779
2006-12-20,58.8406
2006-12-19,58.8035
2006-12-18,58.7665
2006-12-15,58.7297
2006-12-14,58.6930
2006-12-13,58.6565
2006-12-12,58.6201
2006-12-11,58.5838
2006-12-08,58.5476
2006-12-07,58.5115
2006-12-06,58.4755
2006-12-05,58.4395
2006-12-04,58.4036
2006-12-01,58.3677
2006-11-30,58.3318
2006-11-29,58.2958
2006-11-28,58.2598
2006-11-27,58.2238
2006-11-24,58.1876
2006-11-22,58.1514
2006-11-21,58.1151
2006-11-20,58.0786
2006-11-17,58.0420
2006-11-16,58.0052
2006-11-15,57.9682
2006-11-14,57.9309
2006-11-13,57.8934
2006-11-10,57.8555
2006-11-09,57.8174
2006-11-08,57.7789
2006-11-07,57.7401
2006-11-06,57.7009
2006-11-03,57.6613
2006-11-02,57.6213
2006-11-01,57.5809
2006-10-31,57.5401
2006-10-30,57.4988
2006-10-27,57.4572
2006-10-26,57.4151
2006-10-25,57.3727
2006-10-24,57.3298
2006-10-23,57.2865
2006-10-20,57.2428
2006-10-19,57.1986
2006-10-18,57.1540
2006-10-17,57.1090
2006-10-16,57.0635
2006-10-13,57.0175
2006-10-12,56.9711
2006-10-11,56.9241
2006-10-10,56.8766
2006-10-09,56.8286
2006-10-06,56.7801
2006-10-05,56.7309
2006-10-04,56.6813
2006-10-03,56.6310
2006-10-02,56.5801
2006-09-29,56.5286
2006-09-28,56.4764
2006-09-27,56.4235
2006-09-26,56.3700
2006-09-25,56.3158
2006-09-22,56.2610
2006-09-21,56.2054
2006-09-20,56.1492
2006-09-19,56.0922
2006-09-18,56.0346
2006-09-15,55.9763
2006-09-14,55.9173
2006-09-13,55.8576
2006-09-12,55.7973
2006-09-11,55.7363
2006-09-08,55.6747
2006-09-07,55.6125
2006-09-06,55.5496
2006-09-05,55.4862
2006-09-01,55.4222
2006-08-31,55.3576
2006-08-30,55.2925
2006-08-29,55.2268
2006-08-28,55.1606
2006-08-25,55.0940
2006-08-24,55.0268
2006-08-23,54.9593
2006-08-22,54.8912
2006-08-21,54.8228
2006-08-18,54.7540
2006-08-17,54.6848
2006-08-16,54.6152
2006-08-15,54.5453
2006-08-14,54.4751
2006-08-11,54.4045
2006-08-10,54.3336
2006-08-09,54.2624
2006-08-08,54.1910
2006-08-07,54.1193
2006-08-04,54.0475
2006-08-03,53.9754
2006-08-02,53.9031
2006-08-01,53.8306
2006-07-31,53.7580
2006-07-28,53.6853
2006-07-27,53.6124
2006-07-26,53.5394
2006-07-25,53.4664
2006-07-24,53.3933
2006-07-21,53.3201
2006-07-20,53.2469
2006-07-19,53.1737
2006-07-18,53.1005
2006-07-17,53.0273
2006-07-14,52.9541
2006-07-13,52.8809
2006-07-12,52.8078
2006-07-11,52.7348
2006-07-10,52.6619
2006-07-07,52.5891
2006-07-06,52.5164
2006-07-05,52.4439
2006-07-03,52.3716
2006-06-30,52.2995
2006-06-29,52.2276
2006-06-28,52.1559
2006-06-27,52.0845
2006-06-26,52.0133
2006-06-23,51.9424
2006-06-22,51.8718
2006-06-21,51.8015
2006-06-20,51.7315
2006-06-19,51.6618
2006-06-16,51.5924
2006-06-15,51.5234
2006-06-14,51.4546
2006-06-13,51.3862
2006-06-12,51.3181
2006-06-09,51.2504
2006-06-08,51.1830
2006-06-07,51.1160
2006-06-06,51.0494
2006-06-05,50.9833
2006-06-02,50.9176
2006-06-01,50.8523
2006-05-31,50.7876
2006-05-30,50.7233
2006-05-26,50.6596
2006-05-25,50.5963
2006-05-24,50.5336
2006-05-23,50.4714
2006-05-22,50.4097
2006-05-19,50.3486
2006-05-18,50.2880
2006-05-17,50.2280
2006-05-16,50.1686
2006-05-15,50.1097
2006-05-12,50.0514
2006-05-11,49.9936
2006-05-10,49.9364
2006-05-09,49.8797
2006-05-08,49.8236
2006-05-05,49.7680
2006-05-04,49.7129
2006-05-03,49.6582
2006-05-02,49.6041
2006-05-01,49.5504
2006-04-28,49.4971
2006-04-27,49.4443
2006-04-26,49.3919
2006-04-25,49.3399
2006-04-24,49.2883
2006-04-21,49.2371
2006-04-20,49.1862
2006-04-19,49.1358
2006-04-18,49.0856
2006-04-17,49.0358
2006-04-13,48.9862
2006-04-12,48.9369
2006-04-11,48.8879
2006-04-10,48.8391
2006-04-07,48.7905
2006-04-06,48.7421
2006-04-05,48.6940
2006-04-04,48.6460
2006-04-03,48.5982
2006-03-31,48.5506
2006-03-30,48.5031
2006-03-29,48.4558
2006-03-28,48.4086
2006-03-27,48.3615
2006-03-24,48.3146
2006-03-23,48.2678
2006-03-22,48.2211
2006-03-21,48.1745
2006-03-20,48.1279
2006-03-17,48.0815
2006-03-16,48.0351
2006-03-15,47.9887
2006-03-14,47.9423
2006-03-13,47.8959
2006-03-10,47.8496
2006-03-09,47.8032
2006-03-08,47.7568
2006-03-07,47.7104
2006-03-06,47.6639
2006-03-03,47.6174
2006-03-02,47.5709
2006-03-01,47.5244
2006-02-28,47.4778
2006-02-27,47.4311
2006-02-24,47.3844
2006-02-23,47.3377
2006-02-22,47.2909
2006-02-21,47.2441
2006-02-17,47.1972
2006-02-16,47.1501
2006-02-15,47.1030
2006-02-14,47.0558
2006-02-13,47.0085
2006-02-10,46.9611
2006-02-09,46.9136
2006-02-08,46.8660
2006-02-07,46.8182
2006-02-06,46.7703
2006-02-03,46.7222
2006-02-02,46.6740
2006-02-01,46.6256
2006-01-31,46.5771
2006-01-30,46.5285
2006-01-27,46.4797
2006-01-26,46.4307
2006-01-25,46.3816
2006-01-24,46.3323
2006-01-23,46.2829
2006-01-20,46.2334
2006-01-19,46.1837
2006-01-18,46.1339
2006-01-17,46.0841
2006-01-13,46.0341
2006-01-12,45.9841
2006-01-11,45.9340
2006-01-10,45.8838
2006-01-09,45.8335
2006-01-06,45.7832
2006-01-05,45.7328
2006-01-04,45.6824
2006-01-03,45.6319
2005-12-30,45.5813
2005-12-29,45.5307
2005-12-28,45.4800
2005-12-27,45.4293
2005-12-23,45.3785
2005-12-22,45.3277
2005-12-21,45.2768
2005-12-20,45.2258
2005-12-19,45.1747
2005-12-16,45.1236
2005-12-15,45.0723
2005-12-14,45.0210
2005-12-13,44.9696
2005-12-12,44.9181
2005-12-09,44.8665
2005-12-08,44.8147
2005-12-07,44.7629
2005-12-06,44.7109
2005-12-05,44.6588
2005-12-02,44.6066
2005-12-01,44.5543
2005-11-30,44.5018
2005-11-29,44.4491
2005-11-28,44.3964
2005-11-25,44.3434
2005-11-23,44.2903
2005-11-22,44.2371
2005-11-21,44.1837
2005-11-18,44.1302
2005-11-17,44.0764
2005-11-16,44.0225
2005-11-15,43.9685
2005-11-14,43.9142
2005-11-11,43.8598
2005-11-10,43.8052
2005-11-09,43.7504
2005-11-08,43.6955
2005-11-07,43.6404
2005-11-04,43.5851
2005-11-03,43.5297
2005-11-02,43.4742
2005-11-01,43.4185
2005-10-31,43.3627
2005-10-28,43.3068
2005-10-27,43.2508
2005-10-26,43.1948
2005-10-25,43.1386
2005-10-24,43.0824
2005-10-21,43.0261
2005-10-20,42.9697
2005-10-19,42.9134
2005-10-18,42.8569
2005-10-17,42.8005
2005-10-14,42.7440
2005-10-13,42.6874
2005-10-12,42.6309
2005-10-11,42.5742
2005-10-10,42.5176
2005-10-07,42.4610
2005-10-06,42.4043
2005-10-05,42.3476
2005-10-04,42.2909
2005-10-03,42.2342
2005-09-30,42.1774
2005-09-29,42.1207
2005-09-28,42.0639
2005-09-27,42.0071
2005-09-26,41.9502
2005-09-23,41.8934
2005-09-22,41.8366
2005-09-21,41.7797
2005-09-20,41.7228
2005-09-19,41.6660
2005-09-16,41.6092
2005-09-15,41.5525
2005-09-14,41.4958
2005-09-13,41.4393
2005-09-12,41.3828
2005-09-09,41.3264
2005-09-08,41.2701
2005-09-07,41.2139
2005-09-06,41.1579
2005-09-02,41.1020
2005-09-01,41.0463
2005-08-31,40.9907
2005-08-30,40.9353
2005-08-29,40.8801
2005-08-26,40.8251
2005-08-25,40.7703
2005-08-24,40.7157
2005-08-23,40.6612
2005-08-22,40.6070
2005-08-19,40.5530
2005-08-18,40.4991
2005-08-17,40.4455
2005-08-16,40.3921
2005-08-15,40.3389
2005-08-12,40.2859
2005-08-11,40.2331
2005-08-10,40.1805
2005-08-09,40.1281
2005-08-08,40.0760
2005-08-05,40.0240
2005-08-04,39.9723
2005-08-03,39.9208
2005-08-02,39.8694
2005-08-01,39.8183
2005-07-29,39.7675
2005-07-28,39.7168
2005-07-27,39.6664
2005-07-26,39.6161
2005-07-25,39.5661
2005-07-22,39.5163
2005-07-21,39.4667
2005-07-20,39.4174
2005-07-19,39.3682
2005-07-18,39.3193
2005-07-15,39.2705
2005-07-14,39.2220
2005-07-13,39.1737
2005-07-12,39.1256
2005-07-11,39.0777
2005-07-08,39.0300
2005-07-07,38.9826
2005-07-06,38.9353
2005-07-05,38.8883
2005-07-01,38.8415
2005-06-30,38.7949
2005-06-29,38.7484
2005-06-28,38.7022
2005-06-27,38.6562
2005-06-24,38.6104
2005-06-23,38.5648
2005-06-22,38.5195
2005-06-21,38.4743
2005-06-20,38.4294
2005-06-17,38.3847
2005-06-16,38.3402
2005-06-15,38.2960
2005-06-14,38.2520
2005-06-13,38.2083
2005-06-10,38.1647
2005-06-09,38.1214
2005-06-08,38.0784
2005-06-07,38.0355
2005-06-06,37.9928
2005-06-03,37.9503
2005-06-02,37.9080
2005-06-01,37.8659
2005-05-31,37.8240
2005-05-27,37.7822
2005-05-26,37.7405
2005-05-25,37.6989
2005-05-24,37.6575
2005-05-23,37.6162
2005-05-20,37.5750
2005-05-19,37.5339
2005-05-18,37.4929
2005-05-17,37.4520
2005-05-16,37.4112
2005-05-13,37.3705
2005-05-12,37.3298
2005-05-11,37.2892
2005-05-10,37.2487
2005-05-09,37.2082
2005-05-06,37.1678
2005-05-05,37.1274
2005-05-04,37.0871
2005-05-03,37.0468
2005-05-02,37.0066
2005-04-29,36.9664
2005-04-28,36.9262
2005-04-27,36.8861
2005-04-26,36.8459
2005-04-25,36.8058
2005-04-22,36.7657
2005-04-21,36.7256
2005-04-20,36.6855
2005-04-19,36.6454
2005-04-18,36.6053
2005-04-15,36.5652
2005-04-14,36.5251
2005-04-13,36.4849
2005-04-12,36.4448
2005-04-11,36.4047
2005-04-08,36.3646
2005-04-07,36.3244
2005-04-06,36.2842
2005-04-05,36.2440
2005-04-04,36.2038
2005-04-01,36.1635
2005-03-31,36.1232
2005-03-30,36.0828
2005-03-29,36.0424
2005-03-28,36.0018
2005-03-24,35.9612
2005-03-23,35.9205
2005-03-22,35.8797
2005-03-21,35.8389
2005-03-18,35.7979
2005-03-17,35.7568
2005-03-16,35.7155
2005-03-15,35.6742
2005-03-14,35.6327
2005-03-11,35.5911
2005-03-10,35.5493
2005-03-09,35.5074
2005-03-08,35.4653
2005-03-07,35.4230
2005-03-04,35.3805
2005-03-03,35.3378
2005-03-02,35.2948
2005-03-01,35.2516
2005-02-28,35.2082
2005-02-25,35.1645
2005-02-24,35.1205
2005-02-23,35.0762
2005-02-22,35.0317
2005-02-18,34.9868
2005-02-17,34.9417
2005-02-16,34.8962
2005-02-15,34.8505
2005-02-14,34.8044
2005-02-11,34.7581
2005-02-10,34.7115
2005-02-09,34.6645
2005-02-08,34.6172
2005-02-07,34.5696
2005-02-04,34.5216
2005-02-03,34.4734
2005-02-02,34.4247
2005-02-01,34.3758
2005-01-31,34.3265
2005-01-28,34.2768
2005-01-27,34.2269
2005-01-26,34.1766
2005-01-25,34.1260
2005-01-24,34.0750
2005-01-21,34.0238
2005-01-20,33.9723
2005-01-19,33.9205
2005-01-18,33.8684
2005-01-14,33.8160
2005-01-13,33.7634
2005-01-12,33.7105
2005-01-11,33.6574
2005-01-10,33.6041
2005-01-07,33.5505
2005-01-06,33.4967
2005-01-05,33.4427
2005-01-04,33.3884
2005-01-03,33.3340
2004-12-31,33.2794
2004-12-30,33.2246
2004-12-29,33.1697
2004-12-28,33.1146
2004-12-27,33.0594
2004-12-23,33.0040
2004-12-22,32.9486
2004-12-21,32.8929
2004-12-20,32.8372
2004-12-17,32.7813
2004-12-16,32.7253
2004-12-15,32.6692
2004-12-14,32.6129
2004-12-13,32.5566
2004-12-10,32.5001
2004-12-09,32.4436
2004-12-08,32.3870
2004-12-07,32.3302
2004-12-06,32.2734
2004-12-03,32.2165
2004-12-02,32.1596
2004-12-01,32.1025
2004-11-30,32.0454
2004-11-29,31.9882
2004-11-26,31.9309
2004-11-24,31.8736
2004-11-23,31.8161
2004-11-22,31.7585
2004-11-19,31.7009
2004-11-18,31.6432
2004-11-17,31.5854
2004-11-16,31.5274
2004-11-15,31.4694
2004-11-12,31.4113
2004-11-11,31.3531
2004-11-10,31.2947
2004-11-09,31.2363
2004-11-08,31.1777
2004-11-05,31.1190
2004-11-04,31.0601
2004-11-03,31.0012
2004-11-02,30.9421
2004-11-01,30.8829
2004-10-29,30.8237
2004-10-28,30.7643
2004-10-27,30.7048
2004-10-26,30.6453
2004-10-25,30.5857
2004-10-22,30.5260
2004-10-21,30.4664
2004-10-20,30.4066
2004-10-19,30.3469
2004-10-18,30.2872
2004-10-15,30.2274
2004-10-14,30.1678
2004-10-13,30.1081
2004-10-12,30.0485
2004-10-11,29.9890
2004-10-08,29.9295
2004-10-07,29.8702
2004-10-06,29.8109
2004-10-05,29.7517
2004-10-04,29.6927
2004-10-01,29.6338
2004-09-30,29.5751
2004-09-29,29.5165
2004-09-28,29.4580
2004-09-27,29.3998
2004-09-24,29.3417
2004-09-23,29.2837
2004-09-22,29.2260
2004-09-21,29.1684
2004-09-20,29.1110
2004-09-17,29.0539
2004-09-16,28.9969
2004-09-15,28.9401
2004-09-14,28.8834
2004-09-13,28.8270
2004-09-10,28.7707
2004-09-09,28.7146
2004-09-08,28.6586
2004-09-07,28.6028
2004-09-03,28.5472
2004-09-02,28.4917
2004-09-01,28.4364
2004-08-31,28.3812
2004-08-30,28.3261
2004-08-27,28.2712
2004-08-26,28.2164
2004-08-25,28.1617
2004-08-24,28.1071
2004-08-23,28.0527
2004-08-20,27.9984
2004-08-19,27.9442
2004-08-18,27.8902
2004-08-17,27.8363
2004-08-16,27.7825
2004-08-13,27.7288
2004-08-12,27.6752
2004-08-11,27.6218
2004-08-10,27.5685
2004-08-09,27.5153
2004-08-06,27.4623
2004-08-05,27.4094
2004-08-04,27.3566
