Dates,TRIX Values
2023-07-21,0.0068
2023-07-20,0.0062
2023-07-19,0.0056
2023-07-18,0.0049
2023-07-17,0.0043
2023-07-14,0.0037
2023-07-13,0.0031
2023-07-12,0.0025
2023-07-11,0.0018
2023-07-10,0.0012
2023-07-07,0.0006
2023-07-06,-0.0001
2023-07-05,-0.0007
2023-07-03,-0.0013
2023-06-30,-0.0020
2023-06-29,-0.0027
2023-06-28,-0.0033
2023-06-27,-0.0040
2023-06-26,-0.0046
2023-06-23,-0.0053
2023-06-22,-0.0060
2023-06-21,-0.0067
2023-06-20,-0.0074
2023-06-16,-0.0081
2023-06-15,-0.0088
2023-06-14,-0.0095
2023-06-13,-0.0102
2023-06-12,-0.0109
2023-06-09,-0.0116
2023-06-08,-0.0123
2023-06-07,-0.0130
2023-06-06,-0.0137
2023-06-05,-0.0143
2023-06-02,-0.0150
2023-06-01,-0.0158
2023-05-31,-0.0165
2023-05-30,-0.0172
2023-05-26,-0.0179
2023-05-25,-0.0186
2023-05-24,-0.0193
2023-05-23,-0.0201
2023-05-22,-0.0208
2023-05-19,-0.0215
2023-05-18,-0.0223
2023-05-17,-0.0230
2023-05-16,-0.0238
2023-05-15,-0.0246
2023-05-12,-0.0253
2023-05-11,-0.0261
2023-05-10,-0.0269
2023-05-09,-0.0277
2023-05-08,-0.0285
2023-05-05,-0.0293
2023-05-04,-0.0301
2023-05-03,-0.0309
2023-05-02,-0.0317
2023-05-01,-0.0326
2023-04-28,-0.0334
2023-04-27,-0.0343
2023-04-26,-0.0351
2023-04-25,-0.0360
2023-04-24,-0.0368
2023-04-21,-0.0377
2023-04-20,-0.0386
2023-04-19,-0.0394
2023-04-18,-0.0403
2023-04-17,-0.0412
2023-04-14,-0.0421
2023-04-13,-0.0430
2023-04-12,-0.0438
2023-04-11,-0.0447
2023-04-10,-0.0456
2023-04-06,-0.0465
2023-04-05,-0.0474
2023-04-04,-0.0483
2023-04-03,-0.0492
2023-03-31,-0.0500
2023-03-30,-0.0509
2023-03-29,-0.0518
2023-03-28,-0.0527
2023-03-27,-0.0535
2023-03-24,-0.0544
2023-03-23,-0.0553
2023-03-22,-0.0561
2023-03-21,-0.0570
2023-03-20,-0.0579
2023-03-17,-0.0588
2023-03-16,-0.0597
2023-03-15,-0.0606
2023-03-14,-0.0615
2023-03-13,-0.0623
2023-03-10,-0.0632
2023-03-09,-0.0641
2023-03-08,-0.0650
2023-03-07,-0.0659
2023-03-06,-0.0668
2023-03-03,-0.0677
2023-03-02,-0.0685
2023-03-01,-0.0694
2023-02-28,-0.0703
2023-02-27,-0.0711
2023-02-24,-0.0720
2023-02-23,-0.0728
2023-02-22,-0.0737
2023-02-21,-0.0745
2023-02-17,-0.0754
2023-02-16,-0.0762
2023-02-15,-0.0771
2023-02-14,-0.0779
2023-02-13,-0.0787
2023-02-10,-0.0795
2023-02-09,-0.0803
2023-02-08,-0.0810
2023-02-07,-0.0818
2023-02-06,-0.0825
2023-02-03,-0.0833
2023-02-02,-0.0840
2023-02-01,-0.0847
2023-01-31,-0.0854
2023-01-30,-0.0861
2023-01-27,-0.0867
2023-01-26,-0.0874
2023-01-25,-0.0880
2023-01-24,-0.0886
2023-01-23,-0.0892
2023-01-20,-0.0898
2023-01-19,-0.0904
2023-01-18,-0.0909
2023-01-17,-0.0915
2023-01-13,-0.0920
2023-01-12,-0.0925
2023-01-11,-0.0930
2023-01-10,-0.0934
2023-01-09,-0.0939
2023-01-06,-0.0943
2023-01-05,-0.0947
2023-01-04,-0.0950
2023-01-03,-0.0954
2022-12-30,-0.0957
2022-12-29,-0.0960
2022-12-28,-0.0963
2022-12-27,-0.0966
2022-12-23,-0.0969
2022-12-22,-0.0971
2022-12-21,-0.0974
2022-12-20,-0.0976
2022-12-19,-0.0978
2022-12-16,-0.0980
2022-12-15,-0.0982
2022-12-14,-0.0983
2022-12-13,-0.0985
2022-12-12,-0.0986
2022-12-09,-0.0987
2022-12-08,-0.0988
2022-12-07,-0.0988
2022-12-06,-0.0989
2022-12-05,-0.0990
2022-12-02,-0.0990
2022-12-01,-0.0990
2022-11-30,-0.0990
2022-11-29,-0.0990
2022-11-28,-0.0989
2022-11-25,-0.0989
2022-11-23,-0.0988
2022-11-22,-0.0987
2022-11-21,-0.0986
2022-11-18,-0.0985
2022-11-17,-0.0984
2022-11-16,-0.0982
2022-11-15,-0.0981
2022-11-14,-0.0979
2022-11-11,-0.0977
2022-11-10,-0.0975
2022-11-09,-0.0972
2022-11-08,-0.0970
2022-11-07,-0.0967
2022-11-04,-0.0964
2022-11-03,-0.0961
2022-11-02,-0.0958
2022-11-01,-0.0955
2022-10-31,-0.0951
2022-10-28,-0.0948
2022-10-27,-0.0944
2022-10-26,-0.0941
2022-10-25,-0.0937
2022-10-24,-0.0934
2022-10-21,-0.0930
2022-10-20,-0.0926
2022-10-19,-0.0923
2022-10-18,-0.0919
2022-10-17,-0.0915
2022-10-14,-0.0911
2022-10-13,-0.0908
2022-10-12,-0.0904
2022-10-11,-0.0900
2022-10-10,-0.0896
2022-10-07,-0.0893
2022-10-06,-0.0889
2022-10-05,-0.0885
2022-10-04,-0.0882
2022-10-03,-0.0878
2022-09-30,-0.0875
2022-09-29,-0.0871
2022-09-28,-0.0868
2022-09-27,-0.0864
2022-09-26,-0.0861
2022-09-23,-0.0857
2022-09-22,-0.0854
2022-09-21,-0.0851
2022-09-20,-0.0848
2022-09-19,-0.0845
2022-09-16,-0.0842
2022-09-15,-0.0838
2022-09-14,-0.0835
2022-09-13,-0.0832
2022-09-12,-0.0829
2022-09-09,-0.0826
2022-09-08,-0.0822
2022-09-07,-0.0819
2022-09-06,-0.0815
2022-09-02,-0.0812
2022-09-01,-0.0808
2022-08-31,-0.0805
2022-08-30,-0.0801
2022-08-29,-0.0798
2022-08-26,-0.0794
2022-08-25,-0.0790
2022-08-24,-0.0786
2022-08-23,-0.0782
2022-08-22,-0.0778
2022-08-19,-0.0773
2022-08-18,-0.0769
2022-08-17,-0.0765
2022-08-16,-0.0760
2022-08-15,-0.0755
2022-08-12,-0.0750
2022-08-11,-0.0745
2022-08-10,-0.0740
2022-08-09,-0.0735
2022-08-08,-0.0730
2022-08-05,-0.0724
2022-08-04,-0.0719
2022-08-03,-0.0713
2022-08-02,-0.0707
2022-08-01,-0.0701
2022-07-29,-0.0695
2022-07-28,-0.0688
2022-07-27,-0.0682
2022-07-26,-0.0675
2022-07-25,-0.0669
2022-07-22,-0.0662
2022-07-21,-0.0655
2022-07-20,-0.0648
2022-07-19,-0.0641
2022-07-18,-0.0634
2022-07-15,-0.0627
2022-07-14,-0.0620
2022-07-13,-0.0612
2022-07-12,-0.0605
2022-07-11,-0.0598
2022-07-08,-0.0590
2022-07-07,-0.0583
2022-07-06,-0.0575
2022-07-05,-0.0568
2022-07-01,-0.0560
2022-06-30,-0.0553
2022-06-29,-0.0545
2022-06-28,-0.0537
2022-06-27,-0.0530
2022-06-24,-0.0522
2022-06-23,-0.0515
2022-06-22,-0.0507
2022-06-21,-0.0500
2022-06-17,-0.0492
2022-06-16,-0.0485
2022-06-15,-0.0478
2022-06-14,-0.0470
2022-06-13,-0.0463
2022-06-10,-0.0456
2022-06-09,-0.0449
2022-06-08,-0.0442
2022-06-07,-0.0435
2022-06-06,-0.0428
2022-06-03,-0.0421
2022-06-02,-0.0414
2022-06-01,-0.0407
2022-05-31,-0.0401
2022-05-27,-0.0394
2022-05-26,-0.0388
2022-05-25,-0.0381
2022-05-24,-0.0375
2022-05-23,-0.0369
2022-05-20,-0.0363
2022-05-19,-0.0357
2022-05-18,-0.0352
2022-05-17,-0.0347
2022-05-16,-0.0341
2022-05-13,-0.0336
2022-05-12,-0.0332
2022-05-11,-0.0327
2022-05-10,-0.0322
2022-05-09,-0.0318
2022-05-06,-0.0314
2022-05-05,-0.0310
2022-05-04,-0.0307
2022-05-03,-0.0303
2022-05-02,-0.0300
2022-04-29,-0.0296
2022-04-28,-0.0293
2022-04-27,-0.0290
2022-04-26,-0.0287
2022-04-25,-0.0285
2022-04-22,-0.0282
2022-04-21,-0.0279
2022-04-20,-0.0277
2022-04-19,-0.0274
2022-04-18,-0.0272
2022-04-14,-0.0269
2022-04-13,-0.0267
2022-04-12,-0.0265
2022-04-11,-0.0262
2022-04-08,-0.0260
2022-04-07,-0.0258
2022-04-06,-0.0256
2022-04-05,-0.0254
2022-04-04,-0.0252
2022-04-01,-0.0250
2022-03-31,-0.0248
2022-03-30,-0.0246
2022-03-29,-0.0244
2022-03-28,-0.0242
2022-03-25,-0.0240
2022-03-24,-0.0238
2022-03-23,-0.0236
2022-03-22,-0.0235
2022-03-21,-0.0233
2022-03-18,-0.0231
2022-03-17,-0.0230
2022-03-16,-0.0228
2022-03-15,-0.0226
2022-03-14,-0.0225
2022-03-11,-0.0224
2022-03-10,-0.0222
2022-03-09,-0.0221
2022-03-08,-0.0220
2022-03-07,-0.0219
2022-03-04,-0.0218
2022-03-03,-0.0217
2022-03-02,-0.0217
2022-03-01,-0.0216
2022-02-28,-0.0216
2022-02-25,-0.0216
2022-02-24,-0.0215
2022-02-23,-0.0215
2022-02-22,-0.0215
2022-02-18,-0.0214
2022-02-17,-0.0214
2022-02-16,-0.0214
2022-02-15,-0.0214
2022-02-14,-0.0214
2022-02-11,-0.0213
2022-02-10,-0.0213
2022-02-09,-0.0213
2022-02-08,-0.0212
2022-02-07,-0.0212
2022-02-04,-0.0212
2022-02-03,-0.0211
2022-02-02,-0.0211
2022-02-01,-0.0211
2022-01-31,-0.0210
2022-01-28,-0.0210
2022-01-27,-0.0210
2022-01-26,-0.0209
2022-01-25,-0.0209
2022-01-24,-0.0209
2022-01-21,-0.0209
2022-01-20,-0.0209
2022-01-19,-0.0209
2022-01-18,-0.0209
2022-01-14,-0.0210
2022-01-13,-0.0210
2022-01-12,-0.0209
2022-01-11,-0.0209
2022-01-10,-0.0209
2022-01-07,-0.0209
2022-01-06,-0.0209
2022-01-05,-0.0209
2022-01-04,-0.0209
2022-01-03,-0.0208
2021-12-31,-0.0208
2021-12-30,-0.0208
2021-12-29,-0.0208
2021-12-28,-0.0208
2021-12-27,-0.0208
2021-12-23,-0.0208
2021-12-22,-0.0208
2021-12-21,-0.0208
2021-12-20,-0.0208
2021-12-17,-0.0209
2021-12-16,-0.0209
2021-12-15,-0.0209
2021-12-14,-0.0210
2021-12-13,-0.0211
2021-12-10,-0.0211
2021-12-09,-0.0212
2021-12-08,-0.0213
2021-12-07,-0.0214
2021-12-06,-0.0215
2021-12-03,-0.0216
2021-12-02,-0.0218
2021-12-01,-0.0219
2021-11-30,-0.0220
2021-11-29,-0.0222
2021-11-26,-0.0223
2021-11-24,-0.0225
2021-11-23,-0.0227
2021-11-22,-0.0229
2021-11-19,-0.0231
2021-11-18,-0.0233
2021-11-17,-0.0235
2021-11-16,-0.0237
2021-11-15,-0.0239
2021-11-12,-0.0241
2021-11-11,-0.0243
2021-11-10,-0.0245
2021-11-09,-0.0247
2021-11-08,-0.0249
2021-11-05,-0.0251
2021-11-04,-0.0254
2021-11-03,-0.0256
2021-11-02,-0.0258
2021-11-01,-0.0260
2021-10-29,-0.0263
2021-10-28,-0.0265
2021-10-27,-0.0268
2021-10-26,-0.0270
2021-10-25,-0.0273
2021-10-22,-0.0276
2021-10-21,-0.0279
2021-10-20,-0.0282
2021-10-19,-0.0285
2021-10-18,-0.0288
2021-10-15,-0.0291
2021-10-14,-0.0294
2021-10-13,-0.0298
2021-10-12,-0.0301
2021-10-11,-0.0305
2021-10-08,-0.0308
2021-10-07,-0.0311
2021-10-06,-0.0315
2021-10-05,-0.0319
2021-10-04,-0.0322
2021-10-01,-0.0326
2021-09-30,-0.0329
2021-09-29,-0.0333
2021-09-28,-0.0337
2021-09-27,-0.0341
2021-09-24,-0.0344
2021-09-23,-0.0348
2021-09-22,-0.0352
2021-09-21,-0.0356
2021-09-20,-0.0360
2021-09-17,-0.0365
2021-09-16,-0.0369
2021-09-15,-0.0373
2021-09-14,-0.0378
2021-09-13,-0.0382
2021-09-10,-0.0387
2021-09-09,-0.0392
2021-09-08,-0.0397
2021-09-07,-0.0402
2021-09-03,-0.0407
2021-09-02,-0.0412
2021-09-01,-0.0417
2021-08-31,-0.0423
2021-08-30,-0.0428
2021-08-27,-0.0434
2021-08-26,-0.0440
2021-08-25,-0.0446
2021-08-24,-0.0452
2021-08-23,-0.0458
2021-08-20,-0.0464
2021-08-19,-0.0470
2021-08-18,-0.0476
2021-08-17,-0.0483
2021-08-16,-0.0489
2021-08-13,-0.0496
2021-08-12,-0.0503
2021-08-11,-0.0510
2021-08-10,-0.0517
2021-08-09,-0.0523
2021-08-06,-0.0530
2021-08-05,-0.0537
2021-08-04,-0.0544
2021-08-03,-0.0551
2021-08-02,-0.0559
2021-07-30,-0.0566
2021-07-29,-0.0573
2021-07-28,-0.0581
2021-07-27,-0.0588
2021-07-26,-0.0596
2021-07-23,-0.0603
2021-07-22,-0.0611
2021-07-21,-0.0619
2021-07-20,-0.0627
2021-07-19,-0.0635
2021-07-16,-0.0643
2021-07-15,-0.0651
2021-07-14,-0.0660
2021-07-13,-0.0669
2021-07-12,-0.0677
2021-07-09,-0.0686
2021-07-08,-0.0695
2021-07-07,-0.0704
2021-07-06,-0.0713
2021-07-02,-0.0722
2021-07-01,-0.0731
2021-06-30,-0.0740
2021-06-29,-0.0749
2021-06-28,-0.0759
2021-06-25,-0.0768
2021-06-24,-0.0777
2021-06-23,-0.0787
2021-06-22,-0.0796
2021-06-21,-0.0805
2021-06-18,-0.0815
2021-06-17,-0.0824
2021-06-16,-0.0833
2021-06-15,-0.0843
2021-06-14,-0.0852
2021-06-11,-0.0862
2021-06-10,-0.0871
2021-06-09,-0.0881
2021-06-08,-0.0890
2021-06-07,-0.0900
2021-06-04,-0.0909
2021-06-03,-0.0919
2021-06-02,-0.0928
2021-06-01,-0.0937
2021-05-28,-0.0947
2021-05-27,-0.0956
2021-05-26,-0.0965
2021-05-25,-0.0974
2021-05-24,-0.0983
2021-05-21,-0.0992
2021-05-20,-0.1001
2021-05-19,-0.1011
2021-05-18,-0.1020
2021-05-17,-0.1029
2021-05-14,-0.1038
2021-05-13,-0.1048
2021-05-12,-0.1057
2021-05-11,-0.1066
2021-05-10,-0.1076
2021-05-07,-0.1085
2021-05-06,-0.1095
2021-05-05,-0.1105
2021-05-04,-0.1114
2021-05-03,-0.1124
2021-04-30,-0.1133
2021-04-29,-0.1143
2021-04-28,-0.1153
2021-04-27,-0.1162
2021-04-26,-0.1172
2021-04-23,-0.1181
2021-04-22,-0.1191
2021-04-21,-0.1201
2021-04-20,-0.1210
2021-04-19,-0.1220
2021-04-16,-0.1229
2021-04-15,-0.1239
2021-04-14,-0.1248
2021-04-13,-0.1257
2021-04-12,-0.1267
2021-04-09,-0.1276
2021-04-08,-0.1285
2021-04-07,-0.1294
2021-04-06,-0.1303
2021-04-05,-0.1311
2021-04-01,-0.1320
2021-03-31,-0.1328
2021-03-30,-0.1337
2021-03-29,-0.1345
2021-03-26,-0.1353
2021-03-25,-0.1361
2021-03-24,-0.1369
2021-03-23,-0.1376
2021-03-22,-0.1384
2021-03-19,-0.1392
2021-03-18,-0.1399
2021-03-17,-0.1406
2021-03-16,-0.1413
2021-03-15,-0.1420
2021-03-12,-0.1427
2021-03-11,-0.1433
2021-03-10,-0.1439
2021-03-09,-0.1445
2021-03-08,-0.1451
2021-03-05,-0.1457
2021-03-04,-0.1462
2021-03-03,-0.1468
2021-03-02,-0.1473
2021-03-01,-0.1478
2021-02-26,-0.1484
2021-02-25,-0.1489
2021-02-24,-0.1494
2021-02-23,-0.1499
2021-02-22,-0.1504
2021-02-19,-0.1508
2021-02-18,-0.1513
2021-02-17,-0.1518
2021-02-16,-0.1522
2021-02-12,-0.1527
2021-02-11,-0.1531
2021-02-10,-0.1535
2021-02-09,-0.1539
2021-02-08,-0.1544
2021-02-05,-0.1548
2021-02-04,-0.1552
2021-02-03,-0.1555
2021-02-02,-0.1559
2021-02-01,-0.1563
2021-01-29,-0.1567
2021-01-28,-0.1570
2021-01-27,-0.1574
2021-01-26,-0.1577
2021-01-25,-0.1581
2021-01-22,-0.1585
2021-01-21,-0.1588
2021-01-20,-0.1591
2021-01-19,-0.1595
2021-01-15,-0.1598
2021-01-14,-0.1601
2021-01-13,-0.1604
2021-01-12,-0.1607
2021-01-11,-0.1610
2021-01-08,-0.1612
2021-01-07,-0.1615
2021-01-06,-0.1618
2021-01-05,-0.1620
2021-01-04,-0.1622
2020-12-31,-0.1624
2020-12-30,-0.1627
2020-12-29,-0.1629
2020-12-28,-0.1630
2020-12-24,-0.1632
2020-12-23,-0.1634
2020-12-22,-0.1635
2020-12-21,-0.1636
2020-12-18,-0.1637
2020-12-17,-0.1638
2020-12-16,-0.1639
2020-12-15,-0.1640
2020-12-14,-0.1640
2020-12-11,-0.1640
2020-12-10,-0.1640
2020-12-09,-0.1640
2020-12-08,-0.1639
2020-12-07,-0.1638
2020-12-04,-0.1637
2020-12-03,-0.1636
2020-12-02,-0.1634
2020-12-01,-0.1633
2020-11-30,-0.1631
2020-11-27,-0.1628
2020-11-25,-0.1626
2020-11-24,-0.1623
2020-11-23,-0.1620
2020-11-20,-0.1617
2020-11-19,-0.1613
2020-11-18,-0.1610
2020-11-17,-0.1606
2020-11-16,-0.1602
2020-11-13,-0.1598
2020-11-12,-0.1593
2020-11-11,-0.1589
2020-11-10,-0.1584
2020-11-09,-0.1579
2020-11-06,-0.1574
2020-11-05,-0.1569
2020-11-04,-0.1564
2020-11-03,-0.1558
2020-11-02,-0.1553
2020-10-30,-0.1548
2020-10-29,-0.1542
2020-10-28,-0.1537
2020-10-27,-0.1531
2020-10-26,-0.1526
2020-10-23,-0.1520
2020-10-22,-0.1515
2020-10-21,-0.1509
2020-10-20,-0.1503
2020-10-19,-0.1497
2020-10-16,-0.1491
2020-10-15,-0.1485
2020-10-14,-0.1479
2020-10-13,-0.1473
2020-10-12,-0.1466
2020-10-09,-0.1460
2020-10-08,-0.1454
2020-10-07,-0.1447
2020-10-06,-0.1440
2020-10-05,-0.1434
2020-10-02,-0.1427
2020-10-01,-0.1420
2020-09-30,-0.1413
2020-09-29,-0.1406
2020-09-28,-0.1399
2020-09-25,-0.1391
2020-09-24,-0.1384
2020-09-23,-0.1377
2020-09-22,-0.1369
2020-09-21,-0.1362
2020-09-18,-0.1354
2020-09-17,-0.1347
2020-09-16,-0.1339
2020-09-15,-0.1331
2020-09-14,-0.1324
2020-09-11,-0.1316
2020-09-10,-0.1308
2020-09-09,-0.1300
2020-09-08,-0.1292
2020-09-04,-0.1284
2020-09-03,-0.1275
2020-09-02,-0.1267
2020-09-01,-0.1259
2020-08-31,-0.1250
2020-08-28,-0.1242
2020-08-27,-0.1233
2020-08-26,-0.1224
2020-08-25,-0.1215
2020-08-24,-0.1206
2020-08-21,-0.1197
2020-08-20,-0.1188
2020-08-19,-0.1179
2020-08-18,-0.1170
2020-08-17,-0.1160
2020-08-14,-0.1151
2020-08-13,-0.1141
2020-08-12,-0.1131
2020-08-11,-0.1121
2020-08-10,-0.1111
2020-08-07,-0.1101
2020-08-06,-0.1091
2020-08-05,-0.1081
2020-08-04,-0.1070
2020-08-03,-0.1060
2020-07-31,-0.1049
2020-07-30,-0.1038
2020-07-29,-0.1028
2020-07-28,-0.1017
2020-07-27,-0.1006
2020-07-24,-0.0995
2020-07-23,-0.0984
2020-07-22,-0.0973
2020-07-21,-0.0962
2020-07-20,-0.0950
2020-07-17,-0.0939
2020-07-16,-0.0927
2020-07-15,-0.0916
2020-07-14,-0.0904
2020-07-13,-0.0892
2020-07-10,-0.0880
2020-07-09,-0.0868
2020-07-08,-0.0855
2020-07-07,-0.0843
2020-07-06,-0.0830
2020-07-02,-0.0818
2020-07-01,-0.0805
2020-06-30,-0.0792
2020-06-29,-0.0779
2020-06-26,-0.0766
2020-06-25,-0.0753
2020-06-24,-0.0739
2020-06-23,-0.0726
2020-06-22,-0.0712
2020-06-19,-0.0698
2020-06-18,-0.0684
2020-06-17,-0.0670
2020-06-16,-0.0656
2020-06-15,-0.0642
2020-06-12,-0.0627
2020-06-11,-0.0612
2020-06-10,-0.0598
2020-06-09,-0.0583
2020-06-08,-0.0567
2020-06-05,-0.0552
2020-06-04,-0.0536
2020-06-03,-0.0520
2020-06-02,-0.0504
2020-06-01,-0.0488
2020-05-29,-0.0472
2020-05-28,-0.0456
2020-05-27,-0.0439
2020-05-26,-0.0423
2020-05-22,-0.0407
2020-05-21,-0.0390
2020-05-20,-0.0374
2020-05-19,-0.0357
2020-05-18,-0.0341
2020-05-15,-0.0325
2020-05-14,-0.0308
2020-05-13,-0.0292
2020-05-12,-0.0276
2020-05-11,-0.0260
2020-05-08,-0.0244
2020-05-07,-0.0228
2020-05-06,-0.0212
2020-05-05,-0.0197
2020-05-04,-0.0181
2020-05-01,-0.0165
2020-04-30,-0.0150
2020-04-29,-0.0135
2020-04-28,-0.0120
2020-04-27,-0.0105
2020-04-24,-0.0090
2020-04-23,-0.0075
2020-04-22,-0.0060
2020-04-21,-0.0046
2020-04-20,-0.0031
2020-04-17,-0.0017
2020-04-16,-0.0003
2020-04-15,0.0011
2020-04-14,0.0024
2020-04-13,0.0038
2020-04-09,0.0051
2020-04-08,0.0064
2020-04-07,0.0077
2020-04-06,0.0090
2020-04-03,0.0103
2020-04-02,0.0115
2020-04-01,0.0127
2020-03-31,0.0139
2020-03-30,0.0150
2020-03-27,0.0161
2020-03-26,0.0172
2020-03-25,0.0183
2020-03-24,0.0194
2020-03-23,0.0204
2020-03-20,0.0214
2020-03-19,0.0223
2020-03-18,0.0232
2020-03-17,0.0240
2020-03-16,0.0248
2020-03-13,0.0255
2020-03-12,0.0262
2020-03-11,0.0269
2020-03-10,0.0275
2020-03-09,0.0280
2020-03-06,0.0286
2020-03-05,0.0291
2020-03-04,0.0296
2020-03-03,0.0301
2020-03-02,0.0306
2020-02-28,0.0310
2020-02-27,0.0315
2020-02-26,0.0320
2020-02-25,0.0324
2020-02-24,0.0328
2020-02-21,0.0332
2020-02-20,0.0337
2020-02-19,0.0341
2020-02-18,0.0345
2020-02-14,0.0349
2020-02-13,0.0354
2020-02-12,0.0358
2020-02-11,0.0362
2020-02-10,0.0367
2020-02-07,0.0371
2020-02-06,0.0376
2020-02-05,0.0381
2020-02-04,0.0385
2020-02-03,0.0390
2020-01-31,0.0394
2020-01-30,0.0399
2020-01-29,0.0403
2020-01-28,0.0408
2020-01-27,0.0412
2020-01-24,0.0417
2020-01-23,0.0421
2020-01-22,0.0425
2020-01-21,0.0430
2020-01-17,0.0434
2020-01-16,0.0438
2020-01-15,0.0442
2020-01-14,0.0446
2020-01-13,0.0450
2020-01-10,0.0454
2020-01-09,0.0458
2020-01-08,0.0462
2020-01-07,0.0466
2020-01-06,0.0470
2020-01-03,0.0474
2020-01-02,0.0478
2019-12-31,0.0482
2019-12-30,0.0485
2019-12-27,0.0489
2019-12-26,0.0493
2019-12-24,0.0497
2019-12-23,0.0500
2019-12-20,0.0504
2019-12-19,0.0507
2019-12-18,0.0511
2019-12-17,0.0514
2019-12-16,0.0517
2019-12-13,0.0521
2019-12-12,0.0524
2019-12-11,0.0527
2019-12-10,0.0530
2019-12-09,0.0533
2019-12-06,0.0536
2019-12-05,0.0540
2019-12-04,0.0543
2019-12-03,0.0546
2019-12-02,0.0549
2019-11-29,0.0552
2019-11-27,0.0555
2019-11-26,0.0558
2019-11-25,0.0561
2019-11-22,0.0564
2019-11-21,0.0568
2019-11-20,0.0571
2019-11-19,0.0574
2019-11-18,0.0578
2019-11-15,0.0581
2019-11-14,0.0584
2019-11-13,0.0588
2019-11-12,0.0592
2019-11-11,0.0595
2019-11-08,0.0599
2019-11-07,0.0603
2019-11-06,0.0606
2019-11-05,0.0610
2019-11-04,0.0614
2019-11-01,0.0618
2019-10-31,0.0621
2019-10-30,0.0625
2019-10-29,0.0629
2019-10-28,0.0632
2019-10-25,0.0636
2019-10-24,0.0639
2019-10-23,0.0643
2019-10-22,0.0646
2019-10-21,0.0650
2019-10-18,0.0653
2019-10-17,0.0657
2019-10-16,0.0660
2019-10-15,0.0663
2019-10-14,0.0666
2019-10-11,0.0670
2019-10-10,0.0673
2019-10-09,0.0677
2019-10-08,0.0680
2019-10-07,0.0684
2019-10-04,0.0687
2019-10-03,0.0691
2019-10-02,0.0694
2019-10-01,0.0698
2019-09-30,0.0702
2019-09-27,0.0706
2019-09-26,0.0710
2019-09-25,0.0714
2019-09-24,0.0718
2019-09-23,0.0722
2019-09-20,0.0726
2019-09-19,0.0730
2019-09-18,0.0735
2019-09-17,0.0739
2019-09-16,0.0744
2019-09-13,0.0749
2019-09-12,0.0754
2019-09-11,0.0759
2019-09-10,0.0764
2019-09-09,0.0769
2019-09-06,0.0774
2019-09-05,0.0780
2019-09-04,0.0785
2019-09-03,0.0790
2019-08-30,0.0796
2019-08-29,0.0801
2019-08-28,0.0807
2019-08-27,0.0812
2019-08-26,0.0818
2019-08-23,0.0824
2019-08-22,0.0830
2019-08-21,0.0835
2019-08-20,0.0841
2019-08-19,0.0847
2019-08-16,0.0853
2019-08-15,0.0859
2019-08-14,0.0864
2019-08-13,0.0870
2019-08-12,0.0876
2019-08-09,0.0881
2019-08-08,0.0887
2019-08-07,0.0892
2019-08-06,0.0898
2019-08-05,0.0903
2019-08-02,0.0908
2019-08-01,0.0913
2019-07-31,0.0919
2019-07-30,0.0924
2019-07-29,0.0929
2019-07-26,0.0934
2019-07-25,0.0939
2019-07-24,0.0944
2019-07-23,0.0948
2019-07-22,0.0953
2019-07-19,0.0958
2019-07-18,0.0963
2019-07-17,0.0968
2019-07-16,0.0973
2019-07-15,0.0978
2019-07-12,0.0983
2019-07-11,0.0989
2019-07-10,0.0994
2019-07-09,0.0999
2019-07-08,0.1004
2019-07-05,0.1009
2019-07-03,0.1014
2019-07-02,0.1019
2019-07-01,0.1024
2019-06-28,0.1029
2019-06-27,0.1034
2019-06-26,0.1039
2019-06-25,0.1044
2019-06-24,0.1049
2019-06-21,0.1054
2019-06-20,0.1059
2019-06-19,0.1064
2019-06-18,0.1069
2019-06-17,0.1074
2019-06-14,0.1080
2019-06-13,0.1085
2019-06-12,0.1090
2019-06-11,0.1095
2019-06-10,0.1100
2019-06-07,0.1105
2019-06-06,0.1110
2019-06-05,0.1115
2019-06-04,0.1120
2019-06-03,0.1125
2019-05-31,0.1130
2019-05-30,0.1135
2019-05-29,0.1139
2019-05-28,0.1144
2019-05-24,0.1148
2019-05-23,0.1153
2019-05-22,0.1157
2019-05-21,0.1161
2019-05-20,0.1166
2019-05-17,0.1170
2019-05-16,0.1174
2019-05-15,0.1178
2019-05-14,0.1182
2019-05-13,0.1186
2019-05-10,0.1190
2019-05-09,0.1193
2019-05-08,0.1197
2019-05-07,0.1200
2019-05-06,0.1204
2019-05-03,0.1207
2019-05-02,0.1210
2019-05-01,0.1214
2019-04-30,0.1217
2019-04-29,0.1220
2019-04-26,0.1223
2019-04-25,0.1226
2019-04-24,0.1230
2019-04-23,0.1233
2019-04-22,0.1236
2019-04-18,0.1239
2019-04-17,0.1242
2019-04-16,0.1245
2019-04-15,0.1248
2019-04-12,0.1251
2019-04-11,0.1254
2019-04-10,0.1257
2019-04-09,0.1260
2019-04-08,0.1263
2019-04-05,0.1265
2019-04-04,0.1268
2019-04-03,0.1271
2019-04-02,0.1274
2019-04-01,0.1276
2019-03-29,0.1279
2019-03-28,0.1282
2019-03-27,0.1285
2019-03-26,0.1288
2019-03-25,0.1290
2019-03-22,0.1293
2019-03-21,0.1296
2019-03-20,0.1298
2019-03-19,0.1301
2019-03-18,0.1303
2019-03-15,0.1306
2019-03-14,0.1308
2019-03-13,0.1311
2019-03-12,0.1313
2019-03-11,0.1315
2019-03-08,0.1317
2019-03-07,0.1320
2019-03-06,0.1322
2019-03-05,0.1325
2019-03-04,0.1327
2019-03-01,0.1330
2019-02-28,0.1333
2019-02-27,0.1337
2019-02-26,0.1340
2019-02-25,0.1344
2019-02-22,0.1348
2019-02-21,0.1352
2019-02-20,0.1357
2019-02-19,0.1361
2019-02-15,0.1366
2019-02-14,0.1371
2019-02-13,0.1376
2019-02-12,0.1382
2019-02-11,0.1388
2019-02-08,0.1393
2019-02-07,0.1399
2019-02-06,0.1406
2019-02-05,0.1412
2019-02-04,0.1419
2019-02-01,0.1426
2019-01-31,0.1433
2019-01-30,0.1441
2019-01-29,0.1448
2019-01-28,0.1456
2019-01-25,0.1464
2019-01-24,0.1472
2019-01-23,0.1480
2019-01-22,0.1488
2019-01-18,0.1496
2019-01-17,0.1504
2019-01-16,0.1513
2019-01-15,0.1521
2019-01-14,0.1530
2019-01-11,0.1538
2019-01-10,0.1547
2019-01-09,0.1556
2019-01-08,0.1565
2019-01-07,0.1574
2019-01-04,0.1583
2019-01-03,0.1592
2019-01-02,0.1601
2018-12-31,0.1609
2018-12-28,0.1618
2018-12-27,0.1627
2018-12-26,0.1636
2018-12-24,0.1645
2018-12-21,0.1653
2018-12-20,0.1662
2018-12-19,0.1670
2018-12-18,0.1678
2018-12-17,0.1686
2018-12-14,0.1694
2018-12-13,0.1702
2018-12-12,0.1710
2018-12-11,0.1718
2018-12-10,0.1725
2018-12-07,0.1733
2018-12-06,0.1740
2018-12-04,0.1748
2018-12-03,0.1755
2018-11-30,0.1762
2018-11-29,0.1770
2018-11-28,0.1777
2018-11-27,0.1784
2018-11-26,0.1791
2018-11-23,0.1798
2018-11-21,0.1805
2018-11-20,0.1812
2018-11-19,0.1819
2018-11-16,0.1825
2018-11-15,0.1831
2018-11-14,0.1837
2018-11-13,0.1843
2018-11-12,0.1849
2018-11-09,0.1855
2018-11-08,0.1861
2018-11-07,0.1867
2018-11-06,0.1873
2018-11-05,0.1879
2018-11-02,0.1885
2018-11-01,0.1891
2018-10-31,0.1897
2018-10-30,0.1903
2018-10-29,0.1908
2018-10-26,0.1914
2018-10-25,0.1920
2018-10-24,0.1926
2018-10-23,0.1931
2018-10-22,0.1937
2018-10-19,0.1942
2018-10-18,0.1948
2018-10-17,0.1953
2018-10-16,0.1959
2018-10-15,0.1964
2018-10-12,0.1969
2018-10-11,0.1975
2018-10-10,0.1980
2018-10-09,0.1985
2018-10-08,0.1990
2018-10-05,0.1996
2018-10-04,0.2001
2018-10-03,0.2007
2018-10-02,0.2012
2018-10-01,0.2018
2018-09-28,0.2024
2018-09-27,0.2030
2018-09-26,0.2035
2018-09-25,0.2041
2018-09-24,0.2047
2018-09-21,0.2053
2018-09-20,0.2059
2018-09-19,0.2066
2018-09-18,0.2072
2018-09-17,0.2078
2018-09-14,0.2084
2018-09-13,0.2090
2018-09-12,0.2096
2018-09-11,0.2103
2018-09-10,0.2109
2018-09-07,0.2115
2018-09-06,0.2121
2018-09-05,0.2127
2018-09-04,0.2133
2018-08-31,0.2139
2018-08-30,0.2145
2018-08-29,0.2151
2018-08-28,0.2156
2018-08-27,0.2162
2018-08-24,0.2168
2018-08-23,0.2173
2018-08-22,0.2179
2018-08-21,0.2184
2018-08-20,0.2190
2018-08-17,0.2195
2018-08-16,0.2201
2018-08-15,0.2206
2018-08-14,0.2212
2018-08-13,0.2217
2018-08-10,0.2222
2018-08-09,0.2227
2018-08-08,0.2232
2018-08-07,0.2236
2018-08-06,0.2241
2018-08-03,0.2246
2018-08-02,0.2250
2018-08-01,0.2255
2018-07-31,0.2259
2018-07-30,0.2264
2018-07-27,0.2268
2018-07-26,0.2272
2018-07-25,0.2276
2018-07-24,0.2280
2018-07-23,0.2285
2018-07-20,0.2289
2018-07-19,0.2293
2018-07-18,0.2297
2018-07-17,0.2301
2018-07-16,0.2304
2018-07-13,0.2308
2018-07-12,0.2312
2018-07-11,0.2316
2018-07-10,0.2320
2018-07-09,0.2323
2018-07-06,0.2327
2018-07-05,0.2330
2018-07-03,0.2333
2018-07-02,0.2336
2018-06-29,0.2339
2018-06-28,0.2342
2018-06-27,0.2344
2018-06-26,0.2347
2018-06-25,0.2349
2018-06-22,0.2351
2018-06-21,0.2353
2018-06-20,0.2354
2018-06-19,0.2356
2018-06-18,0.2357
2018-06-15,0.2358
2018-06-14,0.2360
2018-06-13,0.2361
2018-06-12,0.2361
2018-06-11,0.2362
2018-06-08,0.2363
2018-06-07,0.2364
2018-06-06,0.2365
2018-06-05,0.2366
2018-06-04,0.2367
2018-06-01,0.2368
2018-05-31,0.2368
2018-05-30,0.2369
2018-05-29,0.2370
2018-05-25,0.2370
2018-05-24,0.2371
2018-05-23,0.2371
2018-05-22,0.2372
2018-05-21,0.2372
2018-05-18,0.2373
2018-05-17,0.2373
2018-05-16,0.2373
2018-05-15,0.2374
2018-05-14,0.2374
2018-05-11,0.2374
2018-05-10,0.2374
2018-05-09,0.2373
2018-05-08,0.2373
2018-05-07,0.2373
2018-05-04,0.2372
2018-05-03,0.2371
2018-05-02,0.2371
2018-05-01,0.2370
2018-04-30,0.2368
2018-04-27,0.2367
2018-04-26,0.2365
2018-04-25,0.2364
2018-04-24,0.2362
2018-04-23,0.2360
2018-04-20,0.2358
2018-04-19,0.2356
2018-04-18,0.2353
2018-04-17,0.2351
2018-04-16,0.2348
2018-04-13,0.2345
2018-04-12,0.2342
2018-04-11,0.2339
2018-04-10,0.2335
2018-04-09,0.2332
2018-04-06,0.2328
2018-04-05,0.2324
2018-04-04,0.2320
2018-04-03,0.2315
2018-04-02,0.2311
2018-03-29,0.2306
2018-03-28,0.2301
2018-03-27,0.2296
2018-03-26,0.2290
2018-03-23,0.2284
2018-03-22,0.2278
2018-03-21,0.2272
2018-03-20,0.2266
2018-03-19,0.2259
2018-03-16,0.2252
2018-03-15,0.2245
2018-03-14,0.2238
2018-03-13,0.2230
2018-03-12,0.2222
2018-03-09,0.2214
2018-03-08,0.2206
2018-03-07,0.2198
2018-03-06,0.2190
2018-03-05,0.2182
2018-03-02,0.2173
2018-03-01,0.2165
2018-02-28,0.2156
2018-02-27,0.2148
2018-02-26,0.2139
2018-02-23,0.2131
2018-02-22,0.2122
2018-02-21,0.2114
2018-02-20,0.2105
2018-02-16,0.2097
2018-02-15,0.2088
2018-02-14,0.2080
2018-02-13,0.2071
2018-02-12,0.2063
2018-02-09,0.2055
2018-02-08,0.2046
2018-02-07,0.2038
2018-02-06,0.2029
2018-02-05,0.2021
2018-02-02,0.2012
2018-02-01,0.2004
2018-01-31,0.1996
2018-01-30,0.1987
2018-01-29,0.1979
2018-01-26,0.1971
2018-01-25,0.1963
2018-01-24,0.1955
2018-01-23,0.1947
2018-01-22,0.1939
2018-01-19,0.1932
2018-01-18,0.1924
2018-01-17,0.1917
2018-01-16,0.1909
2018-01-12,0.1902
2018-01-11,0.1895
2018-01-10,0.1889
2018-01-09,0.1882
2018-01-08,0.1875
2018-01-05,0.1869
2018-01-04,0.1862
2018-01-03,0.1856
2018-01-02,0.1849
2017-12-29,0.1843
2017-12-28,0.1836
2017-12-27,0.1830
2017-12-26,0.1823
2017-12-22,0.1817
2017-12-21,0.1810
2017-12-20,0.1804
2017-12-19,0.1797
2017-12-18,0.1790
2017-12-15,0.1784
2017-12-14,0.1777
2017-12-13,0.1771
2017-12-12,0.1764
2017-12-11,0.1758
2017-12-08,0.1752
2017-12-07,0.1745
2017-12-06,0.1739
2017-12-05,0.1732
2017-12-04,0.1726
2017-12-01,0.1719
2017-11-30,0.1713
2017-11-29,0.1706
2017-11-28,0.1699
2017-11-27,0.1693
2017-11-24,0.1686
2017-11-22,0.1679
2017-11-21,0.1672
2017-11-20,0.1665
2017-11-17,0.1658
2017-11-16,0.1651
2017-11-15,0.1643
2017-11-14,0.1636
2017-11-13,0.1628
2017-11-10,0.1621
2017-11-09,0.1613
2017-11-08,0.1605
2017-11-07,0.1597
2017-11-06,0.1589
2017-11-03,0.1581
2017-11-02,0.1573
2017-11-01,0.1565
2017-10-31,0.1557
2017-10-30,0.1549
2017-10-27,0.1541
2017-10-26,0.1532
2017-10-25,0.1524
2017-10-24,0.1515
2017-10-23,0.1506
2017-10-20,0.1497
2017-10-19,0.1489
2017-10-18,0.1480
2017-10-17,0.1471
2017-10-16,0.1462
2017-10-13,0.1453
2017-10-12,0.1444
2017-10-11,0.1435
2017-10-10,0.1426
2017-10-09,0.1417
2017-10-06,0.1409
2017-10-05,0.1400
2017-10-04,0.1391
2017-10-03,0.1382
2017-10-02,0.1373
2017-09-29,0.1364
2017-09-28,0.1355
2017-09-27,0.1346
2017-09-26,0.1337
2017-09-25,0.1328
2017-09-22,0.1319
2017-09-21,0.1310
2017-09-20,0.1301
2017-09-19,0.1292
2017-09-18,0.1283
2017-09-15,0.1274
2017-09-14,0.1265
2017-09-13,0.1257
2017-09-12,0.1248
2017-09-11,0.1239
2017-09-08,0.1231
2017-09-07,0.1222
2017-09-06,0.1213
2017-09-05,0.1204
2017-09-01,0.1196
2017-08-31,0.1187
2017-08-30,0.1178
2017-08-29,0.1169
2017-08-28,0.1160
2017-08-25,0.1152
2017-08-24,0.1143
2017-08-23,0.1134
2017-08-22,0.1126
2017-08-21,0.1117
2017-08-18,0.1108
2017-08-17,0.1100
2017-08-16,0.1091
2017-08-15,0.1083
2017-08-14,0.1075
2017-08-11,0.1066
2017-08-10,0.1058
2017-08-09,0.1050
2017-08-08,0.1042
2017-08-07,0.1034
2017-08-04,0.1026
2017-08-03,0.1019
2017-08-02,0.1011
2017-08-01,0.1004
2017-07-31,0.0997
2017-07-28,0.0990
2017-07-27,0.0983
2017-07-26,0.0976
2017-07-25,0.0970
2017-07-24,0.0963
2017-07-21,0.0957
2017-07-20,0.0951
2017-07-19,0.0945
2017-07-18,0.0939
2017-07-17,0.0932
2017-07-14,0.0926
2017-07-13,0.0920
2017-07-12,0.0914
2017-07-11,0.0908
2017-07-10,0.0902
2017-07-07,0.0896
2017-07-06,0.0890
2017-07-05,0.0884
2017-07-03,0.0878
2017-06-30,0.0872
2017-06-29,0.0866
2017-06-28,0.0860
2017-06-27,0.0854
2017-06-26,0.0848
2017-06-23,0.0842
2017-06-22,0.0836
2017-06-21,0.0830
2017-06-20,0.0824
2017-06-19,0.0818
2017-06-16,0.0812
2017-06-15,0.0806
2017-06-14,0.0800
2017-06-13,0.0795
2017-06-12,0.0789
2017-06-09,0.0783
2017-06-08,0.0777
2017-06-07,0.0771
2017-06-06,0.0765
2017-06-05,0.0759
2017-06-02,0.0753
2017-06-01,0.0747
2017-05-31,0.0741
2017-05-30,0.0735
2017-05-26,0.0729
2017-05-25,0.0723
2017-05-24,0.0716
2017-05-23,0.0710
2017-05-22,0.0704
2017-05-19,0.0698
2017-05-18,0.0692
2017-05-17,0.0685
2017-05-16,0.0679
2017-05-15,0.0672
2017-05-12,0.0666
2017-05-11,0.0659
2017-05-10,0.0653
2017-05-09,0.0646
2017-05-08,0.0639
2017-05-05,0.0633
2017-05-04,0.0626
2017-05-03,0.0619
2017-05-02,0.0613
2017-05-01,0.0606
2017-04-28,0.0599
2017-04-27,0.0592
2017-04-26,0.0586
2017-04-25,0.0579
2017-04-24,0.0572
2017-04-21,0.0565
2017-04-20,0.0558
2017-04-19,0.0552
2017-04-18,0.0545
2017-04-17,0.0538
2017-04-13,0.0531
2017-04-12,0.0524
2017-04-11,0.0517
2017-04-10,0.0510
2017-04-07,0.0503
2017-04-06,0.0496
2017-04-05,0.0489
2017-04-04,0.0481
2017-04-03,0.0474
2017-03-31,0.0467
2017-03-30,0.0460
2017-03-29,0.0453
2017-03-28,0.0445
2017-03-27,0.0438
2017-03-24,0.0431
2017-03-23,0.0424
2017-03-22,0.0417
2017-03-21,0.0409
2017-03-20,0.0402
2017-03-17,0.0395
2017-03-16,0.0388
2017-03-15,0.0380
2017-03-14,0.0373
2017-03-13,0.0366
2017-03-10,0.0359
2017-03-09,0.0352
2017-03-08,0.0345
2017-03-07,0.0338
2017-03-06,0.0331
2017-03-03,0.0325
2017-03-02,0.0318
2017-03-01,0.0311
2017-02-28,0.0305
2017-02-27,0.0299
2017-02-24,0.0292
2017-02-23,0.0286
2017-02-22,0.0280
2017-02-21,0.0274
2017-02-17,0.0269
2017-02-16,0.0263
2017-02-15,0.0257
2017-02-14,0.0252
2017-02-13,0.0246
2017-02-10,0.0241
2017-02-09,0.0235
2017-02-08,0.0230
2017-02-07,0.0225
2017-02-06,0.0220
2017-02-03,0.0214
2017-02-02,0.0209
2017-02-01,0.0204
2017-01-31,0.0199
2017-01-30,0.0194
2017-01-27,0.0189
2017-01-26,0.0184
2017-01-25,0.0179
2017-01-24,0.0174
2017-01-23,0.0170
2017-01-20,0.0165
2017-01-19,0.0160
2017-01-18,0.0156
2017-01-17,0.0151
2017-01-13,0.0147
2017-01-12,0.0142
2017-01-11,0.0138
2017-01-10,0.0133
2017-01-09,0.0129
2017-01-06,0.0125
2017-01-05,0.0120
2017-01-04,0.0116
2017-01-03,0.0112
2016-12-30,0.0108
2016-12-29,0.0104
2016-12-28,0.0100
2016-12-27,0.0096
2016-12-23,0.0092
2016-12-22,0.0089
2016-12-21,0.0085
2016-12-20,0.0081
2016-12-19,0.0078
2016-12-16,0.0074
2016-12-15,0.0071
2016-12-14,0.0068
2016-12-13,0.0065
2016-12-12,0.0061
2016-12-09,0.0058
2016-12-08,0.0055
2016-12-07,0.0053
2016-12-06,0.0050
2016-12-05,0.0047
2016-12-02,0.0045
2016-12-01,0.0042
2016-11-30,0.0040
2016-11-29,0.0038
2016-11-28,0.0035
2016-11-25,0.0033
2016-11-23,0.0031
2016-11-22,0.0029
2016-11-21,0.0027
2016-11-18,0.0026
2016-11-17,0.0024
2016-11-16,0.0022
2016-11-15,0.0021
2016-11-14,0.0019
2016-11-11,0.0018
2016-11-10,0.0017
2016-11-09,0.0016
2016-11-08,0.0015
2016-11-07,0.0014
2016-11-04,0.0013
2016-11-03,0.0012
2016-11-02,0.0011
2016-11-01,0.0010
2016-10-31,0.0010
2016-10-28,0.0009
2016-10-27,0.0009
2016-10-26,0.0008
2016-10-25,0.0008
2016-10-24,0.0007
2016-10-21,0.0007
2016-10-20,0.0007
2016-10-19,0.0007
2016-10-18,0.0007
2016-10-17,0.0007
2016-10-14,0.0007
2016-10-13,0.0007
2016-10-12,0.0007
2016-10-11,0.0007
2016-10-10,0.0007
2016-10-07,0.0007
2016-10-06,0.0007
2016-10-05,0.0007
2016-10-04,0.0007
2016-10-03,0.0008
2016-09-30,0.0008
2016-09-29,0.0008
2016-09-28,0.0008
2016-09-27,0.0009
2016-09-26,0.0009
2016-09-23,0.0009
2016-09-22,0.0010
2016-09-21,0.0010
2016-09-20,0.0010
2016-09-19,0.0011
2016-09-16,0.0011
2016-09-15,0.0012
2016-09-14,0.0012
2016-09-13,0.0012
2016-09-12,0.0013
2016-09-09,0.0013
2016-09-08,0.0013
2016-09-07,0.0013
2016-09-06,0.0014
2016-09-02,0.0014
2016-09-01,0.0014
2016-08-31,0.0015
2016-08-30,0.0015
2016-08-29,0.0016
2016-08-26,0.0016
2016-08-25,0.0016
2016-08-24,0.0017
2016-08-23,0.0017
2016-08-22,0.0018
2016-08-19,0.0018
2016-08-18,0.0019
2016-08-17,0.0020
2016-08-16,0.0020
2016-08-15,0.0021
2016-08-12,0.0022
2016-08-11,0.0023
2016-08-10,0.0023
2016-08-09,0.0024
2016-08-08,0.0025
2016-08-05,0.0026
2016-08-04,0.0027
2016-08-03,0.0028
2016-08-02,0.0029
2016-08-01,0.0030
2016-07-29,0.0031
2016-07-28,0.0033
2016-07-27,0.0034
2016-07-26,0.0035
2016-07-25,0.0036
2016-07-22,0.0038
2016-07-21,0.0039
2016-07-20,0.0040
2016-07-19,0.0042
2016-07-18,0.0043
2016-07-15,0.0045
2016-07-14,0.0047
2016-07-13,0.0048
2016-07-12,0.0050
2016-07-11,0.0052
2016-07-08,0.0054
2016-07-07,0.0055
2016-07-06,0.0057
2016-07-05,0.0059
2016-07-01,0.0061
2016-06-30,0.0063
2016-06-29,0.0065
2016-06-28,0.0067
2016-06-27,0.0069
2016-06-24,0.0070
2016-06-23,0.0072
2016-06-22,0.0074
2016-06-21,0.0076
2016-06-20,0.0078
2016-06-17,0.0080
2016-06-16,0.0082
2016-06-15,0.0084
2016-06-14,0.0086
2016-06-13,0.0089
2016-06-10,0.0091
2016-06-09,0.0093
2016-06-08,0.0095
2016-06-07,0.0098
2016-06-06,0.0100
2016-06-03,0.0102
2016-06-02,0.0105
2016-06-01,0.0107
2016-05-31,0.0110
2016-05-27,0.0112
2016-05-26,0.0115
2016-05-25,0.0117
2016-05-24,0.0120
2016-05-23,0.0122
2016-05-20,0.0125
2016-05-19,0.0127
2016-05-18,0.0130
2016-05-17,0.0133
2016-05-16,0.0135
2016-05-13,0.0138
2016-05-12,0.0141
2016-05-11,0.0144
2016-05-10,0.0147
2016-05-09,0.0150
2016-05-06,0.0153
2016-05-05,0.0156
2016-05-04,0.0159
2016-05-03,0.0162
2016-05-02,0.0165
2016-04-29,0.0169
2016-04-28,0.0172
2016-04-27,0.0176
2016-04-26,0.0179
2016-04-25,0.0183
2016-04-22,0.0186
2016-04-21,0.0190
2016-04-20,0.0194
2016-04-19,0.0198
2016-04-18,0.0202
2016-04-15,0.0206
2016-04-14,0.0210
2016-04-13,0.0214
2016-04-12,0.0218
2016-04-11,0.0222
2016-04-08,0.0226
2016-04-07,0.0231
2016-04-06,0.0235
2016-04-05,0.0239
2016-04-04,0.0244
2016-04-01,0.0248
2016-03-31,0.0252
2016-03-30,0.0257
2016-03-29,0.0261
2016-03-28,0.0266
2016-03-24,0.0271
2016-03-23,0.0275
2016-03-22,0.0280
2016-03-21,0.0285
2016-03-18,0.0290
2016-03-17,0.0294
2016-03-16,0.0300
2016-03-15,0.0305
2016-03-14,0.0310
2016-03-11,0.0315
2016-03-10,0.0320
2016-03-09,0.0326
2016-03-08,0.0331
2016-03-07,0.0336
2016-03-04,0.0341
2016-03-03,0.0347
2016-03-02,0.0352
2016-03-01,0.0357
2016-02-29,0.0362
2016-02-26,0.0367
2016-02-25,0.0372
2016-02-24,0.0377
2016-02-23,0.0382
2016-02-22,0.0387
2016-02-19,0.0392
2016-02-18,0.0397
2016-02-17,0.0401
2016-02-16,0.0406
2016-02-12,0.0411
2016-02-11,0.0415
2016-02-10,0.0419
2016-02-09,0.0423
2016-02-08,0.0427
2016-02-05,0.0431
2016-02-04,0.0435
2016-02-03,0.0438
2016-02-02,0.0442
2016-02-01,0.0445
2016-01-29,0.0449
2016-01-28,0.0452
2016-01-27,0.0455
2016-01-26,0.0458
2016-01-25,0.0461
2016-01-22,0.0464
2016-01-21,0.0466
2016-01-20,0.0469
2016-01-19,0.0471
2016-01-15,0.0474
2016-01-14,0.0476
2016-01-13,0.0478
2016-01-12,0.0480
2016-01-11,0.0482
2016-01-08,0.0483
2016-01-07,0.0485
2016-01-06,0.0487
2016-01-05,0.0488
2016-01-04,0.0490
2015-12-31,0.0491
2015-12-30,0.0493
2015-12-29,0.0494
2015-12-28,0.0496
2015-12-24,0.0497
2015-12-23,0.0499
2015-12-22,0.0500
2015-12-21,0.0502
2015-12-18,0.0503
2015-12-17,0.0505
2015-12-16,0.0506
2015-12-15,0.0508
2015-12-14,0.0509
2015-12-11,0.0511
2015-12-10,0.0512
2015-12-09,0.0514
2015-12-08,0.0516
2015-12-07,0.0517
2015-12-04,0.0519
2015-12-03,0.0521
2015-12-02,0.0522
2015-12-01,0.0524
2015-11-30,0.0526
2015-11-27,0.0528
2015-11-25,0.0530
2015-11-24,0.0532
2015-11-23,0.0534
2015-11-20,0.0536
2015-11-19,0.0538
2015-11-18,0.0540
2015-11-17,0.0542
2015-11-16,0.0545
2015-11-13,0.0547
2015-11-12,0.0550
2015-11-11,0.0552
2015-11-10,0.0555
2015-11-09,0.0557
2015-11-06,0.0560
2015-11-05,0.0562
2015-11-04,0.0565
2015-11-03,0.0568
2015-11-02,0.0571
2015-10-30,0.0573
2015-10-29,0.0576
2015-10-28,0.0580
2015-10-27,0.0583
2015-10-26,0.0586
2015-10-23,0.0589
2015-10-22,0.0593
2015-10-21,0.0596
2015-10-20,0.0600
2015-10-19,0.0603
2015-10-16,0.0607
2015-10-15,0.0610
2015-10-14,0.0614
2015-10-13,0.0618
2015-10-12,0.0621
2015-10-09,0.0625
2015-10-08,0.0629
2015-10-07,0.0632
2015-10-06,0.0636
2015-10-05,0.0640
2015-10-02,0.0644
2015-10-01,0.0647
2015-09-30,0.0651
2015-09-29,0.0655
2015-09-28,0.0658
2015-09-25,0.0662
2015-09-24,0.0665
2015-09-23,0.0668
2015-09-22,0.0672
2015-09-21,0.0675
2015-09-18,0.0678
2015-09-17,0.0681
2015-09-16,0.0685
2015-09-15,0.0688
2015-09-14,0.0691
2015-09-11,0.0694
2015-09-10,0.0697
2015-09-09,0.0700
2015-09-08,0.0703
2015-09-04,0.0706
2015-09-03,0.0708
2015-09-02,0.0711
2015-09-01,0.0714
2015-08-31,0.0716
2015-08-28,0.0719
2015-08-27,0.0721
2015-08-26,0.0723
2015-08-25,0.0725
2015-08-24,0.0728
2015-08-21,0.0729
2015-08-20,0.0731
2015-08-19,0.0733
2015-08-18,0.0734
2015-08-17,0.0736
2015-08-14,0.0737
2015-08-13,0.0739
2015-08-12,0.0740
2015-08-11,0.0742
2015-08-10,0.0743
2015-08-07,0.0745
2015-08-06,0.0746
2015-08-05,0.0748
2015-08-04,0.0749
2015-08-03,0.0750
2015-07-31,0.0752
2015-07-30,0.0753
2015-07-29,0.0754
2015-07-28,0.0756
2015-07-27,0.0757
2015-07-24,0.0758
2015-07-23,0.0759
2015-07-22,0.0760
2015-07-21,0.0761
2015-07-20,0.0762
2015-07-17,0.0764
2015-07-16,0.0765
2015-07-15,0.0766
2015-07-14,0.0767
2015-07-13,0.0768
2015-07-10,0.0769
2015-07-09,0.0770
2015-07-08,0.0771
2015-07-07,0.0772
2015-07-06,0.0773
2015-07-02,0.0774
2015-07-01,0.0775
2015-06-30,0.0776
2015-06-29,0.0776
2015-06-26,0.0777
2015-06-25,0.0778
2015-06-24,0.0778
2015-06-23,0.0779
2015-06-22,0.0779
2015-06-19,0.0779
2015-06-18,0.0780
2015-06-17,0.0780
2015-06-16,0.0781
2015-06-15,0.0781
2015-06-12,0.0781
2015-06-11,0.0781
2015-06-10,0.0781
2015-06-09,0.0782
2015-06-08,0.0782
2015-06-05,0.0782
2015-06-04,0.0781
2015-06-03,0.0781
2015-06-02,0.0781
2015-06-01,0.0781
2015-05-29,0.0780
2015-05-28,0.0780
2015-05-27,0.0779
2015-05-26,0.0779
2015-05-22,0.0778
2015-05-21,0.0777
2015-05-20,0.0776
2015-05-19,0.0776
2015-05-18,0.0775
2015-05-15,0.0774
2015-05-14,0.0773
2015-05-13,0.0772
2015-05-12,0.0771
2015-05-11,0.0770
2015-05-08,0.0769
2015-05-07,0.0768
2015-05-06,0.0767
2015-05-05,0.0766
2015-05-04,0.0764
2015-05-01,0.0763
2015-04-30,0.0762
2015-04-29,0.0760
2015-04-28,0.0759
2015-04-27,0.0757
2015-04-24,0.0755
2015-04-23,0.0754
2015-04-22,0.0752
2015-04-21,0.0750
2015-04-20,0.0748
2015-04-17,0.0747
2015-04-16,0.0745
2015-04-15,0.0743
2015-04-14,0.0742
2015-04-13,0.0740
2015-04-10,0.0738
2015-04-09,0.0737
2015-04-08,0.0735
2015-04-07,0.0734
2015-04-06,0.0732
2015-04-02,0.0731
2015-04-01,0.0729
2015-03-31,0.0728
2015-03-30,0.0726
2015-03-27,0.0725
2015-03-26,0.0723
2015-03-25,0.0722
2015-03-24,0.0721
2015-03-23,0.0719
2015-03-20,0.0718
2015-03-19,0.0717
2015-03-18,0.0715
2015-03-17,0.0714
2015-03-16,0.0713
2015-03-13,0.0712
2015-03-12,0.0711
2015-03-11,0.0711
2015-03-10,0.0710
2015-03-09,0.0709
2015-03-06,0.0709
2015-03-05,0.0708
2015-03-04,0.0708
2015-03-03,0.0708
2015-03-02,0.0708
2015-02-27,0.0708
2015-02-26,0.0708
2015-02-25,0.0708
2015-02-24,0.0709
2015-02-23,0.0709
2015-02-20,0.0710
2015-02-19,0.0711
2015-02-18,0.0712
2015-02-17,0.0713
2015-02-13,0.0714
2015-02-12,0.0716
2015-02-11,0.0717
2015-02-10,0.0719
2015-02-09,0.0721
2015-02-06,0.0723
2015-02-05,0.0725
2015-02-04,0.0728
2015-02-03,0.0730
2015-02-02,0.0733
2015-01-30,0.0735
2015-01-29,0.0738
2015-01-28,0.0741
2015-01-27,0.0745
2015-01-26,0.0748
2015-01-23,0.0751
2015-01-22,0.0755
2015-01-21,0.0758
2015-01-20,0.0762
2015-01-16,0.0766
2015-01-15,0.0769
2015-01-14,0.0773
2015-01-13,0.0777
2015-01-12,0.0781
2015-01-09,0.0785
2015-01-08,0.0788
2015-01-07,0.0792
2015-01-06,0.0796
2015-01-05,0.0800
2015-01-02,0.0804
2014-12-31,0.0809
2014-12-30,0.0813
2014-12-29,0.0817
2014-12-26,0.0821
2014-12-24,0.0825
2014-12-23,0.0830
2014-12-22,0.0834
2014-12-19,0.0838
2014-12-18,0.0843
2014-12-17,0.0847
2014-12-16,0.0852
2014-12-15,0.0856
2014-12-12,0.0861
2014-12-11,0.0865
2014-12-10,0.0870
2014-12-09,0.0874
2014-12-08,0.0878
2014-12-05,0.0883
2014-12-04,0.0887
2014-12-03,0.0892
2014-12-02,0.0896
2014-12-01,0.0901
2014-11-28,0.0906
2014-11-26,0.0910
2014-11-25,0.0915
2014-11-24,0.0920
2014-11-21,0.0925
2014-11-20,0.0930
2014-11-19,0.0936
2014-11-18,0.0941
2014-11-17,0.0946
2014-11-14,0.0952
2014-11-13,0.0958
2014-11-12,0.0963
2014-11-11,0.0969
2014-11-10,0.0974
2014-11-07,0.0980
2014-11-06,0.0986
2014-11-05,0.0992
2014-11-04,0.0998
2014-11-03,0.1003
2014-10-31,0.1009
2014-10-30,0.1015
2014-10-29,0.1021
2014-10-28,0.1027
2014-10-27,0.1033
2014-10-24,0.1039
2014-10-23,0.1044
2014-10-22,0.1050
2014-10-21,0.1056
2014-10-20,0.1062
2014-10-17,0.1068
2014-10-16,0.1074
2014-10-15,0.1079
2014-10-14,0.1085
2014-10-13,0.1091
2014-10-10,0.1097
2014-10-09,0.1103
2014-10-08,0.1108
2014-10-07,0.1114
2014-10-06,0.1120
2014-10-03,0.1125
2014-10-02,0.1131
2014-10-01,0.1136
2014-09-30,0.1142
2014-09-29,0.1148
2014-09-26,0.1153
2014-09-25,0.1159
2014-09-24,0.1165
2014-09-23,0.1170
2014-09-22,0.1176
2014-09-19,0.1182
2014-09-18,0.1188
2014-09-17,0.1194
2014-09-16,0.1199
2014-09-15,0.1205
2014-09-12,0.1211
2014-09-11,0.1217
2014-09-10,0.1223
2014-09-09,0.1229
2014-09-08,0.1235
2014-09-05,0.1241
2014-09-04,0.1247
2014-09-03,0.1253
2014-09-02,0.1259
2014-08-29,0.1265
2014-08-28,0.1271
2014-08-27,0.1277
2014-08-26,0.1283
2014-08-25,0.1289
2014-08-22,0.1295
2014-08-21,0.1301
2014-08-20,0.1307
2014-08-19,0.1313
2014-08-18,0.1319
2014-08-15,0.1325
2014-08-14,0.1331
2014-08-13,0.1338
2014-08-12,0.1344
2014-08-11,0.1350
2014-08-08,0.1356
2014-08-07,0.1361
2014-08-06,0.1367
2014-08-05,0.1373
2014-08-04,0.1379
2014-08-01,0.1384
2014-07-31,0.1390
2014-07-30,0.1395
2014-07-29,0.1400
2014-07-28,0.1406
2014-07-25,0.1411
2014-07-24,0.1416
2014-07-23,0.1421
2014-07-22,0.1426
2014-07-21,0.1431
2014-07-18,0.1435
2014-07-17,0.1440
2014-07-16,0.1445
2014-07-15,0.1450
2014-07-14,0.1454
2014-07-11,0.1459
2014-07-10,0.1463
2014-07-09,0.1468
2014-07-08,0.1472
2014-07-07,0.1477
2014-07-03,0.1481
2014-07-02,0.1486
2014-07-01,0.1490
2014-06-30,0.1494
2014-06-27,0.1498
2014-06-26,0.1502
2014-06-25,0.1506
2014-06-24,0.1510
2014-06-23,0.1514
2014-06-20,0.1518
2014-06-19,0.1522
2014-06-18,0.1525
2014-06-17,0.1529
2014-06-16,0.1533
2014-06-13,0.1537
2014-06-12,0.1540
2014-06-11,0.1544
2014-06-10,0.1548
2014-06-09,0.1551
2014-06-06,0.1555
2014-06-05,0.1558
2014-06-04,0.1562
2014-06-03,0.1566
2014-06-02,0.1570
2014-05-30,0.1574
2014-05-29,0.1577
2014-05-28,0.1581
2014-05-27,0.1585
2014-05-23,0.1589
2014-05-22,0.1593
2014-05-21,0.1597
2014-05-20,0.1601
2014-05-19,0.1605
2014-05-16,0.1608
2014-05-15,0.1612
2014-05-14,0.1616
2014-05-13,0.1620
2014-05-12,0.1624
2014-05-09,0.1627
2014-05-08,0.1631
2014-05-07,0.1635
2014-05-06,0.1639
2014-05-05,0.1642
2014-05-02,0.1646
2014-05-01,0.1650
2014-04-30,0.1653
2014-04-29,0.1657
2014-04-28,0.1661
2014-04-25,0.1664
2014-04-24,0.1668
2014-04-23,0.1671
2014-04-22,0.1674
2014-04-21,0.1678
2014-04-17,0.1681
2014-04-16,0.1684
2014-04-15,0.1687
2014-04-14,0.1690
2014-04-11,0.1693
2014-04-10,0.1696
2014-04-09,0.1699
2014-04-08,0.1701
2014-04-07,0.1703
2014-04-04,0.1706
2014-04-03,0.1708
2014-04-02,0.1710
2014-04-01,0.1712
2014-03-31,0.1714
2014-03-28,0.1716
2014-03-27,0.1718
2014-03-26,0.1719
2014-03-25,0.1721
2014-03-24,0.1722
2014-03-21,0.1723
2014-03-20,0.1724
2014-03-19,0.1725
2014-03-18,0.1725
2014-03-17,0.1726
2014-03-14,0.1726
2014-03-13,0.1726
2014-03-12,0.1726
2014-03-11,0.1726
2014-03-10,0.1725
2014-03-07,0.1725
2014-03-06,0.1724
2014-03-05,0.1723
2014-03-04,0.1722
2014-03-03,0.1720
2014-02-28,0.1719
2014-02-27,0.1717
2014-02-26,0.1716
2014-02-25,0.1714
2014-02-24,0.1712
2014-02-21,0.1710
2014-02-20,0.1707
2014-02-19,0.1705
2014-02-18,0.1702
2014-02-14,0.1699
2014-02-13,0.1696
2014-02-12,0.1693
2014-02-11,0.1690
2014-02-10,0.1686
2014-02-07,0.1683
2014-02-06,0.1679
2014-02-05,0.1675
2014-02-04,0.1670
2014-02-03,0.1666
2014-01-31,0.1661
2014-01-30,0.1656
2014-01-29,0.1650
2014-01-28,0.1644
2014-01-27,0.1639
2014-01-24,0.1633
2014-01-23,0.1626
2014-01-22,0.1620
2014-01-21,0.1614
2014-01-17,0.1607
2014-01-16,0.1601
2014-01-15,0.1595
2014-01-14,0.1588
2014-01-13,0.1581
2014-01-10,0.1575
2014-01-09,0.1568
2014-01-08,0.1561
2014-01-07,0.1555
2014-01-06,0.1548
2014-01-03,0.1541
2014-01-02,0.1534
2013-12-31,0.1527
2013-12-30,0.1520
2013-12-27,0.1513
2013-12-26,0.1506
2013-12-24,0.1499
2013-12-23,0.1491
2013-12-20,0.1484
2013-12-19,0.1477
2013-12-18,0.1469
2013-12-17,0.1462
2013-12-16,0.1455
2013-12-13,0.1447
2013-12-12,0.1439
2013-12-11,0.1432
2013-12-10,0.1424
2013-12-09,0.1416
2013-12-06,0.1409
2013-12-05,0.1401
2013-12-04,0.1393
2013-12-03,0.1385
2013-12-02,0.1377
2013-11-29,0.1369
2013-11-27,0.1361
2013-11-26,0.1353
2013-11-25,0.1345
2013-11-22,0.1337
2013-11-21,0.1329
2013-11-20,0.1320
2013-11-19,0.1312
2013-11-18,0.1304
2013-11-15,0.1296
2013-11-14,0.1288
2013-11-13,0.1281
2013-11-12,0.1273
2013-11-11,0.1265
2013-11-08,0.1257
2013-11-07,0.1250
2013-11-06,0.1242
2013-11-05,0.1235
2013-11-04,0.1227
2013-11-01,0.1220
2013-10-31,0.1213
2013-10-30,0.1205
2013-10-29,0.1198
2013-10-28,0.1191
2013-10-25,0.1184
2013-10-24,0.1177
2013-10-23,0.1171
2013-10-22,0.1164
2013-10-21,0.1157
2013-10-18,0.1151
2013-10-17,0.1144
2013-10-16,0.1138
2013-10-15,0.1131
2013-10-14,0.1125
2013-10-11,0.1118
2013-10-10,0.1112
2013-10-09,0.1105
2013-10-08,0.1099
2013-10-07,0.1092
2013-10-04,0.1085
2013-10-03,0.1079
2013-10-02,0.1072
2013-10-01,0.1066
2013-09-30,0.1059
2013-09-27,0.1052
2013-09-26,0.1046
2013-09-25,0.1039
2013-09-24,0.1033
2013-09-23,0.1026
2013-09-20,0.1020
2013-09-19,0.1013
2013-09-18,0.1007
2013-09-17,0.1001
2013-09-16,0.0994
2013-09-13,0.0988
2013-09-12,0.0982
2013-09-11,0.0976
2013-09-10,0.0970
2013-09-09,0.0964
2013-09-06,0.0958
2013-09-05,0.0952
2013-09-04,0.0945
2013-09-03,0.0939
2013-08-30,0.0933
2013-08-29,0.0926
2013-08-28,0.0920
2013-08-27,0.0913
2013-08-26,0.0906
2013-08-23,0.0899
2013-08-22,0.0893
2013-08-21,0.0886
2013-08-20,0.0879
2013-08-19,0.0872
2013-08-16,0.0864
2013-08-15,0.0857
2013-08-14,0.0850
2013-08-13,0.0843
2013-08-12,0.0835
2013-08-09,0.0828
2013-08-08,0.0820
2013-08-07,0.0813
2013-08-06,0.0805
2013-08-05,0.0798
2013-08-02,0.0790
2013-08-01,0.0782
2013-07-31,0.0775
2013-07-30,0.0767
2013-07-29,0.0759
2013-07-26,0.0752
2013-07-25,0.0744
2013-07-24,0.0736
2013-07-23,0.0729
2013-07-22,0.0721
2013-07-19,0.0713
2013-07-18,0.0706
2013-07-17,0.0698
2013-07-16,0.0690
2013-07-15,0.0683
2013-07-12,0.0675
2013-07-11,0.0668
2013-07-10,0.0660
2013-07-09,0.0653
2013-07-08,0.0645
2013-07-05,0.0638
2013-07-03,0.0631
2013-07-02,0.0623
2013-07-01,0.0616
2013-06-28,0.0609
2013-06-27,0.0602
2013-06-26,0.0594
2013-06-25,0.0587
2013-06-24,0.0580
2013-06-21,0.0573
2013-06-20,0.0566
2013-06-19,0.0559
2013-06-18,0.0551
2013-06-17,0.0544
2013-06-14,0.0537
2013-06-13,0.0530
2013-06-12,0.0523
2013-06-11,0.0517
2013-06-10,0.0510
2013-06-07,0.0503
2013-06-06,0.0497
2013-06-05,0.0490
2013-06-04,0.0484
2013-06-03,0.0478
2013-05-31,0.0471
2013-05-30,0.0465
2013-05-29,0.0459
2013-05-28,0.0453
2013-05-24,0.0447
2013-05-23,0.0442
2013-05-22,0.0436
2013-05-21,0.0430
2013-05-20,0.0425
2013-05-17,0.0420
2013-05-16,0.0415
2013-05-15,0.0409
2013-05-14,0.0405
2013-05-13,0.0400
2013-05-10,0.0395
2013-05-09,0.0390
2013-05-08,0.0386
2013-05-07,0.0382
2013-05-06,0.0377
2013-05-03,0.0373
2013-05-02,0.0369
2013-05-01,0.0365
2013-04-30,0.0361
2013-04-29,0.0357
2013-04-26,0.0354
2013-04-25,0.0350
2013-04-24,0.0346
2013-04-23,0.0343
2013-04-22,0.0340
2013-04-19,0.0337
2013-04-18,0.0333
2013-04-17,0.0330
2013-04-16,0.0327
2013-04-15,0.0324
2013-04-12,0.0321
2013-04-11,0.0318
2013-04-10,0.0315
2013-04-09,0.0313
2013-04-08,0.0310
2013-04-05,0.0308
2013-04-04,0.0305
2013-04-03,0.0303
2013-04-02,0.0300
2013-04-01,0.0298
2013-03-28,0.0296
2013-03-27,0.0294
2013-03-26,0.0292
2013-03-25,0.0290
2013-03-22,0.0288
2013-03-21,0.0286
2013-03-20,0.0285
2013-03-19,0.0283
2013-03-18,0.0282
2013-03-15,0.0280
2013-03-14,0.0279
2013-03-13,0.0278
2013-03-12,0.0277
2013-03-11,0.0276
2013-03-08,0.0275
2013-03-07,0.0275
2013-03-06,0.0274
2013-03-05,0.0273
2013-03-04,0.0273
2013-03-01,0.0273
2013-02-28,0.0272
2013-02-27,0.0272
2013-02-26,0.0271
2013-02-25,0.0271
2013-02-22,0.0271
2013-02-21,0.0270
2013-02-20,0.0270
2013-02-19,0.0270
2013-02-15,0.0270
2013-02-14,0.0269
2013-02-13,0.0269
2013-02-12,0.0269
2013-02-11,0.0269
2013-02-08,0.0268
2013-02-07,0.0268
2013-02-06,0.0268
2013-02-05,0.0268
2013-02-04,0.0268
2013-02-01,0.0267
2013-01-31,0.0267
2013-01-30,0.0267
2013-01-29,0.0267
2013-01-28,0.0267
2013-01-25,0.0267
2013-01-24,0.0267
2013-01-23,0.0266
2013-01-22,0.0266
2013-01-18,0.0266
2013-01-17,0.0266
2013-01-16,0.0266
2013-01-15,0.0266
2013-01-14,0.0266
2013-01-11,0.0265
2013-01-10,0.0265
2013-01-09,0.0265
2013-01-08,0.0265
2013-01-07,0.0265
2013-01-04,0.0265
2013-01-03,0.0265
2013-01-02,0.0265
2012-12-31,0.0266
2012-12-28,0.0266
2012-12-27,0.0266
2012-12-26,0.0266
2012-12-24,0.0267
2012-12-21,0.0267
2012-12-20,0.0267
2012-12-19,0.0268
2012-12-18,0.0268
2012-12-17,0.0269
2012-12-14,0.0269
2012-12-13,0.0270
2012-12-12,0.0270
2012-12-11,0.0271
2012-12-10,0.0272
2012-12-07,0.0272
2012-12-06,0.0273
2012-12-05,0.0274
2012-12-04,0.0275
2012-12-03,0.0276
2012-11-30,0.0276
2012-11-29,0.0277
2012-11-28,0.0278
2012-11-27,0.0279
2012-11-26,0.0280
2012-11-23,0.0281
2012-11-21,0.0282
2012-11-20,0.0284
2012-11-19,0.0285
2012-11-16,0.0286
2012-11-15,0.0287
2012-11-14,0.0288
2012-11-13,0.0289
2012-11-12,0.0291
2012-11-09,0.0292
2012-11-08,0.0293
2012-11-07,0.0294
2012-11-06,0.0295
2012-11-05,0.0297
2012-11-02,0.0298
2012-11-01,0.0299
2012-10-31,0.0300
2012-10-26,0.0301
2012-10-25,0.0303
2012-10-24,0.0304
2012-10-23,0.0305
2012-10-22,0.0306
2012-10-19,0.0307
2012-10-18,0.0308
2012-10-17,0.0310
2012-10-16,0.0311
2012-10-15,0.0312
2012-10-12,0.0313
2012-10-11,0.0315
2012-10-10,0.0316
2012-10-09,0.0317
2012-10-08,0.0319
2012-10-05,0.0320
2012-10-04,0.0321
2012-10-03,0.0322
2012-10-02,0.0324
2012-10-01,0.0325
2012-09-28,0.0326
2012-09-27,0.0327
2012-09-26,0.0328
2012-09-25,0.0329
2012-09-24,0.0330
2012-09-21,0.0331
2012-09-20,0.0332
2012-09-19,0.0333
2012-09-18,0.0334
2012-09-17,0.0335
2012-09-14,0.0335
2012-09-13,0.0336
2012-09-12,0.0337
2012-09-11,0.0337
2012-09-10,0.0338
2012-09-07,0.0339
2012-09-06,0.0339
2012-09-05,0.0340
2012-09-04,0.0341
2012-08-31,0.0341
2012-08-30,0.0342
2012-08-29,0.0342
2012-08-28,0.0343
2012-08-27,0.0343
2012-08-24,0.0344
2012-08-23,0.0344
2012-08-22,0.0344
2012-08-21,0.0345
2012-08-20,0.0345
2012-08-17,0.0345
2012-08-16,0.0346
2012-08-15,0.0346
2012-08-14,0.0346
2012-08-13,0.0347
2012-08-10,0.0347
2012-08-09,0.0347
2012-08-08,0.0348
2012-08-07,0.0348
2012-08-06,0.0348
2012-08-03,0.0349
2012-08-02,0.0349
2012-08-01,0.0349
2012-07-31,0.0350
2012-07-30,0.0350
2012-07-27,0.0350
2012-07-26,0.0351
2012-07-25,0.0351
2012-07-24,0.0351
2012-07-23,0.0352
2012-07-20,0.0352
2012-07-19,0.0352
2012-07-18,0.0353
2012-07-17,0.0353
2012-07-16,0.0354
2012-07-13,0.0354
2012-07-12,0.0354
2012-07-11,0.0355
2012-07-10,0.0355
2012-07-09,0.0356
2012-07-06,0.0356
2012-07-05,0.0356
2012-07-03,0.0357
2012-07-02,0.0357
2012-06-29,0.0357
2012-06-28,0.0358
2012-06-27,0.0358
2012-06-26,0.0359
2012-06-25,0.0359
2012-06-22,0.0359
2012-06-21,0.0360
2012-06-20,0.0360
2012-06-19,0.0360
2012-06-18,0.0360
2012-06-15,0.0361
2012-06-14,0.0361
2012-06-13,0.0361
2012-06-12,0.0361
2012-06-11,0.0362
2012-06-08,0.0362
2012-06-07,0.0362
2012-06-06,0.0362
2012-06-05,0.0362
2012-06-04,0.0362
2012-06-01,0.0362
2012-05-31,0.0361
2012-05-30,0.0361
2012-05-29,0.0361
2012-05-25,0.0360
2012-05-24,0.0360
2012-05-23,0.0359
2012-05-22,0.0358
2012-05-21,0.0358
2012-05-18,0.0357
2012-05-17,0.0356
2012-05-16,0.0355
2012-05-15,0.0354
2012-05-14,0.0353
2012-05-11,0.0352
2012-05-10,0.0351
2012-05-09,0.0350
2012-05-08,0.0349
2012-05-07,0.0348
2012-05-04,0.0346
2012-05-03,0.0345
2012-05-02,0.0344
2012-05-01,0.0343
2012-04-30,0.0342
2012-04-27,0.0341
2012-04-26,0.0340
2012-04-25,0.0339
2012-04-24,0.0338
2012-04-23,0.0337
2012-04-20,0.0336
2012-04-19,0.0335
2012-04-18,0.0334
2012-04-17,0.0333
2012-04-16,0.0332
2012-04-13,0.0331
2012-04-12,0.0330
2012-04-11,0.0329
2012-04-10,0.0328
2012-04-09,0.0327
2012-04-05,0.0326
2012-04-04,0.0324
2012-04-03,0.0323
2012-04-02,0.0322
2012-03-30,0.0321
2012-03-29,0.0319
2012-03-28,0.0318
2012-03-27,0.0317
2012-03-26,0.0316
2012-03-23,0.0314
2012-03-22,0.0313
2012-03-21,0.0312
2012-03-20,0.0311
2012-03-19,0.0309
2012-03-16,0.0308
2012-03-15,0.0307
2012-03-14,0.0306
2012-03-13,0.0305
2012-03-12,0.0304
2012-03-09,0.0303
2012-03-08,0.0301
2012-03-07,0.0300
2012-03-06,0.0299
2012-03-05,0.0298
2012-03-02,0.0297
2012-03-01,0.0296
2012-02-29,0.0295
2012-02-28,0.0294
2012-02-27,0.0293
2012-02-24,0.0292
2012-02-23,0.0291
2012-02-22,0.0290
2012-02-21,0.0289
2012-02-17,0.0289
2012-02-16,0.0288
2012-02-15,0.0287
2012-02-14,0.0287
2012-02-13,0.0286
2012-02-10,0.0286
2012-02-09,0.0285
2012-02-08,0.0285
2012-02-07,0.0285
2012-02-06,0.0284
2012-02-03,0.0284
2012-02-02,0.0284
2012-02-01,0.0284
2012-01-31,0.0284
2012-01-30,0.0284
2012-01-27,0.0285
2012-01-26,0.0285
2012-01-25,0.0285
2012-01-24,0.0285
2012-01-23,0.0286
2012-01-20,0.0287
2012-01-19,0.0287
2012-01-18,0.0288
2012-01-17,0.0289
2012-01-13,0.0290
2012-01-12,0.0291
2012-01-11,0.0292
2012-01-10,0.0293
2012-01-09,0.0295
2012-01-06,0.0296
2012-01-05,0.0298
2012-01-04,0.0299
2012-01-03,0.0301
2011-12-30,0.0303
2011-12-29,0.0305
2011-12-28,0.0307
2011-12-27,0.0310
2011-12-23,0.0312
2011-12-22,0.0314
2011-12-21,0.0317
2011-12-20,0.0320
2011-12-19,0.0323
2011-12-16,0.0326
2011-12-15,0.0329
2011-12-14,0.0332
2011-12-13,0.0335
2011-12-12,0.0339
2011-12-09,0.0342
2011-12-08,0.0346
2011-12-07,0.0349
2011-12-06,0.0353
2011-12-05,0.0357
2011-12-02,0.0361
2011-12-01,0.0365
2011-11-30,0.0369
2011-11-29,0.0374
2011-11-28,0.0378
2011-11-25,0.0383
2011-11-23,0.0387
2011-11-22,0.0392
2011-11-21,0.0396
2011-11-18,0.0401
2011-11-17,0.0405
2011-11-16,0.0410
2011-11-15,0.0415
2011-11-14,0.0419
2011-11-11,0.0424
2011-11-10,0.0429
2011-11-09,0.0434
2011-11-08,0.0439
2011-11-07,0.0444
2011-11-04,0.0449
2011-11-03,0.0455
2011-11-02,0.0460
2011-11-01,0.0465
2011-10-31,0.0470
2011-10-28,0.0476
2011-10-27,0.0481
2011-10-26,0.0486
2011-10-25,0.0492
2011-10-24,0.0498
2011-10-21,0.0503
2011-10-20,0.0509
2011-10-19,0.0514
2011-10-18,0.0520
2011-10-17,0.0526
2011-10-14,0.0531
2011-10-13,0.0537
2011-10-12,0.0543
2011-10-11,0.0548
2011-10-10,0.0554
2011-10-07,0.0560
2011-10-06,0.0565
2011-10-05,0.0571
2011-10-04,0.0577
2011-10-03,0.0582
2011-09-30,0.0588
2011-09-29,0.0593
2011-09-28,0.0599
2011-09-27,0.0604
2011-09-26,0.0609
2011-09-23,0.0614
2011-09-22,0.0620
2011-09-21,0.0625
2011-09-20,0.0630
2011-09-19,0.0635
2011-09-16,0.0639
2011-09-15,0.0644
2011-09-14,0.0649
2011-09-13,0.0654
2011-09-12,0.0659
2011-09-09,0.0663
2011-09-08,0.0668
2011-09-07,0.0672
2011-09-06,0.0677
2011-09-02,0.0681
2011-09-01,0.0686
2011-08-31,0.0690
2011-08-30,0.0694
2011-08-29,0.0698
2011-08-26,0.0703
2011-08-25,0.0707
2011-08-24,0.0711
2011-08-23,0.0715
2011-08-22,0.0719
2011-08-19,0.0722
2011-08-18,0.0726
2011-08-17,0.0729
2011-08-16,0.0732
2011-08-15,0.0735
2011-08-12,0.0738
2011-08-11,0.0741
2011-08-10,0.0744
2011-08-09,0.0746
2011-08-08,0.0748
2011-08-05,0.0750
2011-08-04,0.0752
2011-08-03,0.0753
2011-08-02,0.0755
2011-08-01,0.0756
2011-07-29,0.0757
2011-07-28,0.0758
2011-07-27,0.0759
2011-07-26,0.0760
2011-07-25,0.0761
2011-07-22,0.0762
2011-07-21,0.0762
2011-07-20,0.0763
2011-07-19,0.0764
2011-07-18,0.0764
2011-07-15,0.0765
2011-07-14,0.0765
2011-07-13,0.0765
2011-07-12,0.0765
2011-07-11,0.0766
2011-07-08,0.0766
2011-07-07,0.0766
2011-07-06,0.0766
2011-07-05,0.0766
2011-07-01,0.0766
2011-06-30,0.0766
2011-06-29,0.0765
2011-06-28,0.0765
2011-06-27,0.0765
2011-06-24,0.0765
2011-06-23,0.0764
2011-06-22,0.0764
2011-06-21,0.0764
2011-06-20,0.0763
2011-06-17,0.0762
2011-06-16,0.0762
2011-06-15,0.0761
2011-06-14,0.0760
2011-06-13,0.0759
2011-06-10,0.0759
2011-06-09,0.0758
2011-06-08,0.0757
2011-06-07,0.0756
2011-06-06,0.0755
2011-06-03,0.0753
2011-06-02,0.0752
2011-06-01,0.0751
2011-05-31,0.0750
2011-05-27,0.0749
2011-05-26,0.0747
2011-05-25,0.0746
2011-05-24,0.0745
2011-05-23,0.0744
2011-05-20,0.0742
2011-05-19,0.0741
2011-05-18,0.0740
2011-05-17,0.0739
2011-05-16,0.0738
2011-05-13,0.0736
2011-05-12,0.0735
2011-05-11,0.0734
2011-05-10,0.0733
2011-05-09,0.0732
2011-05-06,0.0732
2011-05-05,0.0731
2011-05-04,0.0730
2011-05-03,0.0729
2011-05-02,0.0729
2011-04-29,0.0728
2011-04-28,0.0728
2011-04-27,0.0728
2011-04-26,0.0727
2011-04-25,0.0727
2011-04-21,0.0727
2011-04-20,0.0727
2011-04-19,0.0727
2011-04-18,0.0727
2011-04-15,0.0727
2011-04-14,0.0727
2011-04-13,0.0727
2011-04-12,0.0727
2011-04-11,0.0727
2011-04-08,0.0727
2011-04-07,0.0727
2011-04-06,0.0727
2011-04-05,0.0727
2011-04-04,0.0727
2011-04-01,0.0727
2011-03-31,0.0727
2011-03-30,0.0727
2011-03-29,0.0727
2011-03-28,0.0728
2011-03-25,0.0728
2011-03-24,0.0728
2011-03-23,0.0728
2011-03-22,0.0729
2011-03-21,0.0729
2011-03-18,0.0729
2011-03-17,0.0730
2011-03-16,0.0730
2011-03-15,0.0730
2011-03-14,0.0731
2011-03-11,0.0731
2011-03-10,0.0731
2011-03-09,0.0731
2011-03-08,0.0732
2011-03-07,0.0732
2011-03-04,0.0732
2011-03-03,0.0732
2011-03-02,0.0733
2011-03-01,0.0733
2011-02-28,0.0733
2011-02-25,0.0733
2011-02-24,0.0734
2011-02-23,0.0734
2011-02-22,0.0734
2011-02-18,0.0735
2011-02-17,0.0735
2011-02-16,0.0735
2011-02-15,0.0736
2011-02-14,0.0736
2011-02-11,0.0737
2011-02-10,0.0737
2011-02-09,0.0738
2011-02-08,0.0739
2011-02-07,0.0739
2011-02-04,0.0740
2011-02-03,0.0741
2011-02-02,0.0742
2011-02-01,0.0742
2011-01-31,0.0743
2011-01-28,0.0744
2011-01-27,0.0745
2011-01-26,0.0746
2011-01-25,0.0747
2011-01-24,0.0748
2011-01-21,0.0749
2011-01-20,0.0750
2011-01-19,0.0751
2011-01-18,0.0753
2011-01-14,0.0754
2011-01-13,0.0755
2011-01-12,0.0757
2011-01-11,0.0758
2011-01-10,0.0760
2011-01-07,0.0761
2011-01-06,0.0763
2011-01-05,0.0764
2011-01-04,0.0766
2011-01-03,0.0767
2010-12-31,0.0769
2010-12-30,0.0770
2010-12-29,0.0772
2010-12-28,0.0773
2010-12-27,0.0775
2010-12-23,0.0776
2010-12-22,0.0778
2010-12-21,0.0779
2010-12-20,0.0780
2010-12-17,0.0781
2010-12-16,0.0782
2010-12-15,0.0784
2010-12-14,0.0785
2010-12-13,0.0785
2010-12-10,0.0786
2010-12-09,0.0787
2010-12-08,0.0788
2010-12-07,0.0788
2010-12-06,0.0789
2010-12-03,0.0789
2010-12-02,0.0790
2010-12-01,0.0790
2010-11-30,0.0791
2010-11-29,0.0791
2010-11-26,0.0791
2010-11-24,0.0791
2010-11-23,0.0792
2010-11-22,0.0792
2010-11-19,0.0791
2010-11-18,0.0791
2010-11-17,0.0791
2010-11-16,0.0791
2010-11-15,0.0790
2010-11-12,0.0790
2010-11-11,0.0789
2010-11-10,0.0788
2010-11-09,0.0787
2010-11-08,0.0786
2010-11-05,0.0785
2010-11-04,0.0784
2010-11-03,0.0783
2010-11-02,0.0782
2010-11-01,0.0781
2010-10-29,0.0780
2010-10-28,0.0779
2010-10-27,0.0778
2010-10-26,0.0777
2010-10-25,0.0776
2010-10-22,0.0775
2010-10-21,0.0774
2010-10-20,0.0773
2010-10-19,0.0772
2010-10-18,0.0771
2010-10-15,0.0770
2010-10-14,0.0769
2010-10-13,0.0769
2010-10-12,0.0768
2010-10-11,0.0767
2010-10-08,0.0766
2010-10-07,0.0766
2010-10-06,0.0765
2010-10-05,0.0764
2010-10-04,0.0764
2010-10-01,0.0763
2010-09-30,0.0763
2010-09-29,0.0762
2010-09-28,0.0761
2010-09-27,0.0760
2010-09-24,0.0759
2010-09-23,0.0759
2010-09-22,0.0758
2010-09-21,0.0756
2010-09-20,0.0755
2010-09-17,0.0754
2010-09-16,0.0753
2010-09-15,0.0751
2010-09-14,0.0750
2010-09-13,0.0748
2010-09-10,0.0746
2010-09-09,0.0744
2010-09-08,0.0742
2010-09-07,0.0740
2010-09-03,0.0738
2010-09-02,0.0735
2010-09-01,0.0733
2010-08-31,0.0730
2010-08-30,0.0728
2010-08-27,0.0725
2010-08-26,0.0722
2010-08-25,0.0718
2010-08-24,0.0715
2010-08-23,0.0712
2010-08-20,0.0708
2010-08-19,0.0704
2010-08-18,0.0700
2010-08-17,0.0696
2010-08-16,0.0692
2010-08-13,0.0687
2010-08-12,0.0683
2010-08-11,0.0678
2010-08-10,0.0673
2010-08-09,0.0669
2010-08-06,0.0664
2010-08-05,0.0659
2010-08-04,0.0654
2010-08-03,0.0649
2010-08-02,0.0643
2010-07-30,0.0638
2010-07-29,0.0633
2010-07-28,0.0628
2010-07-27,0.0622
2010-07-26,0.0617
2010-07-23,0.0611
2010-07-22,0.0606
2010-07-21,0.0600
2010-07-20,0.0594
2010-07-19,0.0589
2010-07-16,0.0582
2010-07-15,0.0576
2010-07-14,0.0570
2010-07-13,0.0563
2010-07-12,0.0557
2010-07-09,0.0550
2010-07-08,0.0543
2010-07-07,0.0535
2010-07-06,0.0528
2010-07-02,0.0521
2010-07-01,0.0513
2010-06-30,0.0505
2010-06-29,0.0497
2010-06-28,0.0488
2010-06-25,0.0480
2010-06-24,0.0471
2010-06-23,0.0462
2010-06-22,0.0453
2010-06-21,0.0444
2010-06-18,0.0435
2010-06-17,0.0426
2010-06-16,0.0417
2010-06-15,0.0407
2010-06-14,0.0397
2010-06-11,0.0388
2010-06-10,0.0378
2010-06-09,0.0368
2010-06-08,0.0357
2010-06-07,0.0347
2010-06-04,0.0336
2010-06-03,0.0325
2010-06-02,0.0314
2010-06-01,0.0302
2010-05-28,0.0291
2010-05-27,0.0279
2010-05-26,0.0267
2010-05-25,0.0254
2010-05-24,0.0242
2010-05-21,0.0229
2010-05-20,0.0216
2010-05-19,0.0203
2010-05-18,0.0189
2010-05-17,0.0176
2010-05-14,0.0162
2010-05-13,0.0148
2010-05-12,0.0134
2010-05-11,0.0120
2010-05-10,0.0106
2010-05-07,0.0092
2010-05-06,0.0077
2010-05-05,0.0063
2010-05-04,0.0048
2010-05-03,0.0034
2010-04-30,0.0019
2010-04-29,0.0005
2010-04-28,-0.0010
2010-04-27,-0.0025
2010-04-26,-0.0039
2010-04-23,-0.0054
2010-04-22,-0.0069
2010-04-21,-0.0083
2010-04-20,-0.0098
2010-04-19,-0.0113
2010-04-16,-0.0127
2010-04-15,-0.0142
2010-04-14,-0.0156
2010-04-13,-0.0171
2010-04-12,-0.0185
2010-04-09,-0.0200
2010-04-08,-0.0215
2010-04-07,-0.0229
2010-04-06,-0.0244
2010-04-05,-0.0258
2010-04-01,-0.0272
2010-03-31,-0.0287
2010-03-30,-0.0301
2010-03-29,-0.0315
2010-03-26,-0.0329
2010-03-25,-0.0343
2010-03-24,-0.0357
2010-03-23,-0.0370
2010-03-22,-0.0384
2010-03-19,-0.0397
2010-03-18,-0.0411
2010-03-17,-0.0424
2010-03-16,-0.0437
2010-03-15,-0.0450
2010-03-12,-0.0463
2010-03-11,-0.0476
2010-03-10,-0.0489
2010-03-09,-0.0502
2010-03-08,-0.0514
2010-03-05,-0.0527
2010-03-04,-0.0539
2010-03-03,-0.0551
2010-03-02,-0.0563
2010-03-01,-0.0575
2010-02-26,-0.0587
2010-02-25,-0.0599
2010-02-24,-0.0611
2010-02-23,-0.0623
2010-02-22,-0.0635
2010-02-19,-0.0647
2010-02-18,-0.0659
2010-02-17,-0.0670
2010-02-16,-0.0682
2010-02-12,-0.0693
2010-02-11,-0.0705
2010-02-10,-0.0716
2010-02-09,-0.0728
2010-02-08,-0.0739
2010-02-05,-0.0751
2010-02-04,-0.0762
2010-02-03,-0.0774
2010-02-02,-0.0785
2010-02-01,-0.0797
2010-01-29,-0.0808
2010-01-28,-0.0819
2010-01-27,-0.0830
2010-01-26,-0.0841
2010-01-25,-0.0852
2010-01-22,-0.0863
2010-01-21,-0.0874
2010-01-20,-0.0885
2010-01-19,-0.0896
2010-01-15,-0.0907
2010-01-14,-0.0918
2010-01-13,-0.0928
2010-01-12,-0.0939
2010-01-11,-0.0949
2010-01-08,-0.0959
2010-01-07,-0.0970
2010-01-06,-0.0980
2010-01-05,-0.0990
2010-01-04,-0.0999
2009-12-31,-0.1009
2009-12-30,-0.1019
2009-12-29,-0.1029
2009-12-28,-0.1038
2009-12-24,-0.1048
2009-12-23,-0.1057
2009-12-22,-0.1067
2009-12-21,-0.1076
2009-12-18,-0.1086
2009-12-17,-0.1095
2009-12-16,-0.1105
2009-12-15,-0.1114
2009-12-14,-0.1123
2009-12-11,-0.1132
2009-12-10,-0.1142
2009-12-09,-0.1151
2009-12-08,-0.1160
2009-12-07,-0.1169
2009-12-04,-0.1177
2009-12-03,-0.1186
2009-12-02,-0.1195
2009-12-01,-0.1204
2009-11-30,-0.1212
2009-11-27,-0.1221
2009-11-25,-0.1229
2009-11-24,-0.1237
2009-11-23,-0.1246
2009-11-20,-0.1254
2009-11-19,-0.1262
2009-11-18,-0.1271
2009-11-17,-0.1279
2009-11-16,-0.1287
2009-11-13,-0.1295
2009-11-12,-0.1303
2009-11-11,-0.1311
2009-11-10,-0.1319
2009-11-09,-0.1327
2009-11-06,-0.1335
2009-11-05,-0.1342
2009-11-04,-0.1350
2009-11-03,-0.1358
2009-11-02,-0.1366
2009-10-30,-0.1373
2009-10-29,-0.1381
2009-10-28,-0.1389
2009-10-27,-0.1397
2009-10-26,-0.1405
2009-10-23,-0.1412
2009-10-22,-0.1420
2009-10-21,-0.1428
2009-10-20,-0.1436
2009-10-19,-0.1443
2009-10-16,-0.1451
2009-10-15,-0.1458
2009-10-14,-0.1466
2009-10-13,-0.1473
2009-10-12,-0.1480
2009-10-09,-0.1488
2009-10-08,-0.1495
2009-10-07,-0.1502
2009-10-06,-0.1509
2009-10-05,-0.1515
2009-10-02,-0.1522
2009-10-01,-0.1529
2009-09-30,-0.1535
2009-09-29,-0.1542
2009-09-28,-0.1548
2009-09-25,-0.1554
2009-09-24,-0.1560
2009-09-23,-0.1566
2009-09-22,-0.1571
2009-09-21,-0.1577
2009-09-18,-0.1582
2009-09-17,-0.1588
2009-09-16,-0.1593
2009-09-15,-0.1598
2009-09-14,-0.1603
2009-09-11,-0.1607
2009-09-10,-0.1612
2009-09-09,-0.1616
2009-09-08,-0.1620
2009-09-04,-0.1625
2009-09-03,-0.1629
2009-09-02,-0.1633
2009-09-01,-0.1636
2009-08-31,-0.1640
2009-08-28,-0.1644
2009-08-27,-0.1647
2009-08-26,-0.1650
2009-08-25,-0.1653
2009-08-24,-0.1656
2009-08-21,-0.1659
2009-08-20,-0.1662
2009-08-19,-0.1664
2009-08-18,-0.1667
2009-08-17,-0.1669
2009-08-14,-0.1672
2009-08-13,-0.1674
2009-08-12,-0.1676
2009-08-11,-0.1679
2009-08-10,-0.1681
2009-08-07,-0.1683
2009-08-06,-0.1685
2009-08-05,-0.1686
2009-08-04,-0.1688
2009-08-03,-0.1690
2009-07-31,-0.1691
2009-07-30,-0.1692
2009-07-29,-0.1694
2009-07-28,-0.1695
2009-07-27,-0.1696
2009-07-24,-0.1697
2009-07-23,-0.1699
2009-07-22,-0.1700
2009-07-21,-0.1701
2009-07-20,-0.1702
2009-07-17,-0.1702
2009-07-16,-0.1703
2009-07-15,-0.1704
2009-07-14,-0.1705
2009-07-13,-0.1705
2009-07-10,-0.1706
2009-07-09,-0.1707
2009-07-08,-0.1707
2009-07-07,-0.1708
2009-07-06,-0.1709
2009-07-02,-0.1709
2009-07-01,-0.1710
2009-06-30,-0.1710
2009-06-29,-0.1711
2009-06-26,-0.1711
2009-06-25,-0.1712
2009-06-24,-0.1712
2009-06-23,-0.1712
2009-06-22,-0.1712
2009-06-19,-0.1713
2009-06-18,-0.1713
2009-06-17,-0.1712
2009-06-16,-0.1712
2009-06-15,-0.1712
2009-06-12,-0.1711
2009-06-11,-0.1710
2009-06-10,-0.1709
2009-06-09,-0.1708
2009-06-08,-0.1707
2009-06-05,-0.1705
2009-06-04,-0.1703
2009-06-03,-0.1701
2009-06-02,-0.1699
2009-06-01,-0.1696
2009-05-29,-0.1693
2009-05-28,-0.1690
2009-05-27,-0.1687
2009-05-26,-0.1684
2009-05-22,-0.1681
2009-05-21,-0.1677
2009-05-20,-0.1674
2009-05-19,-0.1670
2009-05-18,-0.1666
2009-05-15,-0.1662
2009-05-14,-0.1658
2009-05-13,-0.1653
2009-05-12,-0.1649
2009-05-11,-0.1644
2009-05-08,-0.1639
2009-05-07,-0.1634
2009-05-06,-0.1629
2009-05-05,-0.1624
2009-05-04,-0.1618
2009-05-01,-0.1612
2009-04-30,-0.1607
2009-04-29,-0.1601
2009-04-28,-0.1595
2009-04-27,-0.1588
2009-04-24,-0.1582
2009-04-23,-0.1576
2009-04-22,-0.1569
2009-04-21,-0.1563
2009-04-20,-0.1556
2009-04-17,-0.1549
2009-04-16,-0.1543
2009-04-15,-0.1536
2009-04-14,-0.1529
2009-04-13,-0.1522
2009-04-09,-0.1515
2009-04-08,-0.1508
2009-04-07,-0.1500
2009-04-06,-0.1493
2009-04-03,-0.1486
2009-04-02,-0.1478
2009-04-01,-0.1470
2009-03-31,-0.1463
2009-03-30,-0.1455
2009-03-27,-0.1447
2009-03-26,-0.1439
2009-03-25,-0.1432
2009-03-24,-0.1424
2009-03-23,-0.1415
2009-03-20,-0.1407
2009-03-19,-0.1399
2009-03-18,-0.1391
2009-03-17,-0.1383
2009-03-16,-0.1375
2009-03-13,-0.1366
2009-03-12,-0.1358
2009-03-11,-0.1350
2009-03-10,-0.1342
2009-03-09,-0.1333
2009-03-06,-0.1325
2009-03-05,-0.1317
2009-03-04,-0.1309
2009-03-03,-0.1301
2009-03-02,-0.1293
2009-02-27,-0.1285
2009-02-26,-0.1277
2009-02-25,-0.1269
2009-02-24,-0.1261
2009-02-23,-0.1253
2009-02-20,-0.1245
2009-02-19,-0.1237
2009-02-18,-0.1230
2009-02-17,-0.1222
2009-02-13,-0.1214
2009-02-12,-0.1206
2009-02-11,-0.1198
2009-02-10,-0.1190
2009-02-09,-0.1182
2009-02-06,-0.1174
2009-02-05,-0.1166
2009-02-04,-0.1158
2009-02-03,-0.1150
2009-02-02,-0.1141
2009-01-30,-0.1133
2009-01-29,-0.1124
2009-01-28,-0.1116
2009-01-27,-0.1107
2009-01-26,-0.1099
2009-01-23,-0.1090
2009-01-22,-0.1081
2009-01-21,-0.1073
2009-01-20,-0.1064
2009-01-16,-0.1055
2009-01-15,-0.1046
2009-01-14,-0.1037
2009-01-13,-0.1028
2009-01-12,-0.1019
2009-01-09,-0.1010
2009-01-08,-0.1001
2009-01-07,-0.0992
2009-01-06,-0.0982
2009-01-05,-0.0973
2009-01-02,-0.0964
2008-12-31,-0.0954
2008-12-30,-0.0945
2008-12-29,-0.0935
2008-12-26,-0.0925
2008-12-24,-0.0916
2008-12-23,-0.0906
2008-12-22,-0.0896
2008-12-19,-0.0886
2008-12-18,-0.0877
2008-12-17,-0.0867
2008-12-16,-0.0857
2008-12-15,-0.0848
2008-12-12,-0.0838
2008-12-11,-0.0828
2008-12-10,-0.0818
2008-12-09,-0.0809
2008-12-08,-0.0799
2008-12-05,-0.0789
2008-12-04,-0.0780
2008-12-03,-0.0770
2008-12-02,-0.0761
2008-12-01,-0.0751
2008-11-28,-0.0741
2008-11-26,-0.0732
2008-11-25,-0.0723
2008-11-24,-0.0713
2008-11-21,-0.0704
2008-11-20,-0.0694
2008-11-19,-0.0685
2008-11-18,-0.0676
2008-11-17,-0.0667
2008-11-14,-0.0658
2008-11-13,-0.0649
2008-11-12,-0.0640
2008-11-11,-0.0632
2008-11-10,-0.0623
2008-11-07,-0.0614
2008-11-06,-0.0606
2008-11-05,-0.0597
2008-11-04,-0.0589
2008-11-03,-0.0580
2008-10-31,-0.0571
2008-10-30,-0.0563
2008-10-29,-0.0554
2008-10-28,-0.0546
2008-10-27,-0.0537
2008-10-24,-0.0528
2008-10-23,-0.0520
2008-10-22,-0.0512
2008-10-21,-0.0503
2008-10-20,-0.0495
2008-10-17,-0.0487
2008-10-16,-0.0479
2008-10-15,-0.0471
2008-10-14,-0.0463
2008-10-13,-0.0455
2008-10-10,-0.0448
2008-10-09,-0.0440
2008-10-08,-0.0433
2008-10-07,-0.0426
2008-10-06,-0.0419
2008-10-03,-0.0412
2008-10-02,-0.0405
2008-10-01,-0.0398
2008-09-30,-0.0391
2008-09-29,-0.0384
2008-09-26,-0.0378
2008-09-25,-0.0371
2008-09-24,-0.0364
2008-09-23,-0.0358
2008-09-22,-0.0351
2008-09-19,-0.0344
2008-09-18,-0.0338
2008-09-17,-0.0331
2008-09-16,-0.0325
2008-09-15,-0.0319
2008-09-12,-0.0312
2008-09-11,-0.0306
2008-09-10,-0.0299
2008-09-09,-0.0293
2008-09-08,-0.0286
2008-09-05,-0.0280
2008-09-04,-0.0273
2008-09-03,-0.0267
2008-09-02,-0.0260
2008-08-29,-0.0254
2008-08-28,-0.0247
2008-08-27,-0.0241
2008-08-26,-0.0234
2008-08-25,-0.0227
2008-08-22,-0.0221
2008-08-21,-0.0214
2008-08-20,-0.0207
2008-08-19,-0.0201
2008-08-18,-0.0194
2008-08-15,-0.0188
2008-08-14,-0.0181
2008-08-13,-0.0174
2008-08-12,-0.0168
2008-08-11,-0.0161
2008-08-08,-0.0154
2008-08-07,-0.0148
2008-08-06,-0.0141
2008-08-05,-0.0135
2008-08-04,-0.0128
2008-08-01,-0.0121
2008-07-31,-0.0115
2008-07-30,-0.0108
2008-07-29,-0.0102
2008-07-28,-0.0095
2008-07-25,-0.0089
2008-07-24,-0.0083
2008-07-23,-0.0076
2008-07-22,-0.0070
2008-07-21,-0.0064
2008-07-18,-0.0058
2008-07-17,-0.0052
2008-07-16,-0.0046
2008-07-15,-0.0040
2008-07-14,-0.0034
2008-07-11,-0.0028
2008-07-10,-0.0022
2008-07-09,-0.0016
2008-07-08,-0.0011
2008-07-07,-0.0005
2008-07-03,0.0001
2008-07-02,0.0006
2008-07-01,0.0012
2008-06-30,0.0017
2008-06-27,0.0022
2008-06-26,0.0027
2008-06-25,0.0032
2008-06-24,0.0037
2008-06-23,0.0042
2008-06-20,0.0047
2008-06-19,0.0051
2008-06-18,0.0056
2008-06-17,0.0061
2008-06-16,0.0066
2008-06-13,0.0071
2008-06-12,0.0076
2008-06-11,0.0080
2008-06-10,0.0085
2008-06-09,0.0090
2008-06-06,0.0095
2008-06-05,0.0099
2008-06-04,0.0104
2008-06-03,0.0109
2008-06-02,0.0113
2008-05-30,0.0118
2008-05-29,0.0123
2008-05-28,0.0127
2008-05-27,0.0132
2008-05-23,0.0137
2008-05-22,0.0142
2008-05-21,0.0147
2008-05-20,0.0152
2008-05-19,0.0157
2008-05-16,0.0162
2008-05-15,0.0168
2008-05-14,0.0173
2008-05-13,0.0178
2008-05-12,0.0184
2008-05-09,0.0190
2008-05-08,0.0195
2008-05-07,0.0201
2008-05-06,0.0207
2008-05-05,0.0213
2008-05-02,0.0219
2008-05-01,0.0226
2008-04-30,0.0232
2008-04-29,0.0239
2008-04-28,0.0245
2008-04-25,0.0252
2008-04-24,0.0259
2008-04-23,0.0266
2008-04-22,0.0273
2008-04-21,0.0280
2008-04-18,0.0287
2008-04-17,0.0294
2008-04-16,0.0302
2008-04-15,0.0309
2008-04-14,0.0316
2008-04-11,0.0324
2008-04-10,0.0331
2008-04-09,0.0338
2008-04-08,0.0346
2008-04-07,0.0353
2008-04-04,0.0361
2008-04-03,0.0368
2008-04-02,0.0375
2008-04-01,0.0383
2008-03-31,0.0390
2008-03-28,0.0397
2008-03-27,0.0405
2008-03-26,0.0412
2008-03-25,0.0419
2008-03-24,0.0426
2008-03-20,0.0434
2008-03-19,0.0441
2008-03-18,0.0448
2008-03-17,0.0455
2008-03-14,0.0462
2008-03-13,0.0469
2008-03-12,0.0476
2008-03-11,0.0483
2008-03-10,0.0490
2008-03-07,0.0496
2008-03-06,0.0503
2008-03-05,0.0510
2008-03-04,0.0516
2008-03-03,0.0523
2008-02-29,0.0529
2008-02-28,0.0536
2008-02-27,0.0542
2008-02-26,0.0549
2008-02-25,0.0555
2008-02-22,0.0562
2008-02-21,0.0569
2008-02-20,0.0575
2008-02-19,0.0582
2008-02-15,0.0588
2008-02-14,0.0595
2008-02-13,0.0602
2008-02-12,0.0608
2008-02-11,0.0615
2008-02-08,0.0622
2008-02-07,0.0628
2008-02-06,0.0635
2008-02-05,0.0642
2008-02-04,0.0648
2008-02-01,0.0655
2008-01-31,0.0661
2008-01-30,0.0668
2008-01-29,0.0674
2008-01-28,0.0680
2008-01-25,0.0687
2008-01-24,0.0693
2008-01-23,0.0699
2008-01-22,0.0705
2008-01-18,0.0711
2008-01-17,0.0717
2008-01-16,0.0722
2008-01-15,0.0728
2008-01-14,0.0733
2008-01-11,0.0739
2008-01-10,0.0744
2008-01-09,0.0749
2008-01-08,0.0754
2008-01-07,0.0759
2008-01-04,0.0763
2008-01-03,0.0768
2008-01-02,0.0772
2007-12-31,0.0777
2007-12-28,0.0781
2007-12-27,0.0786
2007-12-26,0.0790
2007-12-24,0.0794
2007-12-21,0.0798
2007-12-20,0.0802
2007-12-19,0.0806
2007-12-18,0.0810
2007-12-17,0.0814
2007-12-14,0.0818
2007-12-13,0.0822
2007-12-12,0.0826
2007-12-11,0.0829
2007-12-10,0.0833
2007-12-07,0.0836
2007-12-06,0.0839
2007-12-05,0.0842
2007-12-04,0.0846
2007-12-03,0.0849
2007-11-30,0.0852
2007-11-29,0.0855
2007-11-28,0.0858
2007-11-27,0.0861
2007-11-26,0.0864
2007-11-23,0.0867
2007-11-21,0.0869
2007-11-20,0.0872
2007-11-19,0.0874
2007-11-16,0.0877
2007-11-15,0.0879
2007-11-14,0.0881
2007-11-13,0.0883
2007-11-12,0.0885
2007-11-09,0.0887
2007-11-08,0.0889
2007-11-07,0.0890
2007-11-06,0.0892
2007-11-05,0.0893
2007-11-02,0.0895
2007-11-01,0.0896
2007-10-31,0.0898
2007-10-30,0.0899
2007-10-29,0.0901
2007-10-26,0.0902
2007-10-25,0.0903
2007-10-24,0.0905
2007-10-23,0.0906
2007-10-22,0.0907
2007-10-19,0.0908
2007-10-18,0.0909
2007-10-17,0.0910
2007-10-16,0.0910
2007-10-15,0.0911
2007-10-12,0.0912
2007-10-11,0.0912
2007-10-10,0.0913
2007-10-09,0.0913
2007-10-08,0.0913
2007-10-05,0.0913
2007-10-04,0.0914
2007-10-03,0.0914
2007-10-02,0.0914
2007-10-01,0.0914
2007-09-28,0.0915
2007-09-27,0.0915
2007-09-26,0.0915
2007-09-25,0.0916
2007-09-24,0.0916
2007-09-21,0.0917
2007-09-20,0.0918
2007-09-19,0.0918
2007-09-18,0.0919
2007-09-17,0.0919
2007-09-14,0.0920
2007-09-13,0.0920
2007-09-12,0.0921
2007-09-11,0.0921
2007-09-10,0.0922
2007-09-07,0.0922
2007-09-06,0.0922
2007-09-05,0.0923
2007-09-04,0.0923
2007-08-31,0.0923
2007-08-30,0.0923
2007-08-29,0.0923
2007-08-28,0.0923
2007-08-27,0.0923
2007-08-24,0.0923
2007-08-23,0.0922
2007-08-22,0.0922
2007-08-21,0.0922
2007-08-20,0.0921
2007-08-17,0.0921
2007-08-16,0.0920
2007-08-15,0.0920
2007-08-14,0.0919
2007-08-13,0.0918
2007-08-10,0.0917
2007-08-09,0.0916
2007-08-08,0.0915
2007-08-07,0.0914
2007-08-06,0.0913
2007-08-03,0.0912
2007-08-02,0.0911
2007-08-01,0.0910
2007-07-31,0.0910
2007-07-30,0.0909
2007-07-27,0.0908
2007-07-26,0.0907
2007-07-25,0.0906
2007-07-24,0.0906
2007-07-23,0.0905
2007-07-20,0.0905
2007-07-19,0.0904
2007-07-18,0.0904
2007-07-17,0.0903
2007-07-16,0.0903
2007-07-13,0.0903
2007-07-12,0.0902
2007-07-11,0.0902
2007-07-10,0.0902
2007-07-09,0.0902
2007-07-06,0.0902
2007-07-05,0.0902
2007-07-03,0.0902
2007-07-02,0.0901
2007-06-29,0.0901
2007-06-28,0.0901
2007-06-27,0.0901
2007-06-26,0.0901
2007-06-25,0.0901
2007-06-22,0.0901
2007-06-21,0.0900
2007-06-20,0.0900
2007-06-19,0.0900
2007-06-18,0.0900
2007-06-15,0.0899
2007-06-14,0.0899
2007-06-13,0.0899
2007-06-12,0.0898
2007-06-11,0.0898
2007-06-08,0.0898
2007-06-07,0.0898
2007-06-06,0.0898
2007-06-05,0.0898
2007-06-04,0.0897
2007-06-01,0.0897
2007-05-31,0.0897
2007-05-30,0.0897
2007-05-29,0.0898
2007-05-25,0.0898
2007-05-24,0.0898
2007-05-23,0.0898
2007-05-22,0.0899
2007-05-21,0.0899
2007-05-18,0.0899
2007-05-17,0.0900
2007-05-16,0.0900
2007-05-15,0.0901
2007-05-14,0.0901
2007-05-11,0.0902
2007-05-10,0.0903
2007-05-09,0.0903
2007-05-08,0.0904
2007-05-07,0.0904
2007-05-04,0.0905
2007-05-03,0.0906
2007-05-02,0.0906
2007-05-01,0.0907
2007-04-30,0.0908
2007-04-27,0.0909
2007-04-26,0.0909
2007-04-25,0.0910
2007-04-24,0.0911
2007-04-23,0.0912
2007-04-20,0.0912
2007-04-19,0.0913
2007-04-18,0.0914
2007-04-17,0.0915
2007-04-16,0.0916
2007-04-13,0.0917
2007-04-12,0.0918
2007-04-11,0.0919
2007-04-10,0.0920
2007-04-09,0.0921
2007-04-05,0.0922
2007-04-04,0.0922
2007-04-03,0.0923
2007-04-02,0.0924
2007-03-30,0.0925
2007-03-29,0.0926
2007-03-28,0.0927
2007-03-27,0.0927
2007-03-26,0.0928
2007-03-23,0.0929
2007-03-22,0.0930
2007-03-21,0.0931
2007-03-20,0.0931
2007-03-19,0.0932
2007-03-16,0.0933
2007-03-15,0.0934
2007-03-14,0.0934
2007-03-13,0.0935
2007-03-12,0.0936
2007-03-09,0.0937
2007-03-08,0.0937
2007-03-07,0.0938
2007-03-06,0.0939
2007-03-05,0.0940
2007-03-02,0.0940
2007-03-01,0.0941
2007-02-28,0.0942
2007-02-27,0.0942
2007-02-26,0.0943
2007-02-23,0.0943
2007-02-22,0.0944
2007-02-21,0.0944
2007-02-20,0.0945
2007-02-16,0.0945
2007-02-15,0.0946
2007-02-14,0.0946
2007-02-13,0.0947
2007-02-12,0.0948
2007-02-09,0.0948
2007-02-08,0.0949
2007-02-07,0.0949
2007-02-06,0.0950
2007-02-05,0.0951
2007-02-02,0.0951
2007-02-01,0.0952
2007-01-31,0.0953
2007-01-30,0.0954
2007-01-29,0.0954
2007-01-26,0.0955
2007-01-25,0.0956
2007-01-24,0.0956
2007-01-23,0.0957
2007-01-22,0.0958
2007-01-19,0.0958
2007-01-18,0.0959
2007-01-17,0.0959
2007-01-16,0.0960
2007-01-12,0.0960
2007-01-11,0.0961
2007-01-10,0.0961
2007-01-09,0.0962
2007-01-08,0.0962
2007-01-05,0.0963
2007-01-04,0.0963
2007-01-03,0.0964
2006-12-29,0.0965
2006-12-28,0.0965
2006-12-27,0.0966
2006-12-26,0.0966
2006-12-22,0.0967
2006-12-21,0.0968
2006-12-20,0.0969
2006-12-19,0.0969
2006-12-18,0.0970
2006-12-15,0.0971
2006-12-14,0.0972
2006-12-13,0.0973
2006-12-12,0.0974
2006-12-11,0.0975
2006-12-08,0.0977
2006-12-07,0.0978
2006-12-06,0.0979
2006-12-05,0.0981
2006-12-04,0.0982
2006-12-01,0.0984
2006-11-30,0.0986
2006-11-29,0.0987
2006-11-28,0.0989
2006-11-27,0.0991
2006-11-24,0.0993
2006-11-22,0.0995
2006-11-21,0.0997
2006-11-20,0.1000
2006-11-17,0.1002
2006-11-16,0.1005
2006-11-15,0.1007
2006-11-14,0.1010
2006-11-13,0.1013
2006-11-10,0.1016
2006-11-09,0.1019
2006-11-08,0.1022
2006-11-07,0.1025
2006-11-06,0.1028
2006-11-03,0.1032
2006-11-02,0.1035
2006-11-01,0.1038
2006-10-31,0.1041
2006-10-30,0.1045
2006-10-27,0.1048
2006-10-26,0.1051
2006-10-25,0.1054
2006-10-24,0.1057
2006-10-23,0.1061
2006-10-20,0.1064
2006-10-19,0.1067
2006-10-18,0.1070
2006-10-17,0.1074
2006-10-16,0.1077
2006-10-13,0.1081
2006-10-12,0.1084
2006-10-11,0.1088
2006-10-10,0.1091
2006-10-09,0.1095
2006-10-06,0.1098
2006-10-05,0.1102
2006-10-04,0.1106
2006-10-03,0.1110
2006-10-02,0.1113
2006-09-29,0.1117
2006-09-28,0.1121
2006-09-27,0.1125
2006-09-26,0.1129
2006-09-25,0.1133
2006-09-22,0.1137
2006-09-21,0.1141
2006-09-20,0.1145
2006-09-19,0.1149
2006-09-18,0.1153
2006-09-15,0.1156
2006-09-14,0.1160
2006-09-13,0.1164
2006-09-12,0.1167
2006-09-11,0.1171
2006-09-08,0.1174
2006-09-07,0.1177
2006-09-06,0.1181
2006-09-05,0.1184
2006-09-01,0.1187
2006-08-31,0.1190
2006-08-30,0.1192
2006-08-29,0.1195
2006-08-28,0.1198
2006-08-25,0.1200
2006-08-24,0.1202
2006-08-23,0.1205
2006-08-22,0.1207
2006-08-21,0.1209
2006-08-18,0.1211
2006-08-17,0.1212
2006-08-16,0.1214
2006-08-15,0.1216
2006-08-14,0.1217
2006-08-11,0.1219
2006-08-10,0.1220
2006-08-09,0.1221
2006-08-08,0.1222
2006-08-07,0.1223
2006-08-04,0.1224
2006-08-03,0.1225
2006-08-02,0.1226
2006-08-01,0.1227
2006-07-31,0.1227
2006-07-28,0.1228
2006-07-27,0.1228
2006-07-26,0.1228
2006-07-25,0.1228
2006-07-24,0.1228
2006-07-21,0.1228
2006-07-20,0.1228
2006-07-19,0.1228
2006-07-18,0.1228
2006-07-17,0.1227
2006-07-14,0.1227
2006-07-13,0.1227
2006-07-12,0.1226
2006-07-11,0.1225
2006-07-10,0.1224
2006-07-07,0.1224
2006-07-06,0.1223
2006-07-05,0.1221
2006-07-03,0.1220
2006-06-30,0.1219
2006-06-29,0.1218
2006-06-28,0.1216
2006-06-27,0.1215
2006-06-26,0.1213
2006-06-23,0.1212
2006-06-22,0.1210
2006-06-21,0.1208
2006-06-20,0.1207
2006-06-19,0.1205
2006-06-16,0.1203
2006-06-15,0.1201
2006-06-14,0.1200
2006-06-13,0.1198
2006-06-12,0.1196
2006-06-09,0.1194
2006-06-08,0.1192
2006-06-07,0.1190
2006-06-06,0.1188
2006-06-05,0.1186
2006-06-02,0.1183
2006-06-01,0.1181
2006-05-31,0.1178
2006-05-30,0.1176
2006-05-26,0.1173
2006-05-25,0.1171
2006-05-24,0.1168
2006-05-23,0.1166
2006-05-22,0.1163
2006-05-19,0.1161
2006-05-18,0.1158
2006-05-17,0.1155
2006-05-16,0.1153
2006-05-15,0.1150
2006-05-12,0.1148
2006-05-11,0.1145
2006-05-10,0.1143
2006-05-09,0.1140
2006-05-08,0.1138
2006-05-05,0.1136
2006-05-04,0.1134
2006-05-03,0.1132
2006-05-02,0.1130
2006-05-01,0.1128
2006-04-28,0.1126
2006-04-27,0.1125
2006-04-26,0.1123
2006-04-25,0.1122
2006-04-24,0.1120
2006-04-21,0.1119
2006-04-20,0.1118
2006-04-19,0.1117
2006-04-18,0.1116
2006-04-17,0.1115
2006-04-13,0.1114
2006-04-12,0.1113
2006-04-11,0.1113
2006-04-10,0.1112
2006-04-07,0.1112
2006-04-06,0.1112
2006-04-05,0.1111
2006-04-04,0.1111
2006-04-03,0.1111
2006-03-31,0.1111
2006-03-30,0.1111
2006-03-29,0.1111
2006-03-28,0.1111
2006-03-27,0.1111
2006-03-24,0.1111
2006-03-23,0.1111
2006-03-22,0.1112
2006-03-21,0.1112
2006-03-20,0.1113
2006-03-17,0.1113
2006-03-16,0.1114
2006-03-15,0.1114
2006-03-14,0.1115
2006-03-13,0.1116
2006-03-10,0.1117
2006-03-09,0.1118
2006-03-08,0.1119
2006-03-07,0.1119
2006-03-06,0.1120
2006-03-03,0.1121
2006-03-02,0.1122
2006-03-01,0.1123
2006-02-28,0.1124
2006-02-27,0.1125
2006-02-24,0.1126
2006-02-23,0.1127
2006-02-22,0.1128
2006-02-21,0.1129
2006-02-17,0.1131
2006-02-16,0.1132
2006-02-15,0.1133
2006-02-14,0.1134
2006-02-13,0.1136
2006-02-10,0.1137
2006-02-09,0.1138
2006-02-08,0.1140
2006-02-07,0.1141
2006-02-06,0.1143
2006-02-03,0.1144
2006-02-02,0.1145
2006-02-01,0.1147
2006-01-31,0.1148
2006-01-30,0.1150
2006-01-27,0.1151
2006-01-26,0.1153
2006-01-25,0.1154
2006-01-24,0.1155
2006-01-23,0.1157
2006-01-20,0.1158
2006-01-19,0.1159
2006-01-18,0.1160
2006-01-17,0.1161
2006-01-13,0.1162
2006-01-12,0.1163
2006-01-11,0.1164
2006-01-10,0.1164
2006-01-09,0.1165
2006-01-06,0.1166
2006-01-05,0.1167
2006-01-04,0.1168
2006-01-03,0.1168
2005-12-30,0.1169
2005-12-29,0.1170
2005-12-28,0.1171
2005-12-27,0.1171
2005-12-23,0.1172
2005-12-22,0.1173
2005-12-21,0.1174
2005-12-20,0.1174
2005-12-19,0.1175
2005-12-16,0.1176
2005-12-15,0.1177
2005-12-14,0.1178
2005-12-13,0.1179
2005-12-12,0.1180
2005-12-09,0.1181
2005-12-08,0.1182
2005-12-07,0.1182
2005-12-06,0.1183
2005-12-05,0.1184
2005-12-02,0.1185
2005-12-01,0.1186
2005-11-30,0.1188
2005-11-29,0.1189
2005-11-28,0.1190
2005-11-25,0.1191
2005-11-23,0.1192
2005-11-22,0.1193
2005-11-21,0.1194
2005-11-18,0.1195
2005-11-17,0.1196
2005-11-16,0.1197
2005-11-15,0.1198
2005-11-14,0.1199
2005-11-11,0.1200
2005-11-10,0.1201
2005-11-09,0.1202
2005-11-08,0.1203
2005-11-07,0.1204
2005-11-04,0.1205
2005-11-03,0.1206
2005-11-02,0.1206
2005-11-01,0.1207
2005-10-31,0.1207
2005-10-28,0.1208
2005-10-27,0.1208
2005-10-26,0.1209
2005-10-25,0.1209
2005-10-24,0.1209
2005-10-21,0.1209
2005-10-20,0.1209
2005-10-19,0.1209
2005-10-18,0.1209
2005-10-17,0.1209
2005-10-14,0.1209
2005-10-13,0.1209
2005-10-12,0.1209
2005-10-11,0.1209
2005-10-10,0.1209
2005-10-07,0.1209
2005-10-06,0.1209
2005-10-05,0.1208
2005-10-04,0.1208
2005-10-03,0.1208
2005-09-30,0.1208
2005-09-29,0.1207
2005-09-28,0.1207
2005-09-27,0.1207
2005-09-26,0.1207
2005-09-23,0.1206
2005-09-22,0.1206
2005-09-21,0.1206
2005-09-20,0.1205
2005-09-19,0.1204
2005-09-16,0.1204
2005-09-15,0.1203
2005-09-14,0.1202
2005-09-13,0.1201
2005-09-12,0.1200
2005-09-09,0.1199
2005-09-08,0.1197
2005-09-07,0.1196
2005-09-06,0.1195
2005-09-02,0.1193
2005-09-01,0.1192
2005-08-31,0.1190
2005-08-30,0.1189
2005-08-29,0.1187
2005-08-26,0.1185
2005-08-25,0.1184
2005-08-24,0.1182
2005-08-23,0.1180
2005-08-22,0.1179
2005-08-19,0.1177
2005-08-18,0.1175
2005-08-17,0.1174
2005-08-16,0.1172
2005-08-15,0.1170
2005-08-12,0.1168
2005-08-11,0.1167
2005-08-10,0.1165
2005-08-09,0.1163
2005-08-08,0.1162
2005-08-05,0.1160
2005-08-04,0.1158
2005-08-03,0.1156
2005-08-02,0.1155
2005-08-01,0.1153
2005-07-29,0.1151
2005-07-28,0.1149
2005-07-27,0.1148
2005-07-26,0.1146
2005-07-25,0.1144
2005-07-22,0.1142
2005-07-21,0.1141
2005-07-20,0.1139
2005-07-19,0.1137
2005-07-18,0.1136
2005-07-15,0.1134
2005-07-14,0.1132
2005-07-13,0.1131
2005-07-12,0.1129
2005-07-11,0.1127
2005-07-08,0.1125
2005-07-07,0.1124
2005-07-06,0.1122
2005-07-05,0.1120
2005-07-01,0.1119
2005-06-30,0.1117
2005-06-29,0.1116
2005-06-28,0.1114
2005-06-27,0.1112
2005-06-24,0.1111
2005-06-23,0.1109
2005-06-22,0.1108
2005-06-21,0.1106
2005-06-20,0.1104
2005-06-17,0.1102
2005-06-16,0.1100
2005-06-15,0.1099
2005-06-14,0.1097
2005-06-13,0.1095
2005-06-10,0.1094
2005-06-09,0.1092
2005-06-08,0.1090
2005-06-07,0.1089
2005-06-06,0.1088
2005-06-03,0.1086
2005-06-02,0.1085
2005-06-01,0.1084
2005-05-31,0.1083
2005-05-27,0.1081
2005-05-26,0.1080
2005-05-25,0.1079
2005-05-24,0.1079
2005-05-23,0.1078
2005-05-20,0.1077
2005-05-19,0.1076
2005-05-18,0.1075
2005-05-17,0.1075
2005-05-16,0.1074
2005-05-13,0.1073
2005-05-12,0.1073
2005-05-11,0.1072
2005-05-10,0.1072
2005-05-09,0.1071
2005-05-06,0.1070
2005-05-05,0.1070
2005-05-04,0.1070
2005-05-03,0.1069
2005-05-02,0.1069
2005-04-29,0.1068
2005-04-28,0.1068
2005-04-27,0.1068
2005-04-26,0.1067
2005-04-25,0.1067
2005-04-22,0.1067
2005-04-21,0.1066
2005-04-20,0.1066
2005-04-19,0.1066
2005-04-18,0.1066
2005-04-15,0.1066
2005-04-14,0.1065
2005-04-13,0.1065
2005-04-12,0.1065
2005-04-11,0.1064
2005-04-08,0.1064
2005-04-07,0.1064
2005-04-06,0.1064
2005-04-05,0.1064
2005-04-04,0.1064
2005-04-01,0.1064
2005-03-31,0.1064
2005-03-30,0.1064
2005-03-29,0.1064
2005-03-28,0.1064
2005-03-24,0.1064
2005-03-23,0.1064
2005-03-22,0.1065
2005-03-21,0.1065
2005-03-18,0.1065
2005-03-17,0.1065
2005-03-16,0.1066
2005-03-15,0.1066
2005-03-14,0.1066
2005-03-11,0.1067
2005-03-10,0.1067
2005-03-09,0.1068
2005-03-08,0.1068
2005-03-07,0.1069
2005-03-04,0.1070
2005-03-03,0.1071
2005-03-02,0.1072
2005-03-01,0.1073
2005-02-28,0.1074
2005-02-25,0.1075
2005-02-24,0.1076
2005-02-23,0.1077
2005-02-22,0.1078
2005-02-18,0.1079
2005-02-17,0.1080
2005-02-16,0.1081
2005-02-15,0.1082
2005-02-14,0.1083
2005-02-11,0.1084
2005-02-10,0.1085
2005-02-09,0.1086
2005-02-08,0.1087
2005-02-07,0.1088
2005-02-04,0.1089
2005-02-03,0.1090
2005-02-02,0.1091
2005-02-01,0.1092
2005-01-31,0.1093
2005-01-28,0.1094
2005-01-27,0.1095
2005-01-26,0.1095
2005-01-25,0.1096
2005-01-24,0.1096
2005-01-21,0.1097
2005-01-20,0.1097
2005-01-19,0.1097
2005-01-18,0.1097
2005-01-14,0.1097
2005-01-13,0.1097
2005-01-12,0.1096
2005-01-11,0.1096
2005-01-10,0.1096
2005-01-07,0.1095
2005-01-06,0.1095
2005-01-05,0.1094
2005-01-04,0.1093
2005-01-03,0.1092
2004-12-31,0.1091
2004-12-30,0.1090
2004-12-29,0.1088
2004-12-28,0.1087
2004-12-27,0.1086
2004-12-23,0.1084
2004-12-22,0.1082
2004-12-21,0.1081
2004-12-20,0.1079
2004-12-17,0.1077
2004-12-16,0.1076
2004-12-15,0.1074
2004-12-14,0.1072
2004-12-13,0.1070
2004-12-10,0.1068
2004-12-09,0.1066
2004-12-08,0.1063
2004-12-07,0.1061
2004-12-06,0.1059
2004-12-03,0.1056
2004-12-02,0.1054
2004-12-01,0.1052
2004-11-30,0.1049
2004-11-29,0.1047
2004-11-26,0.1044
2004-11-24,0.1042
2004-11-23,0.1039
2004-11-22,0.1037
2004-11-19,0.1034
2004-11-18,0.1032
2004-11-17,0.1029
2004-11-16,0.1027
2004-11-15,0.1024
2004-11-12,0.1021
2004-11-11,0.1019
2004-11-10,0.1016
2004-11-09,0.1014
2004-11-08,0.1011
2004-11-05,0.1009
2004-11-04,0.1006
2004-11-03,0.1003
2004-11-02,0.1000
2004-11-01,0.0997
2004-10-29,0.0994
2004-10-28,0.0991
2004-10-27,0.0988
2004-10-26,0.0985
2004-10-25,0.0981
2004-10-22,0.0978
2004-10-21,0.0974
2004-10-20,0.0970
2004-10-19,0.0966
2004-10-18,0.0962
2004-10-15,0.0957
2004-10-14,0.0953
2004-10-13,0.0949
2004-10-12,0.0944
2004-10-11,0.0939
2004-10-08,0.0934
2004-10-07,0.0929
2004-10-06,0.0924
2004-10-05,0.0919
2004-10-04,0.0914
2004-10-01,0.0908
2004-09-30,0.0903
2004-09-29,0.0897
2004-09-28,0.0892
2004-09-27,0.0886
2004-09-24,0.0880
2004-09-23,0.0874
2004-09-22,0.0868
2004-09-21,0.0863
2004-09-20,0.0857
2004-09-17,0.0851
2004-09-16,0.0845
2004-09-15,0.0839
2004-09-14,0.0833
2004-09-13,0.0827
2004-09-10,0.0822
2004-09-09,0.0816
2004-09-08,0.0810
2004-09-07,0.0804
2004-09-03,0.0799
2004-09-02,0.0793
2004-09-01,0.0787
2004-08-31,0.0782
2004-08-30,0.0776
2004-08-27,0.0770
2004-08-26,0.0765
2004-08-25,0.0759
2004-08-24,0.0753
2004-08-23,0.0748
2004-08-20,0.0742
2004-08-19,0.0736
2004-08-18,0.0731
2004-08-17,0.0725
2004-08-16,0.0719
2004-08-13,0.0713
2004-08-12,0.0708
2004-08-11,0.0702
2004-08-10,0.0696
2004-08-09,0.0690
2004-08-06,0.0684
2004-08-05,0.0678
2004-08-04,0.0672
2004-08-03,0.0666
2004-08-02,0.0660
2004-07-30,0.0654
2004-07-29,0.0648
2004-07-28,0.0642
2004-07-27,0.0636
2004-07-26,0.0629
2004-07-23,0.0623
2004-07-22,0.0617
2004-07-21,0.0611
2004-07-20,0.0604
2004-07-19,0.0598
2004-07-16,0.0591
2004-07-15,0.0585
2004-07-14,0.0578
2004-07-13,0.0572
2004-07-12,0.0565
2004-07-09,0.0558
2004-07-08,0.0552
2004-07-07,0.0545
2004-07-06,0.0539
2004-07-02,0.0532
2004-07-01,0.0526
2004-06-30,0.0519
2004-06-29,0.0513
2004-06-28,0.0506
2004-06-25,0.0500
2004-06-24,0.0494
2004-06-23,0.0488
2004-06-22,0.0482
2004-06-21,0.0475
2004-06-18,0.0470
2004-06-17,0.0464
2004-06-16,0.0458
2004-06-15,0.0452
2004-06-14,0.0446
2004-06-10,0.0441
2004-06-09,0.0435
2004-06-08,0.0430
2004-06-07,0.0425
2004-06-04,0.0419
2004-06-03,0.0414
2004-06-02,0.0409
2004-06-01,0.0404
2004-05-28,0.0399
2004-05-27,0.0394
2004-05-26,0.0388
2004-05-25,0.0383
2004-05-24,0.0378
2004-05-21,0.0373
2004-05-20,0.0368
2004-05-19,0.0363
2004-05-18,0.0358
2004-05-17,0.0353
2004-05-14,0.0347
2004-05-13,0.0342
2004-05-12,0.0337
2004-05-11,0.0331
2004-05-10,0.0326
2004-05-07,0.0321
2004-05-06,0.0315
2004-05-05,0.0309
2004-05-04,0.0304
2004-05-03,0.0298
2004-04-30,0.0293
2004-04-29,0.0287
2004-04-28,0.0281
2004-04-27,0.0275
2004-04-26,0.0270
2004-04-23,0.0264
2004-04-22,0.0258
2004-04-21,0.0252
2004-04-20,0.0246
2004-04-19,0.0240
2004-04-16,0.0234
2004-04-15,0.0228
2004-04-14,0.0222
2004-04-13,0.0215
2004-04-12,0.0209
2004-04-08,0.0203
2004-04-07,0.0196
2004-04-06,0.0189
2004-04-05,0.0183
2004-04-02,0.0176
2004-04-01,0.0169
2004-03-31,0.0162
2004-03-30,0.0155
2004-03-29,0.0148
2004-03-26,0.0141
2004-03-25,0.0134
2004-03-24,0.0127
2004-03-23,0.0119
2004-03-22,0.0111
2004-03-19,0.0103
2004-03-18,0.0096
2004-03-17,0.0087
2004-03-16,0.0079
2004-03-15,0.0071
2004-03-12,0.0062
2004-03-11,0.0053
2004-03-10,0.0045
2004-03-09,0.0036
2004-03-08,0.0027
2004-03-05,0.0017
2004-03-04,0.0008
2004-03-03,-0.0001
2004-03-02,-0.0010
2004-03-01,-0.0020
2004-02-27,-0.0029
2004-02-26,-0.0039
2004-02-25,-0.0048
2004-02-24,-0.0058
2004-02-23,-0.0067
2004-02-20,-0.0077
2004-02-19,-0.0086
2004-02-18,-0.0096
2004-02-17,-0.0106
2004-02-13,-0.0115
2004-02-12,-0.0125
2004-02-11,-0.0134
2004-02-10,-0.0143
2004-02-09,-0.0153
2004-02-06,-0.0162
2004-02-05,-0.0172
2004-02-04,-0.0181
2004-02-03,-0.0190
2004-02-02,-0.0200
2004-01-30,-0.0209
2004-01-29,-0.0218
2004-01-28,-0.0227
2004-01-27,-0.0237
2004-01-26,-0.0246
2004-01-23,-0.0255
2004-01-22,-0.0265
2004-01-21,-0.0274
2004-01-20,-0.0283
2004-01-16,-0.0292
2004-01-15,-0.0302
2004-01-14,-0.0311
2004-01-13,-0.0320
2004-01-12,-0.0329
2004-01-09,-0.0338
2004-01-08,-0.0347
2004-01-07,-0.0356
2004-01-06,-0.0364
2004-01-05,-0.0373
2004-01-02,-0.0382
2003-12-31,-0.0391
2003-12-30,-0.0399
2003-12-29,-0.0408
2003-12-26,-0.0416
2003-12-24,-0.0425
2003-12-23,-0.0433
2003-12-22,-0.0442
2003-12-19,-0.0450
2003-12-18,-0.0458
2003-12-17,-0.0466
2003-12-16,-0.0474
2003-12-15,-0.0482
2003-12-12,-0.0490
2003-12-11,-0.0498
2003-12-10,-0.0506
2003-12-09,-0.0514
2003-12-08,-0.0522
2003-12-05,-0.0530
2003-12-04,-0.0538
2003-12-03,-0.0546
2003-12-02,-0.0554
2003-12-01,-0.0561
2003-11-28,-0.0569
2003-11-26,-0.0577
2003-11-25,-0.0585
2003-11-24,-0.0593
2003-11-21,-0.0601
2003-11-20,-0.0608
2003-11-19,-0.0616
2003-11-18,-0.0624
2003-11-17,-0.0631
2003-11-14,-0.0639
2003-11-13,-0.0647
2003-11-12,-0.0654
2003-11-11,-0.0661
2003-11-10,-0.0669
2003-11-07,-0.0676
2003-11-06,-0.0683
2003-11-05,-0.0690
2003-11-04,-0.0697
2003-11-03,-0.0704
2003-10-31,-0.0711
2003-10-30,-0.0718
2003-10-29,-0.0725
2003-10-28,-0.0731
2003-10-27,-0.0738
2003-10-24,-0.0745
2003-10-23,-0.0751
2003-10-22,-0.0758
2003-10-21,-0.0764
2003-10-20,-0.0771
2003-10-17,-0.0777
2003-10-16,-0.0784
2003-10-15,-0.0790
2003-10-14,-0.0797
2003-10-13,-0.0803
2003-10-10,-0.0809
2003-10-09,-0.0815
2003-10-08,-0.0821
2003-10-07,-0.0827
2003-10-06,-0.0833
2003-10-03,-0.0839
2003-10-02,-0.0845
2003-10-01,-0.0851
2003-09-30,-0.0857
2003-09-29,-0.0863
2003-09-26,-0.0868
2003-09-25,-0.0874
2003-09-24,-0.0880
2003-09-23,-0.0886
2003-09-22,-0.0892
2003-09-19,-0.0897
2003-09-18,-0.0903
2003-09-17,-0.0909
2003-09-16,-0.0914
2003-09-15,-0.0920
2003-09-12,-0.0925
2003-09-11,-0.0931
2003-09-10,-0.0936
2003-09-09,-0.0942
2003-09-08,-0.0947
2003-09-05,-0.0952
2003-09-04,-0.0957
2003-09-03,-0.0962
2003-09-02,-0.0967
2003-08-29,-0.0972
2003-08-28,-0.0976
2003-08-27,-0.0980
2003-08-26,-0.0985
2003-08-25,-0.0989
2003-08-22,-0.0993
2003-08-21,-0.0997
2003-08-20,-0.1001
2003-08-19,-0.1005
2003-08-18,-0.1008
2003-08-15,-0.1012
2003-08-14,-0.1016
2003-08-13,-0.1019
2003-08-12,-0.1023
2003-08-11,-0.1026
2003-08-08,-0.1029
2003-08-07,-0.1033
2003-08-06,-0.1036
2003-08-05,-0.1039
2003-08-04,-0.1043
2003-08-01,-0.1046
2003-07-31,-0.1049
2003-07-30,-0.1053
2003-07-29,-0.1056
2003-07-28,-0.1059
2003-07-25,-0.1062
2003-07-24,-0.1065
2003-07-23,-0.1069
2003-07-22,-0.1072
2003-07-21,-0.1075
2003-07-18,-0.1078
2003-07-17,-0.1080
2003-07-16,-0.1083
2003-07-15,-0.1086
2003-07-14,-0.1089
2003-07-11,-0.1091
2003-07-10,-0.1094
2003-07-09,-0.1096
2003-07-08,-0.1099
2003-07-07,-0.1101
2003-07-03,-0.1103
2003-07-02,-0.1105
2003-07-01,-0.1107
2003-06-30,-0.1108
2003-06-27,-0.1110
2003-06-26,-0.1111
2003-06-25,-0.1113
2003-06-24,-0.1114
2003-06-23,-0.1115
2003-06-20,-0.1116
2003-06-19,-0.1117
2003-06-18,-0.1117
2003-06-17,-0.1118
2003-06-16,-0.1118
2003-06-13,-0.1118
2003-06-12,-0.1118
2003-06-11,-0.1118
2003-06-10,-0.1117
2003-06-09,-0.1116
2003-06-06,-0.1115
2003-06-05,-0.1114
2003-06-04,-0.1113
2003-06-03,-0.1112
2003-06-02,-0.1110
2003-05-30,-0.1108
2003-05-29,-0.1107
2003-05-28,-0.1105
2003-05-27,-0.1103
2003-05-23,-0.1101
2003-05-22,-0.1098
2003-05-21,-0.1096
2003-05-20,-0.1094
2003-05-19,-0.1091
2003-05-16,-0.1089
2003-05-15,-0.1086
2003-05-14,-0.1084
2003-05-13,-0.1081
2003-05-12,-0.1078
2003-05-09,-0.1075
2003-05-08,-0.1072
2003-05-07,-0.1069
2003-05-06,-0.1066
2003-05-05,-0.1063
2003-05-02,-0.1059
2003-05-01,-0.1056
2003-04-30,-0.1053
2003-04-29,-0.1049
2003-04-28,-0.1046
2003-04-25,-0.1043
2003-04-24,-0.1039
2003-04-23,-0.1036
2003-04-22,-0.1032
2003-04-21,-0.1029
2003-04-17,-0.1025
2003-04-16,-0.1022
2003-04-15,-0.1018
2003-04-14,-0.1015
2003-04-11,-0.1011
2003-04-10,-0.1007
2003-04-09,-0.1004
2003-04-08,-0.1000
2003-04-07,-0.0996
2003-04-04,-0.0993
2003-04-03,-0.0989
2003-04-02,-0.0985
2003-04-01,-0.0982
2003-03-31,-0.0978
2003-03-28,-0.0975
2003-03-27,-0.0971
2003-03-26,-0.0968
2003-03-25,-0.0964
2003-03-24,-0.0961
2003-03-21,-0.0957
2003-03-20,-0.0954
2003-03-19,-0.0950
2003-03-18,-0.0947
2003-03-17,-0.0943
2003-03-14,-0.0940
2003-03-13,-0.0936
2003-03-12,-0.0933
2003-03-11,-0.0930
2003-03-10,-0.0927
2003-03-07,-0.0923
2003-03-06,-0.0920
2003-03-05,-0.0917
2003-03-04,-0.0914
2003-03-03,-0.0912
2003-02-28,-0.0909
2003-02-27,-0.0906
2003-02-26,-0.0903
2003-02-25,-0.0901
2003-02-24,-0.0898
2003-02-21,-0.0895
2003-02-20,-0.0893
2003-02-19,-0.0890
2003-02-18,-0.0888
2003-02-14,-0.0885
2003-02-13,-0.0882
2003-02-12,-0.0880
2003-02-11,-0.0877
2003-02-10,-0.0875
2003-02-07,-0.0872
2003-02-06,-0.0870
2003-02-05,-0.0867
2003-02-04,-0.0865
2003-02-03,-0.0862
2003-01-31,-0.0860
2003-01-30,-0.0857
2003-01-29,-0.0855
2003-01-28,-0.0852
2003-01-27,-0.0850
2003-01-24,-0.0847
2003-01-23,-0.0845
2003-01-22,-0.0842
2003-01-21,-0.0840
2003-01-17,-0.0837
2003-01-16,-0.0835
2003-01-15,-0.0832
2003-01-14,-0.0829
2003-01-13,-0.0827
2003-01-10,-0.0824
2003-01-09,-0.0821
2003-01-08,-0.0818
2003-01-07,-0.0815
2003-01-06,-0.0812
2003-01-03,-0.0809
2003-01-02,-0.0806
2002-12-31,-0.0803
2002-12-30,-0.0800
2002-12-27,-0.0797
2002-12-26,-0.0793
2002-12-24,-0.0790
2002-12-23,-0.0787
2002-12-20,-0.0783
2002-12-19,-0.0780
2002-12-18,-0.0777
2002-12-17,-0.0773
2002-12-16,-0.0770
2002-12-13,-0.0766
2002-12-12,-0.0763
2002-12-11,-0.0759
2002-12-10,-0.0756
2002-12-09,-0.0752
2002-12-06,-0.0749
2002-12-05,-0.0745
2002-12-04,-0.0742
2002-12-03,-0.0738
2002-12-02,-0.0735
2002-11-29,-0.0731
2002-11-27,-0.0727
2002-11-26,-0.0724
2002-11-25,-0.0720
2002-11-22,-0.0716
2002-11-21,-0.0712
2002-11-20,-0.0708
2002-11-19,-0.0704
2002-11-18,-0.0700
2002-11-15,-0.0696
2002-11-14,-0.0693
2002-11-13,-0.0689
2002-11-12,-0.0685
2002-11-11,-0.0681
2002-11-08,-0.0677
2002-11-07,-0.0674
2002-11-06,-0.0670
2002-11-05,-0.0666
2002-11-04,-0.0662
2002-11-01,-0.0659
2002-10-31,-0.0655
2002-10-30,-0.0651
2002-10-29,-0.0648
2002-10-28,-0.0645
2002-10-25,-0.0641
2002-10-24,-0.0638
2002-10-23,-0.0635
2002-10-22,-0.0632
2002-10-21,-0.0629
2002-10-18,-0.0626
2002-10-17,-0.0624
2002-10-16,-0.0621
2002-10-15,-0.0619
2002-10-14,-0.0616
2002-10-11,-0.0614
2002-10-10,-0.0612
2002-10-09,-0.0610
2002-10-08,-0.0608
2002-10-07,-0.0606
2002-10-04,-0.0604
2002-10-03,-0.0603
2002-10-02,-0.0601
2002-10-01,-0.0600
2002-09-30,-0.0598
2002-09-27,-0.0597
2002-09-26,-0.0596
2002-09-25,-0.0595
2002-09-24,-0.0594
2002-09-23,-0.0592
2002-09-20,-0.0591
2002-09-19,-0.0591
2002-09-18,-0.0590
2002-09-17,-0.0589
2002-09-16,-0.0588
2002-09-13,-0.0587
2002-09-12,-0.0587
2002-09-11,-0.0586
2002-09-10,-0.0585
2002-09-09,-0.0585
2002-09-06,-0.0584
2002-09-05,-0.0584
2002-09-04,-0.0584
2002-09-03,-0.0583
2002-08-30,-0.0583
2002-08-29,-0.0583
2002-08-28,-0.0583
2002-08-27,-0.0583
2002-08-26,-0.0583
2002-08-23,-0.0583
2002-08-22,-0.0583
2002-08-21,-0.0583
2002-08-20,-0.0584
2002-08-19,-0.0584
2002-08-16,-0.0584
2002-08-15,-0.0585
2002-08-14,-0.0585
2002-08-13,-0.0586
2002-08-12,-0.0587
2002-08-09,-0.0588
2002-08-08,-0.0589
2002-08-07,-0.0589
2002-08-06,-0.0590
2002-08-05,-0.0591
2002-08-02,-0.0592
2002-08-01,-0.0593
2002-07-31,-0.0594
2002-07-30,-0.0595
2002-07-29,-0.0597
2002-07-26,-0.0598
2002-07-25,-0.0599
2002-07-24,-0.0600
2002-07-23,-0.0601
2002-07-22,-0.0602
2002-07-19,-0.0604
2002-07-18,-0.0605
2002-07-17,-0.0606
2002-07-16,-0.0608
2002-07-15,-0.0609
2002-07-12,-0.0611
2002-07-11,-0.0612
2002-07-10,-0.0614
2002-07-09,-0.0616
2002-07-08,-0.0617
2002-07-05,-0.0619
2002-07-03,-0.0621
2002-07-02,-0.0622
2002-07-01,-0.0624
2002-06-28,-0.0626
2002-06-27,-0.0627
2002-06-26,-0.0629
2002-06-25,-0.0630
2002-06-24,-0.0632
2002-06-21,-0.0633
2002-06-20,-0.0635
2002-06-19,-0.0636
2002-06-18,-0.0638
2002-06-17,-0.0639
2002-06-14,-0.0641
2002-06-13,-0.0642
2002-06-12,-0.0644
2002-06-11,-0.0645
2002-06-10,-0.0647
2002-06-07,-0.0648
2002-06-06,-0.0650
2002-06-05,-0.0651
2002-06-04,-0.0653
2002-06-03,-0.0654
2002-05-31,-0.0656
2002-05-30,-0.0657
2002-05-29,-0.0659
2002-05-28,-0.0661
2002-05-24,-0.0662
2002-05-23,-0.0664
2002-05-22,-0.0665
2002-05-21,-0.0667
2002-05-20,-0.0669
2002-05-17,-0.0670
2002-05-16,-0.0672
2002-05-15,-0.0673
2002-05-14,-0.0675
2002-05-13,-0.0676
2002-05-10,-0.0677
2002-05-09,-0.0679
2002-05-08,-0.0680
2002-05-07,-0.0681
2002-05-06,-0.0683
2002-05-03,-0.0684
2002-05-02,-0.0685
2002-05-01,-0.0687
2002-04-30,-0.0688
2002-04-29,-0.0689
2002-04-26,-0.0690
2002-04-25,-0.0691
2002-04-24,-0.0693
2002-04-23,-0.0694
2002-04-22,-0.0695
2002-04-19,-0.0696
2002-04-18,-0.0697
2002-04-17,-0.0699
2002-04-16,-0.0700
2002-04-15,-0.0701
2002-04-12,-0.0702
2002-04-11,-0.0703
2002-04-10,-0.0704
2002-04-09,-0.0705
2002-04-08,-0.0706
2002-04-05,-0.0706
2002-04-04,-0.0706
2002-04-03,-0.0707
2002-04-02,-0.0707
2002-04-01,-0.0707
2002-03-28,-0.0707
2002-03-27,-0.0707
2002-03-26,-0.0706
2002-03-25,-0.0706
2002-03-22,-0.0705
